case,structure,model_family,model_seed,seed,time_ps,msd_total_a2,msd_xy_a2,msd_z_a2
A_Perfect,A_Perfect,finetuned_reference,,20260427,0.0,3.1554436e-30,3.1554436e-30,0.0
A_Perfect,A_Perfect,finetuned_reference,,20260427,5.0,1.0791769,0.31482362799999997,0.7643533
A_Perfect,A_Perfect,finetuned_reference,,20260427,10.0,0.27372484,0.128712038,0.1450128
A_Perfect,A_Perfect,finetuned_reference,,20260427,15.0,1.3052613,0.49718363,0.80807771
A_Perfect,A_Perfect,finetuned_reference,,20260427,20.0,1.7198133,1.0782827799999999,0.64153053
A_Perfect,A_Perfect,finetuned_reference,,20260427,25.0,18.272359,14.8700256,3.4023334
A_Perfect,A_Perfect,finetuned_reference,,20260427,30.0,21.890214,18.2369776,3.6532367
A_Perfect,A_Perfect,finetuned_reference,,20260427,35.0,21.157493,20.2757263,0.88176663
A_Perfect,A_Perfect,finetuned_reference,,20260427,40.0,35.682542,35.359064000000004,0.32347783
A_Perfect,A_Perfect,finetuned_reference,,20260427,45.0,26.875585,25.666404,1.2091805
A_Perfect,A_Perfect,finetuned_reference,,20260427,50.0,69.1078,67.021896,2.0859033
A_Perfect,A_Perfect,finetuned_reference,,20260427,55.0,90.028213,87.758897,2.2693161
A_Perfect,A_Perfect,finetuned_reference,,20260427,60.0,93.974929,92.93696200000001,1.0379671
A_Perfect,A_Perfect,finetuned_reference,,20260427,65.0,92.566363,91.764897,0.80146622
A_Perfect,A_Perfect,finetuned_reference,,20260427,70.0,96.199337,95.025599,1.1737367
A_Perfect,A_Perfect,finetuned_reference,,20260427,75.0,103.90953,102.67698,1.2325507
A_Perfect,A_Perfect,finetuned_reference,,20260427,80.0,103.95404,103.360814,0.59322838
A_Perfect,A_Perfect,finetuned_reference,,20260427,85.0,102.21806,101.745287,0.47277008
A_Perfect,A_Perfect,finetuned_reference,,20260427,90.0,109.24853,108.280053,0.96847971
A_Perfect,A_Perfect,finetuned_reference,,20260427,95.0,104.53655,103.176236,1.3603128
A_Perfect,A_Perfect,finetuned_reference,,20260427,100.0,102.79906,101.77151500000001,1.0275415
A_Perfect,A_Perfect,finetuned_reference,,20260427,105.0,104.85968,103.840922,1.0187608
A_Perfect,A_Perfect,finetuned_reference,,20260427,110.0,109.88496,108.995664,0.88929817
A_Perfect,A_Perfect,finetuned_reference,,20260427,115.0,107.15184,106.442764,0.70907843
A_Perfect,A_Perfect,finetuned_reference,,20260427,120.0,106.13182,104.844578,1.2872438
A_Perfect,A_Perfect,finetuned_reference,,20260427,125.0,105.60114,104.580996,1.0201476
A_Perfect,A_Perfect,finetuned_reference,,20260427,130.0,81.758763,79.98938000000001,1.7693832
A_Perfect,A_Perfect,finetuned_reference,,20260427,135.0,78.926058,77.86207,1.0639879
A_Perfect,A_Perfect,finetuned_reference,,20260427,140.0,80.082958,78.392985,1.6899739
A_Perfect,A_Perfect,finetuned_reference,,20260427,145.0,79.924965,78.860498,1.0644664
A_Perfect,A_Perfect,finetuned_reference,,20260427,150.0,79.246296,77.739125,1.5071703
A_Perfect,A_Perfect,finetuned_reference,,20260427,155.0,80.992739,79.5513004,1.4414389
A_Perfect,A_Perfect,finetuned_reference,,20260427,160.0,78.518106,77.3099999,1.2081061
A_Perfect,A_Perfect,finetuned_reference,,20260427,165.0,71.194765,70.4973237,0.69744128
A_Perfect,A_Perfect,finetuned_reference,,20260427,170.0,73.707091,72.5554204,1.1516702
A_Perfect,A_Perfect,finetuned_reference,,20260427,175.0,72.769357,71.7100145,1.0593427
A_Perfect,A_Perfect,finetuned_reference,,20260427,180.0,73.099998,72.0624224,1.0375754
A_Perfect,A_Perfect,finetuned_reference,,20260427,185.0,56.392185,55.345300200000004,1.0468854
A_Perfect,A_Perfect,finetuned_reference,,20260427,190.0,59.993733,58.5937286,1.4000037
A_Perfect,A_Perfect,finetuned_reference,,20260427,195.0,57.918282,56.973628399999996,0.94465371
A_Perfect,A_Perfect,finetuned_reference,,20260427,200.0,59.193858,57.982198499999996,1.2116594
A_Perfect,A_Perfect,finetuned_reference,,20260427,205.0,59.236039,58.014546499999994,1.221492
A_Perfect,A_Perfect,finetuned_reference,,20260427,210.0,72.313747,71.33776,0.97598701
A_Perfect,A_Perfect,finetuned_reference,,20260427,215.0,58.231011,57.2301254,1.0008859
A_Perfect,A_Perfect,finetuned_reference,,20260427,220.0,69.644389,68.2851043,1.3592846
A_Perfect,A_Perfect,finetuned_reference,,20260427,225.0,68.786415,67.8263806,0.96003443
A_Perfect,A_Perfect,finetuned_reference,,20260427,230.0,60.24196,59.514639,0.72732058
A_Perfect,A_Perfect,finetuned_reference,,20260427,235.0,59.588843,58.0598714,1.5289716
A_Perfect,A_Perfect,finetuned_reference,,20260427,240.0,59.904975,58.573713,1.3312616
A_Perfect,A_Perfect,finetuned_reference,,20260427,245.0,72.363326,71.49025,0.87307504
A_Perfect,A_Perfect,finetuned_reference,,20260427,250.0,71.742604,70.584343,1.1582602
A_Perfect,A_Perfect,finetuned_reference,,20260427,255.0,72.210459,71.23884699999999,0.97161167
A_Perfect,A_Perfect,finetuned_reference,,20260427,260.0,74.777991,73.731067,1.0469246
A_Perfect,A_Perfect,finetuned_reference,,20260427,265.0,76.472624,75.700944,0.77168054
A_Perfect,A_Perfect,finetuned_reference,,20260427,270.0,73.134729,72.23371399999999,0.90101576
A_Perfect,A_Perfect,finetuned_reference,,20260427,275.0,73.060862,72.286607,0.77425524
A_Perfect,A_Perfect,finetuned_reference,,20260427,280.0,56.873958,55.447576,1.426383
A_Perfect,A_Perfect,finetuned_reference,,20260427,285.0,63.05281,62.201119,0.8516903
A_Perfect,A_Perfect,finetuned_reference,,20260427,290.0,62.433577,61.101191,1.332386
A_Perfect,A_Perfect,finetuned_reference,,20260427,295.0,88.172867,87.277599,0.8952677
A_Perfect,A_Perfect,finetuned_reference,,20260427,300.0,97.1657,96.154307,1.0113929
A_Perfect,A_Perfect,finetuned_reference,,20260427,305.0,93.816566,92.86184399999999,0.95472209
A_Perfect,A_Perfect,finetuned_reference,,20260427,310.0,90.694126,89.55597399999999,1.1381523
A_Perfect,A_Perfect,finetuned_reference,,20260427,315.0,92.483265,91.232299,1.2509662
A_Perfect,A_Perfect,finetuned_reference,,20260427,320.0,92.068271,91.061206,1.0070653
A_Perfect,A_Perfect,finetuned_reference,,20260427,325.0,91.218037,89.835326,1.3827109
A_Perfect,A_Perfect,finetuned_reference,,20260427,330.0,93.044693,91.888641,1.1560526
A_Perfect,A_Perfect,finetuned_reference,,20260427,335.0,89.744867,88.59262799999999,1.1522387
A_Perfect,A_Perfect,finetuned_reference,,20260427,340.0,90.38478,89.40531999999999,0.97946078
A_Perfect,A_Perfect,finetuned_reference,,20260427,345.0,95.651806,94.21372099999999,1.4380845
A_Perfect,A_Perfect,finetuned_reference,,20260427,350.0,94.217649,92.904356,1.3132929
A_Perfect,A_Perfect,finetuned_reference,,20260427,355.0,90.481841,89.334828,1.1470137
A_Perfect,A_Perfect,finetuned_reference,,20260427,360.0,95.42771,94.430577,0.99713403
A_Perfect,A_Perfect,finetuned_reference,,20260427,365.0,100.2,99.380037,0.81995917
A_Perfect,A_Perfect,finetuned_reference,,20260427,370.0,100.80695,100.00236699999999,0.80458244
A_Perfect,A_Perfect,finetuned_reference,,20260427,375.0,98.595139,97.956551,0.63858864
A_Perfect,A_Perfect,finetuned_reference,,20260427,380.0,86.310248,85.458388,0.85185987
A_Perfect,A_Perfect,finetuned_reference,,20260427,385.0,79.294081,78.526764,0.76731728
A_Perfect,A_Perfect,finetuned_reference,,20260427,390.0,78.214216,77.311955,0.90226155
A_Perfect,A_Perfect,finetuned_reference,,20260427,395.0,75.416456,74.401574,1.0148817
A_Perfect,A_Perfect,finetuned_reference,,20260427,400.0,75.630955,74.377787,1.2531674
A_Perfect,A_Perfect,finetuned_reference,,20260427,405.0,79.673157,78.646753,1.0264043
A_Perfect,A_Perfect,finetuned_reference,,20260427,410.0,78.034853,77.069151,0.96570193
A_Perfect,A_Perfect,finetuned_reference,,20260427,415.0,76.146743,75.060271,1.0864719
A_Perfect,A_Perfect,finetuned_reference,,20260427,420.0,77.946053,76.781432,1.1646223
A_Perfect,A_Perfect,finetuned_reference,,20260427,425.0,83.647295,82.540808,1.1064875
A_Perfect,A_Perfect,finetuned_reference,,20260427,430.0,79.742471,79.02725799999999,0.71521255
A_Perfect,A_Perfect,finetuned_reference,,20260427,435.0,77.433031,76.897652,0.53537904
A_Perfect,A_Perfect,finetuned_reference,,20260427,440.0,74.665839,73.611836,1.0540034
A_Perfect,A_Perfect,finetuned_reference,,20260427,445.0,74.532903,73.256152,1.2767506
A_Perfect,A_Perfect,finetuned_reference,,20260427,450.0,84.866652,84.119187,0.74746469
A_Perfect,A_Perfect,finetuned_reference,,20260427,455.0,85.449897,84.596215,0.8536819
A_Perfect,A_Perfect,finetuned_reference,,20260427,460.0,87.347365,86.124323,1.2230409
A_Perfect,A_Perfect,finetuned_reference,,20260427,465.0,84.551002,83.396361,1.1546405
A_Perfect,A_Perfect,finetuned_reference,,20260427,470.0,83.745364,82.986719,0.75864435
A_Perfect,A_Perfect,finetuned_reference,,20260427,475.0,85.056609,84.403813,0.65279558
A_Perfect,A_Perfect,finetuned_reference,,20260427,480.0,85.047276,84.433607,0.61366919
A_Perfect,A_Perfect,finetuned_reference,,20260427,485.0,84.200341,83.82410200000001,0.3762392
A_Perfect,A_Perfect,finetuned_reference,,20260427,490.0,86.481422,85.704606,0.77681484
A_Perfect,A_Perfect,finetuned_reference,,20260427,495.0,85.702265,84.95833999999999,0.74392453
A_Perfect,A_Perfect,finetuned_reference,,20260427,500.0,89.985637,89.11330000000001,0.87233786
A_Perfect,A_Perfect,finetuned_reference,,20260428,0.0,2.5637979e-30,9.8607614e-31,1.5777218e-30
A_Perfect,A_Perfect,finetuned_reference,,20260428,5.0,1.7839339,0.934717684,0.84921624
A_Perfect,A_Perfect,finetuned_reference,,20260428,10.0,9.8768651,8.5828435,1.2940217
A_Perfect,A_Perfect,finetuned_reference,,20260428,15.0,22.131073,20.2217204,1.9093521
A_Perfect,A_Perfect,finetuned_reference,,20260428,20.0,30.961007,30.2949854,0.66602129
A_Perfect,A_Perfect,finetuned_reference,,20260428,25.0,28.604543,28.1649827,0.43955979
A_Perfect,A_Perfect,finetuned_reference,,20260428,30.0,41.885307,39.905449000000004,1.9798581
A_Perfect,A_Perfect,finetuned_reference,,20260428,35.0,53.509113,51.501646,2.0074672
A_Perfect,A_Perfect,finetuned_reference,,20260428,40.0,49.106732,48.634862999999996,0.4718688
A_Perfect,A_Perfect,finetuned_reference,,20260428,45.0,47.455475,46.724041,0.73143386
A_Perfect,A_Perfect,finetuned_reference,,20260428,50.0,64.740912,63.719895,1.021018
A_Perfect,A_Perfect,finetuned_reference,,20260428,55.0,64.937244,63.539733,1.3975111
A_Perfect,A_Perfect,finetuned_reference,,20260428,60.0,67.86932,66.596982,1.2723372
A_Perfect,A_Perfect,finetuned_reference,,20260428,65.0,67.652495,66.769604,0.88289034
A_Perfect,A_Perfect,finetuned_reference,,20260428,70.0,58.748786,58.116157,0.6326291
A_Perfect,A_Perfect,finetuned_reference,,20260428,75.0,59.706457,57.9944,1.7120576
A_Perfect,A_Perfect,finetuned_reference,,20260428,80.0,72.546688,72.040806,0.50588202
A_Perfect,A_Perfect,finetuned_reference,,20260428,85.0,71.567219,70.80743,0.75978877
A_Perfect,A_Perfect,finetuned_reference,,20260428,90.0,70.366344,70.035009,0.33133536
A_Perfect,A_Perfect,finetuned_reference,,20260428,95.0,57.454885,55.336957,2.1179287
A_Perfect,A_Perfect,finetuned_reference,,20260428,100.0,93.513232,91.824232,1.6889999
A_Perfect,A_Perfect,finetuned_reference,,20260428,105.0,95.225708,92.583015,2.6426924
A_Perfect,A_Perfect,finetuned_reference,,20260428,110.0,113.04868,112.039004,1.0096755
A_Perfect,A_Perfect,finetuned_reference,,20260428,115.0,108.9685,108.540468,0.42802789
A_Perfect,A_Perfect,finetuned_reference,,20260428,120.0,113.19593,112.13883799999999,1.0570924
A_Perfect,A_Perfect,finetuned_reference,,20260428,125.0,111.55687,110.725652,0.83121844
A_Perfect,A_Perfect,finetuned_reference,,20260428,130.0,116.60786,115.852445,0.7554146
A_Perfect,A_Perfect,finetuned_reference,,20260428,135.0,110.08662,109.424752,0.6618719
A_Perfect,A_Perfect,finetuned_reference,,20260428,140.0,111.68511,111.19629800000001,0.48881461
A_Perfect,A_Perfect,finetuned_reference,,20260428,145.0,117.09806,116.24308500000001,0.85497833
A_Perfect,A_Perfect,finetuned_reference,,20260428,150.0,127.4372,126.58387300000001,0.85332985
A_Perfect,A_Perfect,finetuned_reference,,20260428,155.0,121.59633,120.72672,0.86961309
A_Perfect,A_Perfect,finetuned_reference,,20260428,160.0,120.08182,118.508811,1.5730065
A_Perfect,A_Perfect,finetuned_reference,,20260428,165.0,114.48285,113.429287,1.0535674
A_Perfect,A_Perfect,finetuned_reference,,20260428,170.0,123.36345,122.57656599999999,0.78688623
A_Perfect,A_Perfect,finetuned_reference,,20260428,175.0,140.92404,140.03413799999998,0.8899058
A_Perfect,A_Perfect,finetuned_reference,,20260428,180.0,150.07645,149.642898,0.43355616
A_Perfect,A_Perfect,finetuned_reference,,20260428,185.0,153.4223,152.588051,0.8342478
A_Perfect,A_Perfect,finetuned_reference,,20260428,190.0,142.77514,142.688446,0.086696903
A_Perfect,A_Perfect,finetuned_reference,,20260428,195.0,146.58943,146.22580299999998,0.36362447
A_Perfect,A_Perfect,finetuned_reference,,20260428,200.0,146.63358,146.517807,0.11577665
A_Perfect,A_Perfect,finetuned_reference,,20260428,205.0,151.99541,151.582922,0.41248379
A_Perfect,A_Perfect,finetuned_reference,,20260428,210.0,149.99276,149.806524,0.18623446
A_Perfect,A_Perfect,finetuned_reference,,20260428,215.0,144.60883,144.3967,0.212125
A_Perfect,A_Perfect,finetuned_reference,,20260428,220.0,148.9868,148.675857,0.31094067
A_Perfect,A_Perfect,finetuned_reference,,20260428,225.0,144.71857,144.56554699999998,0.15302509
A_Perfect,A_Perfect,finetuned_reference,,20260428,230.0,153.04571,152.41836999999998,0.62733988
A_Perfect,A_Perfect,finetuned_reference,,20260428,235.0,152.13496,151.514354,0.62060201
A_Perfect,A_Perfect,finetuned_reference,,20260428,240.0,148.4051,148.233991,0.1711041
A_Perfect,A_Perfect,finetuned_reference,,20260428,245.0,143.39983,142.96822300000002,0.43160224
A_Perfect,A_Perfect,finetuned_reference,,20260428,250.0,146.92853,146.399812,0.5287171
A_Perfect,A_Perfect,finetuned_reference,,20260428,255.0,142.31797,141.96463699999998,0.3533353
A_Perfect,A_Perfect,finetuned_reference,,20260428,260.0,149.27519,148.91033099999999,0.36485722
A_Perfect,A_Perfect,finetuned_reference,,20260428,265.0,147.32048,146.695825,0.62465975
A_Perfect,A_Perfect,finetuned_reference,,20260428,270.0,139.32727,138.78242899999998,0.54483961
A_Perfect,A_Perfect,finetuned_reference,,20260428,275.0,144.18723,143.659989,0.5272462
A_Perfect,A_Perfect,finetuned_reference,,20260428,280.0,138.96708,138.888813,0.078269377
A_Perfect,A_Perfect,finetuned_reference,,20260428,285.0,137.59223,137.401337,0.19089116
A_Perfect,A_Perfect,finetuned_reference,,20260428,290.0,149.97417,149.911517,0.062654169
A_Perfect,A_Perfect,finetuned_reference,,20260428,295.0,149.20904,148.987323,0.22171329
A_Perfect,A_Perfect,finetuned_reference,,20260428,300.0,163.69069,163.444479,0.24620694
A_Perfect,A_Perfect,finetuned_reference,,20260428,305.0,140.68355,139.679454,1.0040948
A_Perfect,A_Perfect,finetuned_reference,,20260428,310.0,125.3167,124.90038999999999,0.41631179
A_Perfect,A_Perfect,finetuned_reference,,20260428,315.0,122.43445,121.37115800000001,1.0632945
A_Perfect,A_Perfect,finetuned_reference,,20260428,320.0,155.4057,155.173904,0.23180387
A_Perfect,A_Perfect,finetuned_reference,,20260428,325.0,132.27797,132.05930899999998,0.21865979
A_Perfect,A_Perfect,finetuned_reference,,20260428,330.0,132.32418,132.130482,0.19369438
A_Perfect,A_Perfect,finetuned_reference,,20260428,335.0,131.3765,131.200755,0.17574079
A_Perfect,A_Perfect,finetuned_reference,,20260428,340.0,144.75062,144.088671,0.66195087
A_Perfect,A_Perfect,finetuned_reference,,20260428,345.0,144.52798,144.02621,0.50176824
A_Perfect,A_Perfect,finetuned_reference,,20260428,350.0,130.51267,130.169721,0.34295068
A_Perfect,A_Perfect,finetuned_reference,,20260428,355.0,129.08229,128.765549,0.31673837
A_Perfect,A_Perfect,finetuned_reference,,20260428,360.0,128.63223,128.429893,0.20233166
A_Perfect,A_Perfect,finetuned_reference,,20260428,365.0,130.15037,129.786079,0.36428925
A_Perfect,A_Perfect,finetuned_reference,,20260428,370.0,131.61196,131.287588,0.3243678
A_Perfect,A_Perfect,finetuned_reference,,20260428,375.0,131.93653,131.740127,0.1964049
A_Perfect,A_Perfect,finetuned_reference,,20260428,380.0,126.11647,125.123051,0.99341767
A_Perfect,A_Perfect,finetuned_reference,,20260428,385.0,133.58015,133.146491,0.43365554
A_Perfect,A_Perfect,finetuned_reference,,20260428,390.0,130.98806,130.402611,0.58545309
A_Perfect,A_Perfect,finetuned_reference,,20260428,395.0,126.33193,125.596645,0.73528551
A_Perfect,A_Perfect,finetuned_reference,,20260428,400.0,130.07357,129.719324,0.35424266
A_Perfect,A_Perfect,finetuned_reference,,20260428,405.0,125.65829,125.15822299999999,0.50006642
A_Perfect,A_Perfect,finetuned_reference,,20260428,410.0,127.9892,127.348199,0.64100515
A_Perfect,A_Perfect,finetuned_reference,,20260428,415.0,129.56733,129.245764,0.32156235
A_Perfect,A_Perfect,finetuned_reference,,20260428,420.0,128.47837,128.13405799999998,0.34431429
A_Perfect,A_Perfect,finetuned_reference,,20260428,425.0,125.17964,124.75692699999999,0.42271375
A_Perfect,A_Perfect,finetuned_reference,,20260428,430.0,132.49471,132.11750999999998,0.3772039
A_Perfect,A_Perfect,finetuned_reference,,20260428,435.0,132.68028,132.21219299999998,0.46808706
A_Perfect,A_Perfect,finetuned_reference,,20260428,440.0,128.16468,127.60714100000001,0.55753442
A_Perfect,A_Perfect,finetuned_reference,,20260428,445.0,134.28182,134.05385,0.22796637
A_Perfect,A_Perfect,finetuned_reference,,20260428,450.0,126.23576,125.807338,0.42842497
A_Perfect,A_Perfect,finetuned_reference,,20260428,455.0,129.79987,129.260854,0.53901159
A_Perfect,A_Perfect,finetuned_reference,,20260428,460.0,130.29593,129.652678,0.64325312
A_Perfect,A_Perfect,finetuned_reference,,20260428,465.0,123.66724,123.419096,0.24814071
A_Perfect,A_Perfect,finetuned_reference,,20260428,470.0,131.78683,131.493932,0.29289643
A_Perfect,A_Perfect,finetuned_reference,,20260428,475.0,132.78536,132.2331,0.55225919
A_Perfect,A_Perfect,finetuned_reference,,20260428,480.0,127.87873,127.415469,0.46326033
A_Perfect,A_Perfect,finetuned_reference,,20260428,485.0,132.56904,132.110526,0.45851608
A_Perfect,A_Perfect,finetuned_reference,,20260428,490.0,129.02705,128.457222,0.56982418
A_Perfect,A_Perfect,finetuned_reference,,20260428,495.0,133.65011,133.395838,0.25427136
A_Perfect,A_Perfect,finetuned_reference,,20260428,500.0,126.72406,125.991432,0.73263099
A_Perfect,A_Perfect,finetuned_reference,,20260429,0.0,5.5220263e-30,5.52202631e-30,0.0
A_Perfect,A_Perfect,finetuned_reference,,20260429,5.0,3.285908,0.8084674,2.4774406
A_Perfect,A_Perfect,finetuned_reference,,20260429,10.0,3.7928439,1.0571792,2.7356647
A_Perfect,A_Perfect,finetuned_reference,,20260429,15.0,4.5119627,2.82890021,1.6830625
A_Perfect,A_Perfect,finetuned_reference,,20260429,20.0,5.2581125,4.7785116,0.4796009
A_Perfect,A_Perfect,finetuned_reference,,20260429,25.0,16.110643,16.0109848,0.099658345
A_Perfect,A_Perfect,finetuned_reference,,20260429,30.0,16.053955,15.763678599999999,0.29027624
A_Perfect,A_Perfect,finetuned_reference,,20260429,35.0,16.889358,16.1614748,0.72788287
A_Perfect,A_Perfect,finetuned_reference,,20260429,40.0,15.890323,15.462132400000002,0.42819043
A_Perfect,A_Perfect,finetuned_reference,,20260429,45.0,17.676343,17.544966,0.13137739
A_Perfect,A_Perfect,finetuned_reference,,20260429,50.0,35.308865,34.881875,0.4269894
A_Perfect,A_Perfect,finetuned_reference,,20260429,55.0,43.806158,43.7571,0.049058525
A_Perfect,A_Perfect,finetuned_reference,,20260429,60.0,43.564237,43.059,0.50523698
A_Perfect,A_Perfect,finetuned_reference,,20260429,65.0,45.604103,45.486782000000005,0.11732083
A_Perfect,A_Perfect,finetuned_reference,,20260429,70.0,42.766859,42.1891872,0.57767265
A_Perfect,A_Perfect,finetuned_reference,,20260429,75.0,47.753089,47.5079267,0.24516211
A_Perfect,A_Perfect,finetuned_reference,,20260429,80.0,48.858357,44.52401879999999,4.3343384
A_Perfect,A_Perfect,finetuned_reference,,20260429,85.0,44.716815,42.5384447,2.1783697
A_Perfect,A_Perfect,finetuned_reference,,20260429,90.0,48.469238,45.1340657,3.3351717
A_Perfect,A_Perfect,finetuned_reference,,20260429,95.0,42.652843,40.3811976,2.2716453
A_Perfect,A_Perfect,finetuned_reference,,20260429,100.0,48.245588,46.403824900000004,1.841763
A_Perfect,A_Perfect,finetuned_reference,,20260429,105.0,53.225357,51.5201906,1.7051661
A_Perfect,A_Perfect,finetuned_reference,,20260429,110.0,47.590888,45.5285709,2.0623178
A_Perfect,A_Perfect,finetuned_reference,,20260429,115.0,54.050895,51.9845693,2.066326
A_Perfect,A_Perfect,finetuned_reference,,20260429,120.0,56.369926,53.863777799999994,2.5061477
A_Perfect,A_Perfect,finetuned_reference,,20260429,125.0,61.059588,58.451395,2.6081938
A_Perfect,A_Perfect,finetuned_reference,,20260429,130.0,46.619794,44.511908399999996,2.1078858
A_Perfect,A_Perfect,finetuned_reference,,20260429,135.0,45.205655,42.5532055,2.6524491
A_Perfect,A_Perfect,finetuned_reference,,20260429,140.0,48.216433,46.0351728,2.1812602
A_Perfect,A_Perfect,finetuned_reference,,20260429,145.0,66.442903,65.7866849,0.65621782
A_Perfect,A_Perfect,finetuned_reference,,20260429,150.0,63.72176,62.8202236,0.90153576
A_Perfect,A_Perfect,finetuned_reference,,20260429,155.0,64.440914,63.593815,0.8470996
A_Perfect,A_Perfect,finetuned_reference,,20260429,160.0,65.707604,64.6961573,1.0114466
A_Perfect,A_Perfect,finetuned_reference,,20260429,165.0,64.059799,63.0299528,1.0298455
A_Perfect,A_Perfect,finetuned_reference,,20260429,170.0,64.970118,63.8964264,1.0736914
A_Perfect,A_Perfect,finetuned_reference,,20260429,175.0,66.761534,66.2210034,0.54053033
A_Perfect,A_Perfect,finetuned_reference,,20260429,180.0,65.185488,64.37605959999999,0.80942914
A_Perfect,A_Perfect,finetuned_reference,,20260429,185.0,66.060896,65.4667,0.59419533
A_Perfect,A_Perfect,finetuned_reference,,20260429,190.0,66.533775,65.89479539999999,0.638979
A_Perfect,A_Perfect,finetuned_reference,,20260429,195.0,66.883877,66.222584,0.66129229
A_Perfect,A_Perfect,finetuned_reference,,20260429,200.0,64.559343,64.1141592,0.44518375
A_Perfect,A_Perfect,finetuned_reference,,20260429,205.0,64.36447,63.1594077,1.2050618
A_Perfect,A_Perfect,finetuned_reference,,20260429,210.0,63.109387,61.6753922,1.4339949
A_Perfect,A_Perfect,finetuned_reference,,20260429,215.0,75.521307,75.23492300000001,0.28638442
A_Perfect,A_Perfect,finetuned_reference,,20260429,220.0,73.395721,73.018666,0.37705518
A_Perfect,A_Perfect,finetuned_reference,,20260429,225.0,75.313503,74.817868,0.49563495
A_Perfect,A_Perfect,finetuned_reference,,20260429,230.0,74.416282,73.726221,0.69006052
A_Perfect,A_Perfect,finetuned_reference,,20260429,235.0,76.667731,75.84955099999999,0.81818048
A_Perfect,A_Perfect,finetuned_reference,,20260429,240.0,76.318213,75.875969,0.44224342
A_Perfect,A_Perfect,finetuned_reference,,20260429,245.0,71.397657,70.95544699999999,0.44221051
A_Perfect,A_Perfect,finetuned_reference,,20260429,250.0,90.874117,90.363889,0.51022798
A_Perfect,A_Perfect,finetuned_reference,,20260429,255.0,93.275201,93.027889,0.24731205
A_Perfect,A_Perfect,finetuned_reference,,20260429,260.0,89.74181,89.188617,0.55319345
A_Perfect,A_Perfect,finetuned_reference,,20260429,265.0,89.727751,89.116579,0.61117095
A_Perfect,A_Perfect,finetuned_reference,,20260429,270.0,88.842054,88.23389900000001,0.60815508
A_Perfect,A_Perfect,finetuned_reference,,20260429,275.0,95.106018,94.767434,0.33858457
A_Perfect,A_Perfect,finetuned_reference,,20260429,280.0,90.823075,90.13935599999999,0.68371868
A_Perfect,A_Perfect,finetuned_reference,,20260429,285.0,92.961435,92.34902,0.6124152
A_Perfect,A_Perfect,finetuned_reference,,20260429,290.0,89.827862,89.102847,0.72501504
A_Perfect,A_Perfect,finetuned_reference,,20260429,295.0,87.927516,87.4170312,0.51048497
A_Perfect,A_Perfect,finetuned_reference,,20260429,300.0,85.99068,85.5374183,0.45326116
A_Perfect,A_Perfect,finetuned_reference,,20260429,305.0,84.555466,83.9619919,0.59347448
A_Perfect,A_Perfect,finetuned_reference,,20260429,310.0,84.380545,83.83770299999999,0.54284222
A_Perfect,A_Perfect,finetuned_reference,,20260429,315.0,85.839885,84.9717282,0.86815636
A_Perfect,A_Perfect,finetuned_reference,,20260429,320.0,86.610439,85.99652900000001,0.6139097
A_Perfect,A_Perfect,finetuned_reference,,20260429,325.0,88.458882,87.979804,0.47907763
A_Perfect,A_Perfect,finetuned_reference,,20260429,330.0,85.887816,84.57254,1.3152771
A_Perfect,A_Perfect,finetuned_reference,,20260429,335.0,88.160392,87.60398599999999,0.55640613
A_Perfect,A_Perfect,finetuned_reference,,20260429,340.0,86.153948,85.795298,0.35864977
A_Perfect,A_Perfect,finetuned_reference,,20260429,345.0,74.81841,74.44337709999999,0.37503316
A_Perfect,A_Perfect,finetuned_reference,,20260429,350.0,61.897559,61.4260231,0.47153565
A_Perfect,A_Perfect,finetuned_reference,,20260429,355.0,61.587024,61.137877,0.44914671
A_Perfect,A_Perfect,finetuned_reference,,20260429,360.0,63.556704,62.866837000000004,0.68986671
A_Perfect,A_Perfect,finetuned_reference,,20260429,365.0,61.436989,60.9595335,0.47745542
A_Perfect,A_Perfect,finetuned_reference,,20260429,370.0,64.965154,64.60860410000001,0.35654972
A_Perfect,A_Perfect,finetuned_reference,,20260429,375.0,66.356789,66.0755671,0.28122213
A_Perfect,A_Perfect,finetuned_reference,,20260429,380.0,63.570388,63.2469473,0.32344115
A_Perfect,A_Perfect,finetuned_reference,,20260429,385.0,66.263186,66.078836,0.18434999
A_Perfect,A_Perfect,finetuned_reference,,20260429,390.0,65.817026,65.513636,0.30338935
A_Perfect,A_Perfect,finetuned_reference,,20260429,395.0,66.483073,66.177821,0.30525171
A_Perfect,A_Perfect,finetuned_reference,,20260429,400.0,63.352415,62.971638999999996,0.38077605
A_Perfect,A_Perfect,finetuned_reference,,20260429,405.0,64.767164,64.22090899999999,0.54625608
A_Perfect,A_Perfect,finetuned_reference,,20260429,410.0,63.493807,63.298054,0.19575296
A_Perfect,A_Perfect,finetuned_reference,,20260429,415.0,66.489012,66.217141,0.27187076
A_Perfect,A_Perfect,finetuned_reference,,20260429,420.0,63.312332,62.945257,0.36707573
A_Perfect,A_Perfect,finetuned_reference,,20260429,425.0,68.827546,68.659929,0.16761646
A_Perfect,A_Perfect,finetuned_reference,,20260429,430.0,68.599139,68.21881400000001,0.38032505
A_Perfect,A_Perfect,finetuned_reference,,20260429,435.0,67.962961,67.632593,0.33036872
A_Perfect,A_Perfect,finetuned_reference,,20260429,440.0,66.791563,66.481992,0.30957068
A_Perfect,A_Perfect,finetuned_reference,,20260429,445.0,68.961292,68.359124,0.60216768
A_Perfect,A_Perfect,finetuned_reference,,20260429,450.0,67.429059,67.278689,0.1503703
A_Perfect,A_Perfect,finetuned_reference,,20260429,455.0,65.032276,64.73088200000001,0.30139367
A_Perfect,A_Perfect,finetuned_reference,,20260429,460.0,65.871097,65.331486,0.53961105
A_Perfect,A_Perfect,finetuned_reference,,20260429,465.0,66.934334,66.657922,0.27641222
A_Perfect,A_Perfect,finetuned_reference,,20260429,470.0,68.786686,67.929375,0.85731106
A_Perfect,A_Perfect,finetuned_reference,,20260429,475.0,66.446447,66.181494,0.26495324
A_Perfect,A_Perfect,finetuned_reference,,20260429,480.0,68.218413,67.921972,0.29644093
A_Perfect,A_Perfect,finetuned_reference,,20260429,485.0,66.528932,66.275271,0.25366074
A_Perfect,A_Perfect,finetuned_reference,,20260429,490.0,68.571209,68.416148,0.15506211
A_Perfect,A_Perfect,finetuned_reference,,20260429,495.0,67.490331,67.187512,0.3028197
A_Perfect,A_Perfect,finetuned_reference,,20260429,500.0,64.642598,64.515044,0.12755463
C_StoneWales,C_StoneWales,finetuned_reference,,20260427,0.0,4.7331654e-30,4.7331654e-30,0.0
C_StoneWales,C_StoneWales,finetuned_reference,,20260427,5.0,5.1308265,5.0277389,0.10308757
C_StoneWales,C_StoneWales,finetuned_reference,,20260427,10.0,8.3841741,8.3377994,0.046374692
C_StoneWales,C_StoneWales,finetuned_reference,,20260427,15.0,5.4805061,5.4687829,0.011723212
C_StoneWales,C_StoneWales,finetuned_reference,,20260427,20.0,5.4178611,5.4003727999999995,0.017488284
C_StoneWales,C_StoneWales,finetuned_reference,,20260427,25.0,3.9356883,3.9145099200000004,0.021178409
C_StoneWales,C_StoneWales,finetuned_reference,,20260427,30.0,5.321488,5.2022729000000005,0.11921506
C_StoneWales,C_StoneWales,finetuned_reference,,20260427,35.0,3.4654242,3.42266365,0.042760501
C_StoneWales,C_StoneWales,finetuned_reference,,20260427,40.0,6.0239967,5.9621953,0.061801347
C_StoneWales,C_StoneWales,finetuned_reference,,20260427,45.0,3.175559,3.13193945,0.043619534
C_StoneWales,C_StoneWales,finetuned_reference,,20260427,50.0,4.2964423,4.29003191,0.0064104407
C_StoneWales,C_StoneWales,finetuned_reference,,20260427,55.0,5.0333533,4.789531800000001,0.24382148
C_StoneWales,C_StoneWales,finetuned_reference,,20260427,60.0,3.8989398,3.86527473,0.033665079
C_StoneWales,C_StoneWales,finetuned_reference,,20260427,65.0,3.8297655,3.80477674,0.024988714
C_StoneWales,C_StoneWales,finetuned_reference,,20260427,70.0,4.6817181,4.59832569,0.08339241
C_StoneWales,C_StoneWales,finetuned_reference,,20260427,75.0,3.6005907,3.58328048,0.017310259
C_StoneWales,C_StoneWales,finetuned_reference,,20260427,80.0,4.0964294,4.0788018,0.017627662
C_StoneWales,C_StoneWales,finetuned_reference,,20260427,85.0,5.378235,5.332050199999999,0.046184777
C_StoneWales,C_StoneWales,finetuned_reference,,20260427,90.0,3.6526183,3.5833237999999996,0.069294503
C_StoneWales,C_StoneWales,finetuned_reference,,20260427,95.0,4.3777899,4.36335417,0.014435757
C_StoneWales,C_StoneWales,finetuned_reference,,20260427,100.0,5.1969113,5.128562,0.068349295
C_StoneWales,C_StoneWales,finetuned_reference,,20260427,105.0,4.2125594,4.1903277800000005,0.022231606
C_StoneWales,C_StoneWales,finetuned_reference,,20260427,110.0,4.1534196,3.9791017999999996,0.17431778
C_StoneWales,C_StoneWales,finetuned_reference,,20260427,115.0,3.7837106,3.7371400599999998,0.046570528
C_StoneWales,C_StoneWales,finetuned_reference,,20260427,120.0,5.3158395,5.2816234,0.034216105
C_StoneWales,C_StoneWales,finetuned_reference,,20260427,125.0,4.7419374,4.72767392,0.014263519
C_StoneWales,C_StoneWales,finetuned_reference,,20260427,130.0,3.8500057,3.8156188699999998,0.034386885
C_StoneWales,C_StoneWales,finetuned_reference,,20260427,135.0,5.9579255,5.927963330000001,0.029962147
C_StoneWales,C_StoneWales,finetuned_reference,,20260427,140.0,4.9001186,4.854691254,0.045427365
C_StoneWales,C_StoneWales,finetuned_reference,,20260427,145.0,5.7145897,5.69908694,0.015502729
C_StoneWales,C_StoneWales,finetuned_reference,,20260427,150.0,4.3060254,4.266622557000001,0.039402799
C_StoneWales,C_StoneWales,finetuned_reference,,20260427,155.0,6.0080642,5.936671469999999,0.071392698
C_StoneWales,C_StoneWales,finetuned_reference,,20260427,160.0,6.4030247,6.3777010999999995,0.025323565
C_StoneWales,C_StoneWales,finetuned_reference,,20260427,165.0,4.6162933,4.60989617,0.0063972019
C_StoneWales,C_StoneWales,finetuned_reference,,20260427,170.0,4.6425534,4.5593582999999995,0.083195109
C_StoneWales,C_StoneWales,finetuned_reference,,20260427,175.0,3.9454735,3.8667505,0.078722998
C_StoneWales,C_StoneWales,finetuned_reference,,20260427,180.0,4.0416255,3.8297033000000003,0.21192218
C_StoneWales,C_StoneWales,finetuned_reference,,20260427,185.0,6.3513373,6.1684722999999995,0.1828651
C_StoneWales,C_StoneWales,finetuned_reference,,20260427,190.0,8.1583265,7.832873,0.32545343
C_StoneWales,C_StoneWales,finetuned_reference,,20260427,195.0,8.9045649,8.5898061,0.31475874
C_StoneWales,C_StoneWales,finetuned_reference,,20260427,200.0,11.149419,10.8879594,0.26145964
C_StoneWales,C_StoneWales,finetuned_reference,,20260427,205.0,18.58456,18.1798837,0.40467596
C_StoneWales,C_StoneWales,finetuned_reference,,20260427,210.0,15.959202,15.708267099999999,0.25093496
C_StoneWales,C_StoneWales,finetuned_reference,,20260427,215.0,17.434627,16.9921178,0.44250995
C_StoneWales,C_StoneWales,finetuned_reference,,20260427,220.0,16.205419,15.8003438,0.40507529
C_StoneWales,C_StoneWales,finetuned_reference,,20260427,225.0,17.688778,17.4505361,0.23824212
C_StoneWales,C_StoneWales,finetuned_reference,,20260427,230.0,15.313629,15.1630719,0.15055699
C_StoneWales,C_StoneWales,finetuned_reference,,20260427,235.0,18.058302,17.7319254,0.32637666
C_StoneWales,C_StoneWales,finetuned_reference,,20260427,240.0,18.682035,18.40164,0.28039518
C_StoneWales,C_StoneWales,finetuned_reference,,20260427,245.0,16.975692,16.6246568,0.351035
C_StoneWales,C_StoneWales,finetuned_reference,,20260427,250.0,18.093746,17.9136349,0.1801115
C_StoneWales,C_StoneWales,finetuned_reference,,20260427,255.0,16.263026,16.034939299999998,0.22808692
C_StoneWales,C_StoneWales,finetuned_reference,,20260427,260.0,11.454609,11.3744868,0.080122512
C_StoneWales,C_StoneWales,finetuned_reference,,20260427,265.0,9.8383601,9.825365230000001,0.012994851
C_StoneWales,C_StoneWales,finetuned_reference,,20260427,270.0,12.618268,12.5538249,0.064443148
C_StoneWales,C_StoneWales,finetuned_reference,,20260427,275.0,10.980785,10.96940346,0.011382049
C_StoneWales,C_StoneWales,finetuned_reference,,20260427,280.0,14.687434,14.559262499999999,0.1281717
C_StoneWales,C_StoneWales,finetuned_reference,,20260427,285.0,13.748326,13.71286076,0.03546455
C_StoneWales,C_StoneWales,finetuned_reference,,20260427,290.0,11.170543,11.16806367,0.0024789591
C_StoneWales,C_StoneWales,finetuned_reference,,20260427,295.0,13.934828,13.907213959,0.027614001
C_StoneWales,C_StoneWales,finetuned_reference,,20260427,300.0,11.641941,11.59967782,0.042263576
C_StoneWales,C_StoneWales,finetuned_reference,,20260427,305.0,12.296632,12.275650376,0.020982301
C_StoneWales,C_StoneWales,finetuned_reference,,20260427,310.0,13.929121,13.9080058,0.021115051
C_StoneWales,C_StoneWales,finetuned_reference,,20260427,315.0,9.7679955,9.728475199999998,0.039520308
C_StoneWales,C_StoneWales,finetuned_reference,,20260427,320.0,12.401442,12.375777674999998,0.025664201
C_StoneWales,C_StoneWales,finetuned_reference,,20260427,325.0,13.596214,13.393480369999999,0.20273388
C_StoneWales,C_StoneWales,finetuned_reference,,20260427,330.0,12.481452,12.450217859999999,0.03123394
C_StoneWales,C_StoneWales,finetuned_reference,,20260427,335.0,11.735246,11.66579965,0.069446101
C_StoneWales,C_StoneWales,finetuned_reference,,20260427,340.0,12.504363,12.49133776,0.013025883
C_StoneWales,C_StoneWales,finetuned_reference,,20260427,345.0,11.371645,11.31479408,0.056851712
C_StoneWales,C_StoneWales,finetuned_reference,,20260427,350.0,12.35383,12.296553130000001,0.057276825
C_StoneWales,C_StoneWales,finetuned_reference,,20260427,355.0,11.784372,11.740351500000001,0.044020768
C_StoneWales,C_StoneWales,finetuned_reference,,20260427,360.0,12.529955,12.505819800000001,0.024134838
C_StoneWales,C_StoneWales,finetuned_reference,,20260427,365.0,13.083651,13.01244977,0.071200946
C_StoneWales,C_StoneWales,finetuned_reference,,20260427,370.0,13.168323,13.0505049,0.11781816
C_StoneWales,C_StoneWales,finetuned_reference,,20260427,375.0,16.367595,16.13900594,0.22858985
C_StoneWales,C_StoneWales,finetuned_reference,,20260427,380.0,68.439784,66.53759480000001,1.9021893
C_StoneWales,C_StoneWales,finetuned_reference,,20260427,385.0,70.104014,68.1354779,1.9685356
C_StoneWales,C_StoneWales,finetuned_reference,,20260427,390.0,76.053527,73.8652476,2.1882803
C_StoneWales,C_StoneWales,finetuned_reference,,20260427,395.0,71.23145,68.89875540000001,2.3326944
C_StoneWales,C_StoneWales,finetuned_reference,,20260427,400.0,71.486806,69.3478344,2.1389708
C_StoneWales,C_StoneWales,finetuned_reference,,20260427,405.0,71.994616,69.5372599,2.4573563
C_StoneWales,C_StoneWales,finetuned_reference,,20260427,410.0,64.311799,62.2582114,2.0535878
C_StoneWales,C_StoneWales,finetuned_reference,,20260427,415.0,68.53393,65.4047412,3.129189
C_StoneWales,C_StoneWales,finetuned_reference,,20260427,420.0,69.345404,67.3597015,1.9857023
C_StoneWales,C_StoneWales,finetuned_reference,,20260427,425.0,69.042181,66.688498,2.3536837
C_StoneWales,C_StoneWales,finetuned_reference,,20260427,430.0,69.679373,67.24479219999999,2.4345805
C_StoneWales,C_StoneWales,finetuned_reference,,20260427,435.0,67.059975,65.0393122,2.0206631
C_StoneWales,C_StoneWales,finetuned_reference,,20260427,440.0,70.93318,67.9444211,2.988758
C_StoneWales,C_StoneWales,finetuned_reference,,20260427,445.0,69.802267,67.44349559999999,2.3587712
C_StoneWales,C_StoneWales,finetuned_reference,,20260427,450.0,68.501185,66.2458601,2.2553253
C_StoneWales,C_StoneWales,finetuned_reference,,20260427,455.0,70.352709,68.0050514,2.347657
C_StoneWales,C_StoneWales,finetuned_reference,,20260427,460.0,68.971319,66.861316,2.1100031
C_StoneWales,C_StoneWales,finetuned_reference,,20260427,465.0,71.371778,68.5339944,2.8377838
C_StoneWales,C_StoneWales,finetuned_reference,,20260427,470.0,64.198528,62.4465554,1.7519724
C_StoneWales,C_StoneWales,finetuned_reference,,20260427,475.0,72.170163,69.9161847,2.2539785
C_StoneWales,C_StoneWales,finetuned_reference,,20260427,480.0,69.001915,66.65862279999999,2.343292
C_StoneWales,C_StoneWales,finetuned_reference,,20260427,485.0,71.683932,69.2233335,2.4605984
C_StoneWales,C_StoneWales,finetuned_reference,,20260427,490.0,72.600025,69.9227641,2.6772605
C_StoneWales,C_StoneWales,finetuned_reference,,20260427,495.0,72.605567,70.2873294,2.3182374
C_StoneWales,C_StoneWales,finetuned_reference,,20260427,500.0,71.111297,68.4511899,2.6601069
C_StoneWales,C_StoneWales,finetuned_reference,,20260428,0.0,1.1241268e-29,8.87468521e-30,2.3665827e-30
C_StoneWales,C_StoneWales,finetuned_reference,,20260428,5.0,1.4264998,1.241080226,0.18541957
C_StoneWales,C_StoneWales,finetuned_reference,,20260428,10.0,3.8872784,3.7104021,0.17687639
C_StoneWales,C_StoneWales,finetuned_reference,,20260428,15.0,2.8333217,2.5002854799999996,0.33303626
C_StoneWales,C_StoneWales,finetuned_reference,,20260428,20.0,1.9735341,1.7339391700000002,0.23959491
C_StoneWales,C_StoneWales,finetuned_reference,,20260428,25.0,1.1014736,0.66150553,0.43996807
C_StoneWales,C_StoneWales,finetuned_reference,,20260428,30.0,1.4295855,1.05166148,0.37792407
C_StoneWales,C_StoneWales,finetuned_reference,,20260428,35.0,1.0069598,0.57058886,0.43637089
C_StoneWales,C_StoneWales,finetuned_reference,,20260428,40.0,2.3720865,2.04108922,0.33099731
C_StoneWales,C_StoneWales,finetuned_reference,,20260428,45.0,7.1036797,6.72991802,0.37376175
C_StoneWales,C_StoneWales,finetuned_reference,,20260428,50.0,1.431949,0.93205021,0.49989881
C_StoneWales,C_StoneWales,finetuned_reference,,20260428,55.0,1.2227875,1.02713366,0.19565384
C_StoneWales,C_StoneWales,finetuned_reference,,20260428,60.0,2.670122,1.9712142999999998,0.69890774
C_StoneWales,C_StoneWales,finetuned_reference,,20260428,65.0,1.8308223,1.39925043,0.43157191
C_StoneWales,C_StoneWales,finetuned_reference,,20260428,70.0,1.3289462,0.83889981,0.49004644
C_StoneWales,C_StoneWales,finetuned_reference,,20260428,75.0,0.80985026,0.44784528,0.36200499
C_StoneWales,C_StoneWales,finetuned_reference,,20260428,80.0,2.8138488,2.5061204000000004,0.30772843
C_StoneWales,C_StoneWales,finetuned_reference,,20260428,85.0,2.5748128,1.95847331,0.61633946
C_StoneWales,C_StoneWales,finetuned_reference,,20260428,90.0,2.343403,1.96337272,0.38003023
C_StoneWales,C_StoneWales,finetuned_reference,,20260428,95.0,1.3267453,0.74888326,0.57786207
C_StoneWales,C_StoneWales,finetuned_reference,,20260428,100.0,1.5764148,1.24554833,0.33086646
C_StoneWales,C_StoneWales,finetuned_reference,,20260428,105.0,1.638415,1.392713045,0.24570193
C_StoneWales,C_StoneWales,finetuned_reference,,20260428,110.0,1.7710565,1.38117567,0.38988085
C_StoneWales,C_StoneWales,finetuned_reference,,20260428,115.0,2.3808138,2.04158946,0.3392243
C_StoneWales,C_StoneWales,finetuned_reference,,20260428,120.0,1.0734654,0.68316744,0.39029792
C_StoneWales,C_StoneWales,finetuned_reference,,20260428,125.0,1.7977378,1.45030679,0.34743101
C_StoneWales,C_StoneWales,finetuned_reference,,20260428,130.0,2.3152194,2.01025181,0.30496755
C_StoneWales,C_StoneWales,finetuned_reference,,20260428,135.0,2.1819001,1.83700799,0.34489205
C_StoneWales,C_StoneWales,finetuned_reference,,20260428,140.0,1.4736362,1.02227542,0.45136079
C_StoneWales,C_StoneWales,finetuned_reference,,20260428,145.0,1.4389522,1.14052169,0.2984306
C_StoneWales,C_StoneWales,finetuned_reference,,20260428,150.0,1.5418897,1.10915637,0.43273335
C_StoneWales,C_StoneWales,finetuned_reference,,20260428,155.0,1.3042629,1.0034159699999998,0.30084696
C_StoneWales,C_StoneWales,finetuned_reference,,20260428,160.0,1.9838291,1.6563272,0.32750195
C_StoneWales,C_StoneWales,finetuned_reference,,20260428,165.0,2.2010652,1.91064665,0.29041861
C_StoneWales,C_StoneWales,finetuned_reference,,20260428,170.0,1.253423,0.78067391,0.4727491
C_StoneWales,C_StoneWales,finetuned_reference,,20260428,175.0,0.98140131,0.56940704,0.41199427
C_StoneWales,C_StoneWales,finetuned_reference,,20260428,180.0,2.8776977,2.42391417,0.45378343
C_StoneWales,C_StoneWales,finetuned_reference,,20260428,185.0,2.4710472,1.93339157,0.53765563
C_StoneWales,C_StoneWales,finetuned_reference,,20260428,190.0,2.1514618,1.773809203,0.37765254
C_StoneWales,C_StoneWales,finetuned_reference,,20260428,195.0,1.8037615,1.38927551,0.414486
C_StoneWales,C_StoneWales,finetuned_reference,,20260428,200.0,2.4777111,2.02616253,0.45154856
C_StoneWales,C_StoneWales,finetuned_reference,,20260428,205.0,2.4572824,1.99003834,0.46724405
C_StoneWales,C_StoneWales,finetuned_reference,,20260428,210.0,1.2820166,0.75410568,0.52791094
C_StoneWales,C_StoneWales,finetuned_reference,,20260428,215.0,1.8304764,1.55456125,0.27591515
C_StoneWales,C_StoneWales,finetuned_reference,,20260428,220.0,3.9822443,3.5911456,0.39109868
C_StoneWales,C_StoneWales,finetuned_reference,,20260428,225.0,1.419473,1.03218337,0.38728968
C_StoneWales,C_StoneWales,finetuned_reference,,20260428,230.0,1.5049342,1.14277446,0.36215978
C_StoneWales,C_StoneWales,finetuned_reference,,20260428,235.0,0.53700859,0.132003328,0.40500526
C_StoneWales,C_StoneWales,finetuned_reference,,20260428,240.0,1.742217,1.26197154,0.48024546
C_StoneWales,C_StoneWales,finetuned_reference,,20260428,245.0,1.6728462,1.1538604700000001,0.51898568
C_StoneWales,C_StoneWales,finetuned_reference,,20260428,250.0,1.2768272,0.7748959,0.50193133
C_StoneWales,C_StoneWales,finetuned_reference,,20260428,255.0,1.2986124,0.9023709400000001,0.39624144
C_StoneWales,C_StoneWales,finetuned_reference,,20260428,260.0,1.3068507,0.7992703,0.5075804
C_StoneWales,C_StoneWales,finetuned_reference,,20260428,265.0,1.1618651,0.7533454100000001,0.40851973
C_StoneWales,C_StoneWales,finetuned_reference,,20260428,270.0,1.5255295,1.3044278500000002,0.22110166
C_StoneWales,C_StoneWales,finetuned_reference,,20260428,275.0,2.0494481,1.6745501200000001,0.37489791
C_StoneWales,C_StoneWales,finetuned_reference,,20260428,280.0,1.4773769,1.1018568499999999,0.37552002
C_StoneWales,C_StoneWales,finetuned_reference,,20260428,285.0,0.77873359,0.5420402599999999,0.23669333
C_StoneWales,C_StoneWales,finetuned_reference,,20260428,290.0,1.3568457,0.8290081,0.52783756
C_StoneWales,C_StoneWales,finetuned_reference,,20260428,295.0,0.84766898,0.49247726000000003,0.35519172
C_StoneWales,C_StoneWales,finetuned_reference,,20260428,300.0,0.92247624,0.44277843100000003,0.4796978
C_StoneWales,C_StoneWales,finetuned_reference,,20260428,305.0,0.76776709,0.30493544,0.46283165
C_StoneWales,C_StoneWales,finetuned_reference,,20260428,310.0,2.1750945,1.87953726,0.29555726
C_StoneWales,C_StoneWales,finetuned_reference,,20260428,315.0,0.58117803,0.328335599,0.25284243
C_StoneWales,C_StoneWales,finetuned_reference,,20260428,320.0,0.93599906,0.5621471,0.37385196
C_StoneWales,C_StoneWales,finetuned_reference,,20260428,325.0,1.5592905,1.08429685,0.47499361
C_StoneWales,C_StoneWales,finetuned_reference,,20260428,330.0,3.0113566,2.7376225,0.27373404
C_StoneWales,C_StoneWales,finetuned_reference,,20260428,335.0,1.3959447,1.06740862,0.32853611
C_StoneWales,C_StoneWales,finetuned_reference,,20260428,340.0,1.0075718,0.49850754999999997,0.50906425
C_StoneWales,C_StoneWales,finetuned_reference,,20260428,345.0,1.9105082,1.42060714,0.48990098
C_StoneWales,C_StoneWales,finetuned_reference,,20260428,350.0,1.5045257,1.05949315,0.4450326
C_StoneWales,C_StoneWales,finetuned_reference,,20260428,355.0,1.2952237,0.8091353000000001,0.48608844
C_StoneWales,C_StoneWales,finetuned_reference,,20260428,360.0,0.97445878,0.79955113,0.17490765
C_StoneWales,C_StoneWales,finetuned_reference,,20260428,365.0,5.3922669,4.6282343,0.76403264
C_StoneWales,C_StoneWales,finetuned_reference,,20260428,370.0,3.9305759,3.4129453300000003,0.51763053
C_StoneWales,C_StoneWales,finetuned_reference,,20260428,375.0,4.5925967,4.1425526999999995,0.45004409
C_StoneWales,C_StoneWales,finetuned_reference,,20260428,380.0,0.85727267,0.4410739,0.41619876
C_StoneWales,C_StoneWales,finetuned_reference,,20260428,385.0,1.3320667,1.0744510299999999,0.25761566
C_StoneWales,C_StoneWales,finetuned_reference,,20260428,390.0,1.0272148,0.7772569899999999,0.24995778
C_StoneWales,C_StoneWales,finetuned_reference,,20260428,395.0,1.7689717,1.45762469,0.31134699
C_StoneWales,C_StoneWales,finetuned_reference,,20260428,400.0,2.4304606,1.86775026,0.56271027
C_StoneWales,C_StoneWales,finetuned_reference,,20260428,405.0,1.6834924,1.31478437,0.36870798
C_StoneWales,C_StoneWales,finetuned_reference,,20260428,410.0,1.5918972,1.20908777,0.38280938
C_StoneWales,C_StoneWales,finetuned_reference,,20260428,415.0,0.87855994,0.652673257,0.22588668
C_StoneWales,C_StoneWales,finetuned_reference,,20260428,420.0,1.555523,1.01351405,0.54200893
C_StoneWales,C_StoneWales,finetuned_reference,,20260428,425.0,1.0560729,0.59332118,0.46275171
C_StoneWales,C_StoneWales,finetuned_reference,,20260428,430.0,1.4537872,1.02278456,0.43100268
C_StoneWales,C_StoneWales,finetuned_reference,,20260428,435.0,0.92721909,0.68763972,0.23957937
C_StoneWales,C_StoneWales,finetuned_reference,,20260428,440.0,1.4027148,0.92776708,0.47494772
C_StoneWales,C_StoneWales,finetuned_reference,,20260428,445.0,2.1256567,1.6221316099999998,0.50352512
C_StoneWales,C_StoneWales,finetuned_reference,,20260428,450.0,2.3610204,1.96430637,0.39671397
C_StoneWales,C_StoneWales,finetuned_reference,,20260428,455.0,1.4420419,1.10402665,0.33801527
C_StoneWales,C_StoneWales,finetuned_reference,,20260428,460.0,2.5219027,2.15828275,0.36361995
C_StoneWales,C_StoneWales,finetuned_reference,,20260428,465.0,2.0513142,1.52385481,0.52745943
C_StoneWales,C_StoneWales,finetuned_reference,,20260428,470.0,2.2794683,1.979227,0.30024135
C_StoneWales,C_StoneWales,finetuned_reference,,20260428,475.0,0.85330025,0.64790785,0.20539239
C_StoneWales,C_StoneWales,finetuned_reference,,20260428,480.0,1.5653088,1.34289978,0.22240898
C_StoneWales,C_StoneWales,finetuned_reference,,20260428,485.0,1.6173808,1.2751917119999998,0.34218909
C_StoneWales,C_StoneWales,finetuned_reference,,20260428,490.0,1.5954537,1.210234254,0.3852194
C_StoneWales,C_StoneWales,finetuned_reference,,20260428,495.0,1.8303276,1.35902755,0.47130005
C_StoneWales,C_StoneWales,finetuned_reference,,20260428,500.0,2.0490241,1.49421868,0.55480536
C_StoneWales,C_StoneWales,finetuned_reference,,20260429,0.0,2.0115953e-29,1.774937023e-29,2.3665827e-30
C_StoneWales,C_StoneWales,finetuned_reference,,20260429,5.0,2.3258025,1.45742614,0.86837641
C_StoneWales,C_StoneWales,finetuned_reference,,20260429,10.0,0.26760012,0.20202351799999999,0.065576609
C_StoneWales,C_StoneWales,finetuned_reference,,20260429,15.0,1.2176245,0.87695791,0.34066663
C_StoneWales,C_StoneWales,finetuned_reference,,20260429,20.0,3.7935967,3.5170781,0.27651865
C_StoneWales,C_StoneWales,finetuned_reference,,20260429,25.0,3.4684604,3.3772520000000004,0.091208485
C_StoneWales,C_StoneWales,finetuned_reference,,20260429,30.0,4.658445,4.170779899999999,0.48766515
C_StoneWales,C_StoneWales,finetuned_reference,,20260429,35.0,5.4557103,5.1972713,0.258439
C_StoneWales,C_StoneWales,finetuned_reference,,20260429,40.0,6.298671,6.1469788,0.15169217
C_StoneWales,C_StoneWales,finetuned_reference,,20260429,45.0,4.8244767,4.6452858,0.17919086
C_StoneWales,C_StoneWales,finetuned_reference,,20260429,50.0,4.8825857,4.569889,0.31269679
C_StoneWales,C_StoneWales,finetuned_reference,,20260429,55.0,6.7811559,6.6059149,0.17524095
C_StoneWales,C_StoneWales,finetuned_reference,,20260429,60.0,6.4594876,6.178835,0.28065259
C_StoneWales,C_StoneWales,finetuned_reference,,20260429,65.0,9.8124646,9.591188599999999,0.22127603
C_StoneWales,C_StoneWales,finetuned_reference,,20260429,70.0,11.75871,11.1425694,0.61614092
C_StoneWales,C_StoneWales,finetuned_reference,,20260429,75.0,12.197617,11.635579700000001,0.56203777
C_StoneWales,C_StoneWales,finetuned_reference,,20260429,80.0,12.778975,12.4106462,0.36832867
C_StoneWales,C_StoneWales,finetuned_reference,,20260429,85.0,11.631988,11.113329100000001,0.51865907
C_StoneWales,C_StoneWales,finetuned_reference,,20260429,90.0,11.74122,11.5265618,0.21465815
C_StoneWales,C_StoneWales,finetuned_reference,,20260429,95.0,6.0540614,5.2190037,0.83505772
C_StoneWales,C_StoneWales,finetuned_reference,,20260429,100.0,4.0554391,3.3981988999999997,0.65724019
C_StoneWales,C_StoneWales,finetuned_reference,,20260429,105.0,4.2260497,3.7266969000000003,0.49935292
C_StoneWales,C_StoneWales,finetuned_reference,,20260429,110.0,5.0363596,4.3625874,0.67377224
C_StoneWales,C_StoneWales,finetuned_reference,,20260429,115.0,4.7719989,4.4050446,0.36695428
C_StoneWales,C_StoneWales,finetuned_reference,,20260429,120.0,4.1501006,3.775741,0.37435956
C_StoneWales,C_StoneWales,finetuned_reference,,20260429,125.0,4.8619894,4.4551345,0.40685483
C_StoneWales,C_StoneWales,finetuned_reference,,20260429,130.0,4.4104846,4.1263582,0.28412635
C_StoneWales,C_StoneWales,finetuned_reference,,20260429,135.0,4.3099373,3.9888855000000003,0.32105189
C_StoneWales,C_StoneWales,finetuned_reference,,20260429,140.0,3.4299362,2.95789833,0.47203788
C_StoneWales,C_StoneWales,finetuned_reference,,20260429,145.0,7.9477062,7.7556087,0.19209754
C_StoneWales,C_StoneWales,finetuned_reference,,20260429,150.0,10.51557,8.9955599,1.5200101
C_StoneWales,C_StoneWales,finetuned_reference,,20260429,155.0,8.5309068,7.950246,0.58066081
C_StoneWales,C_StoneWales,finetuned_reference,,20260429,160.0,13.215558,12.6829685,0.53258945
C_StoneWales,C_StoneWales,finetuned_reference,,20260429,165.0,1.3585412,0.92606697,0.43247423
C_StoneWales,C_StoneWales,finetuned_reference,,20260429,170.0,4.0608261,3.66410631,0.39671975
C_StoneWales,C_StoneWales,finetuned_reference,,20260429,175.0,4.6322846,4.22341177,0.40887281
C_StoneWales,C_StoneWales,finetuned_reference,,20260429,180.0,14.079965,12.9339099,1.1460554
C_StoneWales,C_StoneWales,finetuned_reference,,20260429,185.0,10.669313,10.3578256,0.31148714
C_StoneWales,C_StoneWales,finetuned_reference,,20260429,190.0,12.021726,11.221871799999999,0.79985438
C_StoneWales,C_StoneWales,finetuned_reference,,20260429,195.0,10.80188,10.0158214,0.78605821
C_StoneWales,C_StoneWales,finetuned_reference,,20260429,200.0,10.32779,9.7372673,0.59052304
C_StoneWales,C_StoneWales,finetuned_reference,,20260429,205.0,1.7410852,1.55537761,0.18570755
C_StoneWales,C_StoneWales,finetuned_reference,,20260429,210.0,2.320143,2.03750105,0.28264196
C_StoneWales,C_StoneWales,finetuned_reference,,20260429,215.0,1.606153,1.26390645,0.34224661
C_StoneWales,C_StoneWales,finetuned_reference,,20260429,220.0,7.237313,7.2281181,0.0091948402
C_StoneWales,C_StoneWales,finetuned_reference,,20260429,225.0,7.160044,6.8137968,0.34624721
C_StoneWales,C_StoneWales,finetuned_reference,,20260429,230.0,7.9247463,7.8528456,0.071900737
C_StoneWales,C_StoneWales,finetuned_reference,,20260429,235.0,6.3468849,6.22641,0.12047492
C_StoneWales,C_StoneWales,finetuned_reference,,20260429,240.0,7.7739518,7.7142427,0.059709104
C_StoneWales,C_StoneWales,finetuned_reference,,20260429,245.0,8.4103082,8.1498161,0.26049211
C_StoneWales,C_StoneWales,finetuned_reference,,20260429,250.0,6.6430998,6.5946321999999995,0.048467614
C_StoneWales,C_StoneWales,finetuned_reference,,20260429,255.0,8.5868076,8.3666767,0.22013079
C_StoneWales,C_StoneWales,finetuned_reference,,20260429,260.0,5.9440907,5.8745275999999995,0.069563129
C_StoneWales,C_StoneWales,finetuned_reference,,20260429,265.0,8.7847643,8.3753594,0.40940486
C_StoneWales,C_StoneWales,finetuned_reference,,20260429,270.0,8.7416264,8.608692999999999,0.13293343
C_StoneWales,C_StoneWales,finetuned_reference,,20260429,275.0,8.4191487,8.2777017,0.14144704
C_StoneWales,C_StoneWales,finetuned_reference,,20260429,280.0,3.5024536,2.97729012,0.52516348
C_StoneWales,C_StoneWales,finetuned_reference,,20260429,285.0,3.5253701,2.1724915,1.3528786
C_StoneWales,C_StoneWales,finetuned_reference,,20260429,290.0,3.0628109,2.9114649999999997,0.15134601
C_StoneWales,C_StoneWales,finetuned_reference,,20260429,295.0,3.5073533,2.8986367,0.60871658
C_StoneWales,C_StoneWales,finetuned_reference,,20260429,300.0,1.2255077,0.99657102,0.22893669
C_StoneWales,C_StoneWales,finetuned_reference,,20260429,305.0,1.4920785,1.16581148,0.32626703
C_StoneWales,C_StoneWales,finetuned_reference,,20260429,310.0,1.4936596,1.35036259,0.14329698
C_StoneWales,C_StoneWales,finetuned_reference,,20260429,315.0,3.8737537,3.09815711,0.77559658
C_StoneWales,C_StoneWales,finetuned_reference,,20260429,320.0,1.6964709,1.55153118,0.1449397
C_StoneWales,C_StoneWales,finetuned_reference,,20260429,325.0,6.5990855,5.05136925,1.5477163
C_StoneWales,C_StoneWales,finetuned_reference,,20260429,330.0,1.6965291,1.59336994,0.10315917
C_StoneWales,C_StoneWales,finetuned_reference,,20260429,335.0,3.7894033,3.3374648000000002,0.45193857
C_StoneWales,C_StoneWales,finetuned_reference,,20260429,340.0,1.5011699,1.20267253,0.29849735
C_StoneWales,C_StoneWales,finetuned_reference,,20260429,345.0,2.0406857,1.9629881400000002,0.077697619
C_StoneWales,C_StoneWales,finetuned_reference,,20260429,350.0,1.6657329,1.1651433500000001,0.5005895
C_StoneWales,C_StoneWales,finetuned_reference,,20260429,355.0,2.9124516,2.887785,0.02466667
C_StoneWales,C_StoneWales,finetuned_reference,,20260429,360.0,2.298028,1.91456989,0.38345815
C_StoneWales,C_StoneWales,finetuned_reference,,20260429,365.0,1.4309889,1.14204744,0.2889415
C_StoneWales,C_StoneWales,finetuned_reference,,20260429,370.0,2.392242,2.12092763,0.27131429
C_StoneWales,C_StoneWales,finetuned_reference,,20260429,375.0,1.7079359,1.4021820600000001,0.30575385
C_StoneWales,C_StoneWales,finetuned_reference,,20260429,380.0,3.1293683,2.9344710000000003,0.19489735
C_StoneWales,C_StoneWales,finetuned_reference,,20260429,385.0,1.8007739,1.26358795,0.53718599
C_StoneWales,C_StoneWales,finetuned_reference,,20260429,390.0,1.1014667,0.8011929,0.30027382
C_StoneWales,C_StoneWales,finetuned_reference,,20260429,395.0,2.3817016,2.15911982,0.22258174
C_StoneWales,C_StoneWales,finetuned_reference,,20260429,400.0,2.5778334,2.36748691,0.21034647
C_StoneWales,C_StoneWales,finetuned_reference,,20260429,405.0,3.8769473,3.52720419,0.34974309
C_StoneWales,C_StoneWales,finetuned_reference,,20260429,410.0,4.7659779,4.41635671,0.34962126
C_StoneWales,C_StoneWales,finetuned_reference,,20260429,415.0,1.5299462,1.16566542,0.36428082
C_StoneWales,C_StoneWales,finetuned_reference,,20260429,420.0,3.6195241,2.69678712,0.92273698
C_StoneWales,C_StoneWales,finetuned_reference,,20260429,425.0,3.7490075,3.10518746,0.64382007
C_StoneWales,C_StoneWales,finetuned_reference,,20260429,430.0,3.7418587,3.24510759,0.4967511
C_StoneWales,C_StoneWales,finetuned_reference,,20260429,435.0,5.0878884,3.5347182200000002,1.5531702
C_StoneWales,C_StoneWales,finetuned_reference,,20260429,440.0,3.8352524,2.78597098,1.0492814
C_StoneWales,C_StoneWales,finetuned_reference,,20260429,445.0,3.784034,3.3432681000000004,0.44076598
C_StoneWales,C_StoneWales,finetuned_reference,,20260429,450.0,3.4369642,2.55614665,0.88081756
C_StoneWales,C_StoneWales,finetuned_reference,,20260429,455.0,5.2310946,3.52071835,1.7103763
C_StoneWales,C_StoneWales,finetuned_reference,,20260429,460.0,1.7800976,1.62823658,0.15186106
C_StoneWales,C_StoneWales,finetuned_reference,,20260429,465.0,1.9022044,1.3716604600000002,0.53054392
C_StoneWales,C_StoneWales,finetuned_reference,,20260429,470.0,1.8072932,1.55496736,0.25232586
C_StoneWales,C_StoneWales,finetuned_reference,,20260429,475.0,1.211024,1.12038047,0.090643543
C_StoneWales,C_StoneWales,finetuned_reference,,20260429,480.0,2.9110651,2.58957822,0.32148688
C_StoneWales,C_StoneWales,finetuned_reference,,20260429,485.0,2.6315273,2.41363043,0.21789691
C_StoneWales,C_StoneWales,finetuned_reference,,20260429,490.0,3.3513252,2.8986432399999997,0.452682
C_StoneWales,C_StoneWales,finetuned_reference,,20260429,495.0,4.5491357,3.98780643,0.56132925
C_StoneWales,C_StoneWales,finetuned_reference,,20260429,500.0,1.793411,1.41108237,0.38232861
D_SiGraphene,D_SiGraphene,finetuned_reference,,20260427,0.0,9.6635461e-30,9.6635461e-30,0.0
D_SiGraphene,D_SiGraphene,finetuned_reference,,20260427,5.0,25.423992,5.917892999999999,19.506099
D_SiGraphene,D_SiGraphene,finetuned_reference,,20260427,10.0,18.315243,15.900299400000002,2.4149431
D_SiGraphene,D_SiGraphene,finetuned_reference,,20260427,15.0,90.891008,65.1954959,25.695512
D_SiGraphene,D_SiGraphene,finetuned_reference,,20260427,20.0,199.94717,183.6732343,16.273939
D_SiGraphene,D_SiGraphene,finetuned_reference,,20260427,25.0,334.88148,311.63450950000004,23.246971
D_SiGraphene,D_SiGraphene,finetuned_reference,,20260427,30.0,536.24335,524.2366974,12.006658
D_SiGraphene,D_SiGraphene,finetuned_reference,,20260427,35.0,833.93745,822.1391100000001,11.798337
D_SiGraphene,D_SiGraphene,finetuned_reference,,20260427,40.0,1184.3976,1171.909062,12.48854
D_SiGraphene,D_SiGraphene,finetuned_reference,,20260427,45.0,1581.6185,1569.430177,12.188349
D_SiGraphene,D_SiGraphene,finetuned_reference,,20260427,50.0,2121.8148,2103.607572,18.207249
D_SiGraphene,D_SiGraphene,finetuned_reference,,20260427,55.0,2406.5078,2385.7384930000003,20.769306
D_SiGraphene,D_SiGraphene,finetuned_reference,,20260427,60.0,2542.0791,2525.02032,17.058805
D_SiGraphene,D_SiGraphene,finetuned_reference,,20260427,65.0,2560.6858,2540.6037499999998,20.082055
D_SiGraphene,D_SiGraphene,finetuned_reference,,20260427,70.0,2368.4901,2345.67443,22.81561
D_SiGraphene,D_SiGraphene,finetuned_reference,,20260427,75.0,2439.063,2415.2156,23.847427
D_SiGraphene,D_SiGraphene,finetuned_reference,,20260427,80.0,2446.7923,2426.84389,19.94839
D_SiGraphene,D_SiGraphene,finetuned_reference,,20260427,85.0,2429.2599,2413.1390899999997,16.120856
D_SiGraphene,D_SiGraphene,finetuned_reference,,20260427,90.0,2424.3083,2403.60512,20.703154
D_SiGraphene,D_SiGraphene,finetuned_reference,,20260427,95.0,2468.8671,2451.67381,17.193325
D_SiGraphene,D_SiGraphene,finetuned_reference,,20260427,100.0,2417.6767,2401.41909,16.257656
D_SiGraphene,D_SiGraphene,finetuned_reference,,20260427,105.0,2372.3492,2344.2300299999997,28.119153
D_SiGraphene,D_SiGraphene,finetuned_reference,,20260427,110.0,2324.2941,2292.3208139999997,31.973334
D_SiGraphene,D_SiGraphene,finetuned_reference,,20260427,115.0,2369.7526,2343.991997,25.760643
D_SiGraphene,D_SiGraphene,finetuned_reference,,20260427,120.0,2509.145,2484.2481199999997,24.896917
D_SiGraphene,D_SiGraphene,finetuned_reference,,20260427,125.0,2250.1733,2220.1393660000003,30.033911
D_SiGraphene,D_SiGraphene,finetuned_reference,,20260427,130.0,2320.7423,2288.7986870000004,31.943688
D_SiGraphene,D_SiGraphene,finetuned_reference,,20260427,135.0,2295.5436,2261.9713930000003,33.572196
D_SiGraphene,D_SiGraphene,finetuned_reference,,20260427,140.0,2342.8314,2305.2621010000003,37.569315
D_SiGraphene,D_SiGraphene,finetuned_reference,,20260427,145.0,2345.3877,2312.863222,32.524514
D_SiGraphene,D_SiGraphene,finetuned_reference,,20260427,150.0,2357.0271,2321.3854699999997,35.641673
D_SiGraphene,D_SiGraphene,finetuned_reference,,20260427,155.0,2333.6029,2301.269903,32.332959
D_SiGraphene,D_SiGraphene,finetuned_reference,,20260427,160.0,2428.9277,2399.930726,28.996922
D_SiGraphene,D_SiGraphene,finetuned_reference,,20260427,165.0,2375.4244,2343.816346,31.608017
D_SiGraphene,D_SiGraphene,finetuned_reference,,20260427,170.0,2379.8783,2351.210533,28.667845
D_SiGraphene,D_SiGraphene,finetuned_reference,,20260427,175.0,2425.6993,2394.9563399999997,30.743003
D_SiGraphene,D_SiGraphene,finetuned_reference,,20260427,180.0,2395.9771,2365.80004,30.177069
D_SiGraphene,D_SiGraphene,finetuned_reference,,20260427,185.0,2489.3287,2460.0642700000003,29.264446
D_SiGraphene,D_SiGraphene,finetuned_reference,,20260427,190.0,2582.9413,2555.4323799999997,27.50886
D_SiGraphene,D_SiGraphene,finetuned_reference,,20260427,195.0,2538.3851,2505.679568,32.705486
D_SiGraphene,D_SiGraphene,finetuned_reference,,20260427,200.0,2431.6784,2397.539277,34.139114
D_SiGraphene,D_SiGraphene,finetuned_reference,,20260427,205.0,2243.0037,2216.3840729999997,26.619597
D_SiGraphene,D_SiGraphene,finetuned_reference,,20260427,210.0,2338.2001,2313.700989,24.49911
D_SiGraphene,D_SiGraphene,finetuned_reference,,20260427,215.0,2370.3295,2354.118649,16.210878
D_SiGraphene,D_SiGraphene,finetuned_reference,,20260427,220.0,2403.1138,2382.428367,20.685449
D_SiGraphene,D_SiGraphene,finetuned_reference,,20260427,225.0,2391.2571,2367.9434469999997,23.313649
D_SiGraphene,D_SiGraphene,finetuned_reference,,20260427,230.0,2397.4026,2376.361171,21.041411
D_SiGraphene,D_SiGraphene,finetuned_reference,,20260427,235.0,2393.7108,2374.203034,19.507797
D_SiGraphene,D_SiGraphene,finetuned_reference,,20260427,240.0,2510.3355,2496.525321,13.810249
D_SiGraphene,D_SiGraphene,finetuned_reference,,20260427,245.0,2612.6104,2593.3719,19.238484
D_SiGraphene,D_SiGraphene,finetuned_reference,,20260427,250.0,2556.957,2545.296944,11.660095
D_SiGraphene,D_SiGraphene,finetuned_reference,,20260427,255.0,2447.0285,2416.7306710000003,30.29788
D_SiGraphene,D_SiGraphene,finetuned_reference,,20260427,260.0,2585.6019,2557.3543,28.247532
D_SiGraphene,D_SiGraphene,finetuned_reference,,20260427,265.0,2506.1394,2485.06508,21.074327
D_SiGraphene,D_SiGraphene,finetuned_reference,,20260427,270.0,2421.4581,2407.70202,13.755995
D_SiGraphene,D_SiGraphene,finetuned_reference,,20260427,275.0,2536.8417,2523.863492,12.978228
D_SiGraphene,D_SiGraphene,finetuned_reference,,20260427,280.0,2541.3777,2528.62449,12.753141
D_SiGraphene,D_SiGraphene,finetuned_reference,,20260427,285.0,2416.7932,2397.4601,19.333175
D_SiGraphene,D_SiGraphene,finetuned_reference,,20260427,290.0,2517.1559,2494.25744,22.898426
D_SiGraphene,D_SiGraphene,finetuned_reference,,20260427,295.0,2344.08,2308.608816,35.471171
D_SiGraphene,D_SiGraphene,finetuned_reference,,20260427,300.0,2382.8455,2356.056877,26.788613
D_SiGraphene,D_SiGraphene,finetuned_reference,,20260427,305.0,2300.8755,2280.448965,20.426534
D_SiGraphene,D_SiGraphene,finetuned_reference,,20260427,310.0,2441.2412,2422.963369,18.277801
D_SiGraphene,D_SiGraphene,finetuned_reference,,20260427,315.0,2346.2301,2326.86771,19.362309
D_SiGraphene,D_SiGraphene,finetuned_reference,,20260427,320.0,2309.7676,2289.349491,20.41815
D_SiGraphene,D_SiGraphene,finetuned_reference,,20260427,325.0,2551.1307,2527.8870709999997,23.243609
D_SiGraphene,D_SiGraphene,finetuned_reference,,20260427,330.0,2514.2083,2493.6960259999996,20.512248
D_SiGraphene,D_SiGraphene,finetuned_reference,,20260427,335.0,2332.1165,2301.2262509999996,30.890297
D_SiGraphene,D_SiGraphene,finetuned_reference,,20260427,340.0,2525.7756,2498.9947559999996,26.780818
D_SiGraphene,D_SiGraphene,finetuned_reference,,20260427,345.0,2515.4088,2485.046504,30.362337
D_SiGraphene,D_SiGraphene,finetuned_reference,,20260427,350.0,2388.8478,2372.2670200000002,16.580697
D_SiGraphene,D_SiGraphene,finetuned_reference,,20260427,355.0,2495.9054,2469.483972,26.421409
D_SiGraphene,D_SiGraphene,finetuned_reference,,20260427,360.0,2481.7188,2455.889557,25.829197
D_SiGraphene,D_SiGraphene,finetuned_reference,,20260427,365.0,2332.4912,2301.853714,30.637568
D_SiGraphene,D_SiGraphene,finetuned_reference,,20260427,370.0,2481.8851,2458.917618,22.967443
D_SiGraphene,D_SiGraphene,finetuned_reference,,20260427,375.0,2449.6409,2418.602937,31.037948
D_SiGraphene,D_SiGraphene,finetuned_reference,,20260427,380.0,2300.4469,2275.753231,24.693695
D_SiGraphene,D_SiGraphene,finetuned_reference,,20260427,385.0,2621.5483,2597.275652,24.272644
D_SiGraphene,D_SiGraphene,finetuned_reference,,20260427,390.0,2507.7147,2488.531091,19.183604
D_SiGraphene,D_SiGraphene,finetuned_reference,,20260427,395.0,2438.3636,2415.962336,22.401342
D_SiGraphene,D_SiGraphene,finetuned_reference,,20260427,400.0,2475.7611,2455.9675230000003,19.793567
D_SiGraphene,D_SiGraphene,finetuned_reference,,20260427,405.0,2558.8833,2537.301003,21.582337
D_SiGraphene,D_SiGraphene,finetuned_reference,,20260427,410.0,2391.1705,2366.2447850000003,24.925731
D_SiGraphene,D_SiGraphene,finetuned_reference,,20260427,415.0,2509.4961,2484.075298,25.420764
D_SiGraphene,D_SiGraphene,finetuned_reference,,20260427,420.0,2453.3489,2433.026062,20.322795
D_SiGraphene,D_SiGraphene,finetuned_reference,,20260427,425.0,2543.1771,2522.696877,20.480253
D_SiGraphene,D_SiGraphene,finetuned_reference,,20260427,430.0,2558.1101,2539.131557,18.978537
D_SiGraphene,D_SiGraphene,finetuned_reference,,20260427,435.0,2483.4693,2463.0520500000002,20.417192
D_SiGraphene,D_SiGraphene,finetuned_reference,,20260427,440.0,2424.3475,2399.32682,25.020725
D_SiGraphene,D_SiGraphene,finetuned_reference,,20260427,445.0,2334.1409,2304.7024229999997,29.438501
D_SiGraphene,D_SiGraphene,finetuned_reference,,20260427,450.0,2311.1708,2284.76788,26.402958
D_SiGraphene,D_SiGraphene,finetuned_reference,,20260427,455.0,2397.4946,2371.0297299999997,26.464849
D_SiGraphene,D_SiGraphene,finetuned_reference,,20260427,460.0,2355.1981,2325.362089,29.836048
D_SiGraphene,D_SiGraphene,finetuned_reference,,20260427,465.0,2370.4591,2344.448377,26.010762
D_SiGraphene,D_SiGraphene,finetuned_reference,,20260427,470.0,2362.2943,2332.076288,30.217986
D_SiGraphene,D_SiGraphene,finetuned_reference,,20260427,475.0,2331.2116,2299.2438070000003,31.967807
D_SiGraphene,D_SiGraphene,finetuned_reference,,20260427,480.0,2494.8096,2464.242444,30.567148
D_SiGraphene,D_SiGraphene,finetuned_reference,,20260427,485.0,2488.9212,2462.20561,26.715526
D_SiGraphene,D_SiGraphene,finetuned_reference,,20260427,490.0,2490.3352,2461.79657,28.538557
D_SiGraphene,D_SiGraphene,finetuned_reference,,20260427,495.0,2540.5189,2510.823446,29.695394
D_SiGraphene,D_SiGraphene,finetuned_reference,,20260427,500.0,2464.5964,2436.11063,28.485752
D_SiGraphene,D_SiGraphene,finetuned_reference,,20260428,0.0,2.149646e-29,2.149646e-29,0.0
D_SiGraphene,D_SiGraphene,finetuned_reference,,20260428,5.0,19.704469,13.9323335,5.772135
D_SiGraphene,D_SiGraphene,finetuned_reference,,20260428,10.0,45.786652,26.059151,19.7275
D_SiGraphene,D_SiGraphene,finetuned_reference,,20260428,15.0,30.358467,12.283647199999999,18.07482
D_SiGraphene,D_SiGraphene,finetuned_reference,,20260428,20.0,48.327842,28.695726999999998,19.632115
D_SiGraphene,D_SiGraphene,finetuned_reference,,20260428,25.0,36.974002,16.2013095,20.772692
D_SiGraphene,D_SiGraphene,finetuned_reference,,20260428,30.0,39.893153,16.8694087,23.023745
D_SiGraphene,D_SiGraphene,finetuned_reference,,20260428,35.0,36.438284,16.7118258,19.726458
D_SiGraphene,D_SiGraphene,finetuned_reference,,20260428,40.0,54.643899,33.1327401,21.511159
D_SiGraphene,D_SiGraphene,finetuned_reference,,20260428,45.0,75.497915,51.0962965,24.401618
D_SiGraphene,D_SiGraphene,finetuned_reference,,20260428,50.0,108.49848,57.0991201,51.39936
D_SiGraphene,D_SiGraphene,finetuned_reference,,20260428,55.0,159.86857,99.2354008,60.633166
D_SiGraphene,D_SiGraphene,finetuned_reference,,20260428,60.0,178.31336,136.05525500000002,42.258107
D_SiGraphene,D_SiGraphene,finetuned_reference,,20260428,65.0,215.95203,180.378341,35.573686
D_SiGraphene,D_SiGraphene,finetuned_reference,,20260428,70.0,260.27419,217.478953,42.795242
D_SiGraphene,D_SiGraphene,finetuned_reference,,20260428,75.0,341.26631,323.86330699999996,17.403005
D_SiGraphene,D_SiGraphene,finetuned_reference,,20260428,80.0,406.27398,373.791361,32.482615
D_SiGraphene,D_SiGraphene,finetuned_reference,,20260428,85.0,468.61573,435.81428200000005,32.80145
D_SiGraphene,D_SiGraphene,finetuned_reference,,20260428,90.0,453.39254,430.56606999999997,22.826471
D_SiGraphene,D_SiGraphene,finetuned_reference,,20260428,95.0,441.8399,411.114513,30.72538
D_SiGraphene,D_SiGraphene,finetuned_reference,,20260428,100.0,446.98405,415.788348,31.195698
D_SiGraphene,D_SiGraphene,finetuned_reference,,20260428,105.0,442.3222,422.95171899999997,19.37048
D_SiGraphene,D_SiGraphene,finetuned_reference,,20260428,110.0,487.93869,457.84072,30.097971
D_SiGraphene,D_SiGraphene,finetuned_reference,,20260428,115.0,503.93762,467.6179899,36.319625
D_SiGraphene,D_SiGraphene,finetuned_reference,,20260428,120.0,469.04196,433.2803952,35.761574
D_SiGraphene,D_SiGraphene,finetuned_reference,,20260428,125.0,529.24408,493.2707916,35.973295
D_SiGraphene,D_SiGraphene,finetuned_reference,,20260428,130.0,412.55532,380.7475517,31.807774
D_SiGraphene,D_SiGraphene,finetuned_reference,,20260428,135.0,431.58522,401.624152,29.96107
D_SiGraphene,D_SiGraphene,finetuned_reference,,20260428,140.0,495.79612,454.28758500000004,41.508537
D_SiGraphene,D_SiGraphene,finetuned_reference,,20260428,145.0,476.97616,447.03707499999996,29.939081
D_SiGraphene,D_SiGraphene,finetuned_reference,,20260428,150.0,515.71706,492.746385,22.970674
D_SiGraphene,D_SiGraphene,finetuned_reference,,20260428,155.0,473.68154,449.089836,24.591703
D_SiGraphene,D_SiGraphene,finetuned_reference,,20260428,160.0,417.72968,387.8879371,29.84174
D_SiGraphene,D_SiGraphene,finetuned_reference,,20260428,165.0,427.18569,396.0590597,31.126636
D_SiGraphene,D_SiGraphene,finetuned_reference,,20260428,170.0,429.47115,402.3128474,27.158302
D_SiGraphene,D_SiGraphene,finetuned_reference,,20260428,175.0,444.71112,416.6177311,28.093389
D_SiGraphene,D_SiGraphene,finetuned_reference,,20260428,180.0,399.30851,372.201995,27.106509
D_SiGraphene,D_SiGraphene,finetuned_reference,,20260428,185.0,507.51051,471.76242399999995,35.748085
D_SiGraphene,D_SiGraphene,finetuned_reference,,20260428,190.0,495.37095,462.6233812,32.747566
D_SiGraphene,D_SiGraphene,finetuned_reference,,20260428,195.0,456.49885,423.8041913,32.694665
D_SiGraphene,D_SiGraphene,finetuned_reference,,20260428,200.0,427.67656,401.91577420000004,25.760782
D_SiGraphene,D_SiGraphene,finetuned_reference,,20260428,205.0,431.93215,402.3007824,29.631372
D_SiGraphene,D_SiGraphene,finetuned_reference,,20260428,210.0,491.32327,459.625966,31.697307
D_SiGraphene,D_SiGraphene,finetuned_reference,,20260428,215.0,464.79157,434.887532,29.904041
D_SiGraphene,D_SiGraphene,finetuned_reference,,20260428,220.0,435.93531,406.7212205,29.214088
D_SiGraphene,D_SiGraphene,finetuned_reference,,20260428,225.0,427.95984,394.50963679999995,33.450205
D_SiGraphene,D_SiGraphene,finetuned_reference,,20260428,230.0,416.25304,380.6074431,35.645596
D_SiGraphene,D_SiGraphene,finetuned_reference,,20260428,235.0,405.5465,373.5335991,32.012904
D_SiGraphene,D_SiGraphene,finetuned_reference,,20260428,240.0,445.73375,414.34317059999995,31.390579
D_SiGraphene,D_SiGraphene,finetuned_reference,,20260428,245.0,431.76278,398.5510044,33.211777
D_SiGraphene,D_SiGraphene,finetuned_reference,,20260428,250.0,425.78529,391.75120400000003,34.034086
D_SiGraphene,D_SiGraphene,finetuned_reference,,20260428,255.0,436.16496,403.3231544,32.8418
D_SiGraphene,D_SiGraphene,finetuned_reference,,20260428,260.0,440.16342,407.1973777,32.966052
D_SiGraphene,D_SiGraphene,finetuned_reference,,20260428,265.0,465.72924,427.8685579,37.860688
D_SiGraphene,D_SiGraphene,finetuned_reference,,20260428,270.0,442.99523,410.899109,32.096119
D_SiGraphene,D_SiGraphene,finetuned_reference,,20260428,275.0,411.33929,384.7816161,26.557666
D_SiGraphene,D_SiGraphene,finetuned_reference,,20260428,280.0,412.274,383.2111128,29.062884
D_SiGraphene,D_SiGraphene,finetuned_reference,,20260428,285.0,412.15233,377.7969197,34.355417
D_SiGraphene,D_SiGraphene,finetuned_reference,,20260428,290.0,403.68278,384.1087488,19.574033
D_SiGraphene,D_SiGraphene,finetuned_reference,,20260428,295.0,424.34972,397.9507358,26.398988
D_SiGraphene,D_SiGraphene,finetuned_reference,,20260428,300.0,424.77071,392.1761201,32.594586
D_SiGraphene,D_SiGraphene,finetuned_reference,,20260428,305.0,513.29237,476.3912121,36.901157
D_SiGraphene,D_SiGraphene,finetuned_reference,,20260428,310.0,424.85153,386.75442125999996,38.097112
D_SiGraphene,D_SiGraphene,finetuned_reference,,20260428,315.0,409.56384,377.8763376,31.687506
D_SiGraphene,D_SiGraphene,finetuned_reference,,20260428,320.0,501.72662,473.79687386999996,27.929741
D_SiGraphene,D_SiGraphene,finetuned_reference,,20260428,325.0,509.56593,485.5659147,24.000009
D_SiGraphene,D_SiGraphene,finetuned_reference,,20260428,330.0,515.93666,484.1677798,31.768871
D_SiGraphene,D_SiGraphene,finetuned_reference,,20260428,335.0,480.54646,444.912827,35.633638
D_SiGraphene,D_SiGraphene,finetuned_reference,,20260428,340.0,518.11446,482.23479315900005,35.879672
D_SiGraphene,D_SiGraphene,finetuned_reference,,20260428,345.0,498.06147,469.0279867,29.033479
D_SiGraphene,D_SiGraphene,finetuned_reference,,20260428,350.0,492.6631,464.65828309,28.004817
D_SiGraphene,D_SiGraphene,finetuned_reference,,20260428,355.0,465.01871,433.37970859999996,31.638995
D_SiGraphene,D_SiGraphene,finetuned_reference,,20260428,360.0,396.76342,368.4961803,28.267235
D_SiGraphene,D_SiGraphene,finetuned_reference,,20260428,365.0,429.96743,390.8339629,39.133471
D_SiGraphene,D_SiGraphene,finetuned_reference,,20260428,370.0,428.13797,390.27991149999997,37.858058
D_SiGraphene,D_SiGraphene,finetuned_reference,,20260428,375.0,445.80433,408.9940159,36.810321
D_SiGraphene,D_SiGraphene,finetuned_reference,,20260428,380.0,416.71835,388.99977,27.718585
D_SiGraphene,D_SiGraphene,finetuned_reference,,20260428,385.0,443.45445,414.67660327,28.777845
D_SiGraphene,D_SiGraphene,finetuned_reference,,20260428,390.0,471.98549,447.06790359999997,24.917587
D_SiGraphene,D_SiGraphene,finetuned_reference,,20260428,395.0,481.73781,454.2421789,27.495635
D_SiGraphene,D_SiGraphene,finetuned_reference,,20260428,400.0,456.36292,429.72599510000003,26.63693
D_SiGraphene,D_SiGraphene,finetuned_reference,,20260428,405.0,433.49737,401.5361603,31.961214
D_SiGraphene,D_SiGraphene,finetuned_reference,,20260428,410.0,489.68515,451.9344553,37.750701
D_SiGraphene,D_SiGraphene,finetuned_reference,,20260428,415.0,489.77744,447.0602959,42.717141
D_SiGraphene,D_SiGraphene,finetuned_reference,,20260428,420.0,437.47457,396.9172446,40.557329
D_SiGraphene,D_SiGraphene,finetuned_reference,,20260428,425.0,520.53571,483.324142,37.211574
D_SiGraphene,D_SiGraphene,finetuned_reference,,20260428,430.0,509.36973,470.628242,38.741484
D_SiGraphene,D_SiGraphene,finetuned_reference,,20260428,435.0,526.37773,499.181337,27.19639
D_SiGraphene,D_SiGraphene,finetuned_reference,,20260428,440.0,491.72783,462.629503,29.098325
D_SiGraphene,D_SiGraphene,finetuned_reference,,20260428,445.0,423.10173,395.0537413,28.047985
D_SiGraphene,D_SiGraphene,finetuned_reference,,20260428,450.0,391.91641,364.3350107,27.581392
D_SiGraphene,D_SiGraphene,finetuned_reference,,20260428,455.0,440.1771,405.88945787,34.287641
D_SiGraphene,D_SiGraphene,finetuned_reference,,20260428,460.0,527.0388,497.646024,29.392773
D_SiGraphene,D_SiGraphene,finetuned_reference,,20260428,465.0,461.11816,430.9522146,30.165942
D_SiGraphene,D_SiGraphene,finetuned_reference,,20260428,470.0,491.62716,463.11605899999995,28.511108
D_SiGraphene,D_SiGraphene,finetuned_reference,,20260428,475.0,434.59302,397.371794,37.221219
D_SiGraphene,D_SiGraphene,finetuned_reference,,20260428,480.0,473.53075,441.2244772,32.306273
D_SiGraphene,D_SiGraphene,finetuned_reference,,20260428,485.0,515.09476,472.56732308,42.527443
D_SiGraphene,D_SiGraphene,finetuned_reference,,20260428,490.0,514.95537,482.1570164,32.798361
D_SiGraphene,D_SiGraphene,finetuned_reference,,20260428,495.0,523.52333,477.98927330000004,45.534057
D_SiGraphene,D_SiGraphene,finetuned_reference,,20260428,500.0,520.60622,489.54457599999995,31.06164
D_SiGraphene,D_SiGraphene,finetuned_reference,,20260429,0.0,1.9721523e-29,1.8932662e-29,7.8886091e-31
D_SiGraphene,D_SiGraphene,finetuned_reference,,20260429,5.0,16.885589,14.174109399999999,2.7114793
D_SiGraphene,D_SiGraphene,finetuned_reference,,20260429,10.0,35.165574,11.809224400000002,23.356349
D_SiGraphene,D_SiGraphene,finetuned_reference,,20260429,15.0,57.058056,38.094305000000006,18.963751
D_SiGraphene,D_SiGraphene,finetuned_reference,,20260429,20.0,50.126041,32.6997509,17.42629
D_SiGraphene,D_SiGraphene,finetuned_reference,,20260429,25.0,42.687841,22.9022375,19.785603
D_SiGraphene,D_SiGraphene,finetuned_reference,,20260429,30.0,38.213539,25.0663305,13.147208
D_SiGraphene,D_SiGraphene,finetuned_reference,,20260429,35.0,6.9972979,6.3523255,0.64497246
D_SiGraphene,D_SiGraphene,finetuned_reference,,20260429,40.0,33.861215,27.713132,6.1480833
D_SiGraphene,D_SiGraphene,finetuned_reference,,20260429,45.0,19.238434,15.898828,3.3396061
D_SiGraphene,D_SiGraphene,finetuned_reference,,20260429,50.0,52.69452,37.2302034,15.464316
D_SiGraphene,D_SiGraphene,finetuned_reference,,20260429,55.0,19.296114,17.3732074,1.9229067
D_SiGraphene,D_SiGraphene,finetuned_reference,,20260429,60.0,18.990428,7.11617823,11.87425
D_SiGraphene,D_SiGraphene,finetuned_reference,,20260429,65.0,35.88094,20.6329042,15.248036
D_SiGraphene,D_SiGraphene,finetuned_reference,,20260429,70.0,39.119511,26.7980322,12.321478
D_SiGraphene,D_SiGraphene,finetuned_reference,,20260429,75.0,20.848044,15.0545168,5.7935276
D_SiGraphene,D_SiGraphene,finetuned_reference,,20260429,80.0,35.989558,26.600113999999998,9.3894441
D_SiGraphene,D_SiGraphene,finetuned_reference,,20260429,85.0,27.756639,22.3797827,5.3768559
D_SiGraphene,D_SiGraphene,finetuned_reference,,20260429,90.0,47.919408,35.602552,12.316856
D_SiGraphene,D_SiGraphene,finetuned_reference,,20260429,95.0,25.506608,17.8732601,7.6333479
D_SiGraphene,D_SiGraphene,finetuned_reference,,20260429,100.0,15.15412,12.8448128,2.3093068
D_SiGraphene,D_SiGraphene,finetuned_reference,,20260429,105.0,24.193047,18.427812,5.765235
D_SiGraphene,D_SiGraphene,finetuned_reference,,20260429,110.0,26.825825,22.2344403,4.591385
D_SiGraphene,D_SiGraphene,finetuned_reference,,20260429,115.0,13.631969,10.8840667,2.7479023
D_SiGraphene,D_SiGraphene,finetuned_reference,,20260429,120.0,30.975256,17.4412698,13.533986
D_SiGraphene,D_SiGraphene,finetuned_reference,,20260429,125.0,37.427155,30.401912,7.0252429
D_SiGraphene,D_SiGraphene,finetuned_reference,,20260429,130.0,40.795533,26.7706408,14.024892
D_SiGraphene,D_SiGraphene,finetuned_reference,,20260429,135.0,44.572346,33.636779,10.935568
D_SiGraphene,D_SiGraphene,finetuned_reference,,20260429,140.0,35.096683,22.983689,12.112995
D_SiGraphene,D_SiGraphene,finetuned_reference,,20260429,145.0,29.630221,17.6475097,11.982712
D_SiGraphene,D_SiGraphene,finetuned_reference,,20260429,150.0,40.531741,27.2037674,13.327974
D_SiGraphene,D_SiGraphene,finetuned_reference,,20260429,155.0,35.40108,16.7633199,18.637759
D_SiGraphene,D_SiGraphene,finetuned_reference,,20260429,160.0,32.958104,17.176938300000003,15.781166
D_SiGraphene,D_SiGraphene,finetuned_reference,,20260429,165.0,44.583446,35.40647,9.1769756
D_SiGraphene,D_SiGraphene,finetuned_reference,,20260429,170.0,25.98657,11.6080322,14.378538
D_SiGraphene,D_SiGraphene,finetuned_reference,,20260429,175.0,31.533632,26.376254,5.1573777
D_SiGraphene,D_SiGraphene,finetuned_reference,,20260429,180.0,38.158551,33.2552088,4.9033429
D_SiGraphene,D_SiGraphene,finetuned_reference,,20260429,185.0,24.232071,10.6737052,13.558366
D_SiGraphene,D_SiGraphene,finetuned_reference,,20260429,190.0,18.032386,17.3977255,0.63466076
D_SiGraphene,D_SiGraphene,finetuned_reference,,20260429,195.0,19.729334,8.8423947,10.886939
D_SiGraphene,D_SiGraphene,finetuned_reference,,20260429,200.0,24.050458,17.8914921,6.1589655
D_SiGraphene,D_SiGraphene,finetuned_reference,,20260429,205.0,13.959783,9.1976602,4.7621229
D_SiGraphene,D_SiGraphene,finetuned_reference,,20260429,210.0,38.533859,24.6826702,13.851189
D_SiGraphene,D_SiGraphene,finetuned_reference,,20260429,215.0,45.810403,23.8056088,22.004795
D_SiGraphene,D_SiGraphene,finetuned_reference,,20260429,220.0,19.946474,15.250771799999999,4.6957021
D_SiGraphene,D_SiGraphene,finetuned_reference,,20260429,225.0,36.781704,24.1676526,12.614051
D_SiGraphene,D_SiGraphene,finetuned_reference,,20260429,230.0,8.8328786,7.7581924,1.0746862
D_SiGraphene,D_SiGraphene,finetuned_reference,,20260429,235.0,40.006126,22.4712412,17.534885
D_SiGraphene,D_SiGraphene,finetuned_reference,,20260429,240.0,11.580915,7.016211940000001,4.5647031
D_SiGraphene,D_SiGraphene,finetuned_reference,,20260429,245.0,22.557383,18.072298,4.4850847
D_SiGraphene,D_SiGraphene,finetuned_reference,,20260429,250.0,31.677077,19.2223804,12.454697
D_SiGraphene,D_SiGraphene,finetuned_reference,,20260429,255.0,38.897238,26.5675972,12.329641
D_SiGraphene,D_SiGraphene,finetuned_reference,,20260429,260.0,26.836843,22.1874127,4.6494304
D_SiGraphene,D_SiGraphene,finetuned_reference,,20260429,265.0,35.350476,27.3011794,8.0492967
D_SiGraphene,D_SiGraphene,finetuned_reference,,20260429,270.0,35.421367,26.1516531,9.2697146
D_SiGraphene,D_SiGraphene,finetuned_reference,,20260429,275.0,31.321396,22.9652953,8.3561005
D_SiGraphene,D_SiGraphene,finetuned_reference,,20260429,280.0,30.685188,22.331925,8.3532633
D_SiGraphene,D_SiGraphene,finetuned_reference,,20260429,285.0,37.041386,26.838175,10.20321
D_SiGraphene,D_SiGraphene,finetuned_reference,,20260429,290.0,28.948945,28.025185999999998,0.9237592
D_SiGraphene,D_SiGraphene,finetuned_reference,,20260429,295.0,35.139955,13.5617369,21.578218
D_SiGraphene,D_SiGraphene,finetuned_reference,,20260429,300.0,27.754415,12.5066947,15.247721
D_SiGraphene,D_SiGraphene,finetuned_reference,,20260429,305.0,35.216281,29.847367,5.3689148
D_SiGraphene,D_SiGraphene,finetuned_reference,,20260429,310.0,31.944903,28.1550959,3.7898076
D_SiGraphene,D_SiGraphene,finetuned_reference,,20260429,315.0,32.275671,17.9359119,14.339759
D_SiGraphene,D_SiGraphene,finetuned_reference,,20260429,320.0,28.27298,22.561889800000003,5.7110902
D_SiGraphene,D_SiGraphene,finetuned_reference,,20260429,325.0,35.721232,22.411055100000002,13.310176
D_SiGraphene,D_SiGraphene,finetuned_reference,,20260429,330.0,29.294321,23.2685351,6.025785
D_SiGraphene,D_SiGraphene,finetuned_reference,,20260429,335.0,38.021341,23.275271,14.74607
D_SiGraphene,D_SiGraphene,finetuned_reference,,20260429,340.0,36.35485,31.817922499999998,4.5369274
D_SiGraphene,D_SiGraphene,finetuned_reference,,20260429,345.0,37.976959,29.503635,8.4733239
D_SiGraphene,D_SiGraphene,finetuned_reference,,20260429,350.0,25.263439,13.80155862,11.46188
D_SiGraphene,D_SiGraphene,finetuned_reference,,20260429,355.0,24.049783,23.1031877,0.94659459
D_SiGraphene,D_SiGraphene,finetuned_reference,,20260429,360.0,26.567586,19.2680316,7.2995546
D_SiGraphene,D_SiGraphene,finetuned_reference,,20260429,365.0,31.533196,24.307947,7.2252488
D_SiGraphene,D_SiGraphene,finetuned_reference,,20260429,370.0,28.585365,19.1667211,9.4186436
D_SiGraphene,D_SiGraphene,finetuned_reference,,20260429,375.0,28.248623,16.9091203,11.339503
D_SiGraphene,D_SiGraphene,finetuned_reference,,20260429,380.0,38.906915,33.693751,5.2131637
D_SiGraphene,D_SiGraphene,finetuned_reference,,20260429,385.0,32.101819,17.0445375,15.057281
D_SiGraphene,D_SiGraphene,finetuned_reference,,20260429,390.0,21.162687,20.645812300000003,0.51687407
D_SiGraphene,D_SiGraphene,finetuned_reference,,20260429,395.0,46.782326,35.764262,11.018065
D_SiGraphene,D_SiGraphene,finetuned_reference,,20260429,400.0,49.213209,40.5427485,8.6704608
D_SiGraphene,D_SiGraphene,finetuned_reference,,20260429,405.0,15.283046,14.1140694,1.1689764
D_SiGraphene,D_SiGraphene,finetuned_reference,,20260429,410.0,27.795424,25.365048,2.430376
D_SiGraphene,D_SiGraphene,finetuned_reference,,20260429,415.0,40.261391,29.8349823,10.426408
D_SiGraphene,D_SiGraphene,finetuned_reference,,20260429,420.0,40.085091,23.989046000000002,16.096045
D_SiGraphene,D_SiGraphene,finetuned_reference,,20260429,425.0,35.068951,16.116519,18.952432
D_SiGraphene,D_SiGraphene,finetuned_reference,,20260429,430.0,34.042056,20.2508406,13.791216
D_SiGraphene,D_SiGraphene,finetuned_reference,,20260429,435.0,17.262391,15.3259139,1.9364773
D_SiGraphene,D_SiGraphene,finetuned_reference,,20260429,440.0,21.589185,9.1199831,12.469201
D_SiGraphene,D_SiGraphene,finetuned_reference,,20260429,445.0,25.718107,19.480554400000003,6.2375526
D_SiGraphene,D_SiGraphene,finetuned_reference,,20260429,450.0,18.461067,16.2346906,2.2263759
D_SiGraphene,D_SiGraphene,finetuned_reference,,20260429,455.0,35.754477,32.4429688,3.3115079
D_SiGraphene,D_SiGraphene,finetuned_reference,,20260429,460.0,37.84069,27.728954899999998,10.111735
D_SiGraphene,D_SiGraphene,finetuned_reference,,20260429,465.0,26.46757,11.4888858,14.978684
D_SiGraphene,D_SiGraphene,finetuned_reference,,20260429,470.0,42.190797,27.7430511,14.447745
D_SiGraphene,D_SiGraphene,finetuned_reference,,20260429,475.0,27.293888,17.386039099999998,9.9078482
D_SiGraphene,D_SiGraphene,finetuned_reference,,20260429,480.0,36.165513,22.6732067,13.492306
D_SiGraphene,D_SiGraphene,finetuned_reference,,20260429,485.0,22.192736,17.6950194,4.497717
D_SiGraphene,D_SiGraphene,finetuned_reference,,20260429,490.0,38.088077,22.620576,15.4675
D_SiGraphene,D_SiGraphene,finetuned_reference,,20260429,495.0,30.259658,20.3301702,9.9294876
D_SiGraphene,D_SiGraphene,finetuned_reference,,20260429,500.0,26.876115,13.5817843,13.294331
li_mace_review_seed20260427_B1_Monovacancy,B1_Monovacancy,committee_model,20260427,20260427,0.0,6.3108872e-30,6.3108872e-30,0.0
li_mace_review_seed20260427_B1_Monovacancy,B1_Monovacancy,committee_model,20260427,20260427,2.0,6.6208948,3.0909141300000003,3.5299807
li_mace_review_seed20260427_B1_Monovacancy,B1_Monovacancy,committee_model,20260427,20260427,4.0,26.657729,10.9590158,15.698714
li_mace_review_seed20260427_B1_Monovacancy,B1_Monovacancy,committee_model,20260427,20260427,6.0,55.600857,14.4579272,41.14293
li_mace_review_seed20260427_B1_Monovacancy,B1_Monovacancy,committee_model,20260427,20260427,8.0,65.336549,16.0663172,49.270232
li_mace_review_seed20260427_B1_Monovacancy,B1_Monovacancy,committee_model,20260427,20260427,10.0,55.113237,18.4982887,36.614949
li_mace_review_seed20260427_B1_Monovacancy,B1_Monovacancy,committee_model,20260427,20260427,12.0,64.635121,24.768168099999997,39.866954
li_mace_review_seed20260427_B1_Monovacancy,B1_Monovacancy,committee_model,20260427,20260427,14.0,75.617388,28.6839355,46.933453
li_mace_review_seed20260427_B1_Monovacancy,B1_Monovacancy,committee_model,20260427,20260427,16.0,66.605446,16.1074,50.498046
li_mace_review_seed20260427_B1_Monovacancy,B1_Monovacancy,committee_model,20260427,20260427,18.0,75.19411,26.756932999999997,48.437177
li_mace_review_seed20260427_B1_Monovacancy,B1_Monovacancy,committee_model,20260427,20260427,20.0,105.89789,64.0058478,41.892039
li_mace_review_seed20260427_B1_Monovacancy,B1_Monovacancy,committee_model,20260427,20260427,22.0,124.50677,76.5549755,47.95179
li_mace_review_seed20260427_B1_Monovacancy,B1_Monovacancy,committee_model,20260427,20260427,24.0,92.535156,46.588743,45.946413
li_mace_review_seed20260427_B1_Monovacancy,B1_Monovacancy,committee_model,20260427,20260427,26.0,82.244428,36.111075,46.133353
li_mace_review_seed20260427_B1_Monovacancy,B1_Monovacancy,committee_model,20260427,20260427,28.0,105.81705,64.728477,41.088576
li_mace_review_seed20260427_B1_Monovacancy,B1_Monovacancy,committee_model,20260427,20260427,30.0,136.86386,83.88682700000001,52.977032
li_mace_review_seed20260427_B1_Monovacancy,B1_Monovacancy,committee_model,20260427,20260427,32.0,85.249021,49.458698,35.790323
li_mace_review_seed20260427_B1_Monovacancy,B1_Monovacancy,committee_model,20260427,20260427,34.0,107.82933,63.537205,44.292127
li_mace_review_seed20260427_B1_Monovacancy,B1_Monovacancy,committee_model,20260427,20260427,36.0,105.2982,61.303146,43.995059
li_mace_review_seed20260427_B1_Monovacancy,B1_Monovacancy,committee_model,20260427,20260427,38.0,103.39243,59.797871,43.594554
li_mace_review_seed20260427_B1_Monovacancy,B1_Monovacancy,committee_model,20260427,20260427,40.0,134.31507,81.905478,52.409594
li_mace_review_seed20260427_B1_Monovacancy,B1_Monovacancy,committee_model,20260427,20260427,42.0,146.85914,101.098269,45.76087
li_mace_review_seed20260427_B1_Monovacancy,B1_Monovacancy,committee_model,20260427,20260427,44.0,116.16828,66.47550199999999,49.692777
li_mace_review_seed20260427_B1_Monovacancy,B1_Monovacancy,committee_model,20260427,20260427,46.0,125.01034,79.063369,45.94697
li_mace_review_seed20260427_B1_Monovacancy,B1_Monovacancy,committee_model,20260427,20260427,48.0,136.1927,88.34908999999999,47.843612
li_mace_review_seed20260427_B1_Monovacancy,B1_Monovacancy,committee_model,20260427,20260427,50.0,171.68188,127.364959,44.316927
li_mace_review_seed20260427_B1_Monovacancy,B1_Monovacancy,committee_model,20260427,20260427,52.0,182.00678,127.93565900000002,54.07112
li_mace_review_seed20260427_B1_Monovacancy,B1_Monovacancy,committee_model,20260427,20260427,54.0,173.7406,126.51889399999999,47.221704
li_mace_review_seed20260427_B1_Monovacancy,B1_Monovacancy,committee_model,20260427,20260427,56.0,172.43218,115.986323,56.44586
li_mace_review_seed20260427_B1_Monovacancy,B1_Monovacancy,committee_model,20260427,20260427,58.0,211.57635,157.891376,53.684974
li_mace_review_seed20260427_B1_Monovacancy,B1_Monovacancy,committee_model,20260427,20260427,60.0,218.23992,163.215326,55.024598
li_mace_review_seed20260427_B1_Monovacancy,B1_Monovacancy,committee_model,20260427,20260427,62.0,212.52965,163.74879199999998,48.780852
li_mace_review_seed20260427_B1_Monovacancy,B1_Monovacancy,committee_model,20260427,20260427,64.0,253.76398,198.783582,54.980404
li_mace_review_seed20260427_B1_Monovacancy,B1_Monovacancy,committee_model,20260427,20260427,66.0,297.44165,242.55894,54.882707
li_mace_review_seed20260427_B1_Monovacancy,B1_Monovacancy,committee_model,20260427,20260427,68.0,228.02628,187.52018199999998,40.506099
li_mace_review_seed20260427_B1_Monovacancy,B1_Monovacancy,committee_model,20260427,20260427,70.0,176.56061,147.829398,28.73121
li_mace_review_seed20260427_B1_Monovacancy,B1_Monovacancy,committee_model,20260427,20260427,72.0,175.19781,157.323471,17.874338
li_mace_review_seed20260427_B1_Monovacancy,B1_Monovacancy,committee_model,20260427,20260427,74.0,119.19369,112.67748499999999,6.5162037
li_mace_review_seed20260427_B1_Monovacancy,B1_Monovacancy,committee_model,20260427,20260427,76.0,140.00112,133.046286,6.9548253
li_mace_review_seed20260427_B1_Monovacancy,B1_Monovacancy,committee_model,20260427,20260427,78.0,113.51528,110.077057,3.4382204
li_mace_review_seed20260427_B1_Monovacancy,B1_Monovacancy,committee_model,20260427,20260427,80.0,138.47726,134.236109,4.2411528
li_mace_review_seed20260427_B1_Monovacancy,B1_Monovacancy,committee_model,20260427,20260427,82.0,140.81433,136.447208,4.3671271
li_mace_review_seed20260427_B1_Monovacancy,B1_Monovacancy,committee_model,20260427,20260427,84.0,125.48754,121.137906,4.3496384
li_mace_review_seed20260427_B1_Monovacancy,B1_Monovacancy,committee_model,20260427,20260427,86.0,109.99004,107.19155099999999,2.7984912
li_mace_review_seed20260427_B1_Monovacancy,B1_Monovacancy,committee_model,20260427,20260427,88.0,119.02232,113.97255100000001,5.0497662
li_mace_review_seed20260427_B1_Monovacancy,B1_Monovacancy,committee_model,20260427,20260427,90.0,117.7557,113.382926,4.3727759
li_mace_review_seed20260427_B1_Monovacancy,B1_Monovacancy,committee_model,20260427,20260427,92.0,124.72802,120.23027900000001,4.497744
li_mace_review_seed20260427_B1_Monovacancy,B1_Monovacancy,committee_model,20260427,20260427,94.0,108.13464,104.90692000000001,3.2277216
li_mace_review_seed20260427_B1_Monovacancy,B1_Monovacancy,committee_model,20260427,20260427,96.0,111.94631,107.849272,4.0970363
li_mace_review_seed20260427_B1_Monovacancy,B1_Monovacancy,committee_model,20260427,20260427,98.0,122.55641,119.418789,3.1376254
li_mace_review_seed20260427_B1_Monovacancy,B1_Monovacancy,committee_model,20260427,20260427,100.0,106.50586,103.725945,2.7799127
li_mace_review_seed20260427_B1_Monovacancy,B1_Monovacancy,committee_model,20260427,20260427,102.0,115.57045,111.971858,3.5985968
li_mace_review_seed20260427_B1_Monovacancy,B1_Monovacancy,committee_model,20260427,20260427,104.0,107.22145,104.935388,2.2860622
li_mace_review_seed20260427_B1_Monovacancy,B1_Monovacancy,committee_model,20260427,20260427,106.0,93.490147,89.840231,3.6499155
li_mace_review_seed20260427_B1_Monovacancy,B1_Monovacancy,committee_model,20260427,20260427,108.0,121.21826,117.225762,3.992501
li_mace_review_seed20260427_B1_Monovacancy,B1_Monovacancy,committee_model,20260427,20260427,110.0,86.164034,81.923952,4.2400824
li_mace_review_seed20260427_B1_Monovacancy,B1_Monovacancy,committee_model,20260427,20260427,112.0,120.69554,117.528278,3.1672568
li_mace_review_seed20260427_B1_Monovacancy,B1_Monovacancy,committee_model,20260427,20260427,114.0,114.49973,108.548338,5.9513872
li_mace_review_seed20260427_B1_Monovacancy,B1_Monovacancy,committee_model,20260427,20260427,116.0,114.71131,105.603231,9.1080793
li_mace_review_seed20260427_B1_Monovacancy,B1_Monovacancy,committee_model,20260427,20260427,118.0,122.98351,118.67233499999999,4.3111717
li_mace_review_seed20260427_B1_Monovacancy,B1_Monovacancy,committee_model,20260427,20260427,120.0,111.88963,104.906825,6.9828026
li_mace_review_seed20260427_B1_Monovacancy,B1_Monovacancy,committee_model,20260427,20260427,122.0,118.30435,113.459893,4.8444555
li_mace_review_seed20260427_B1_Monovacancy,B1_Monovacancy,committee_model,20260427,20260427,124.0,112.75871,103.901972,8.8567358
li_mace_review_seed20260427_B1_Monovacancy,B1_Monovacancy,committee_model,20260427,20260427,126.0,122.62328,117.626697,4.9965835
li_mace_review_seed20260427_B1_Monovacancy,B1_Monovacancy,committee_model,20260427,20260427,128.0,116.56516,110.010502,6.5546619
li_mace_review_seed20260427_B1_Monovacancy,B1_Monovacancy,committee_model,20260427,20260427,130.0,125.58959,121.23652799999999,4.3530626
li_mace_review_seed20260427_B1_Monovacancy,B1_Monovacancy,committee_model,20260427,20260427,132.0,99.09367,96.586645,2.5070244
li_mace_review_seed20260427_B1_Monovacancy,B1_Monovacancy,committee_model,20260427,20260427,134.0,107.04329,103.049448,3.9938404
li_mace_review_seed20260427_B1_Monovacancy,B1_Monovacancy,committee_model,20260427,20260427,136.0,99.315244,96.94069300000001,2.3745518
li_mace_review_seed20260427_B1_Monovacancy,B1_Monovacancy,committee_model,20260427,20260427,138.0,97.707793,94.354091,3.3537017
li_mace_review_seed20260427_B1_Monovacancy,B1_Monovacancy,committee_model,20260427,20260427,140.0,105.21053,101.292807,3.917721
li_mace_review_seed20260427_B1_Monovacancy,B1_Monovacancy,committee_model,20260427,20260427,142.0,95.72044,91.910952,3.8094885
li_mace_review_seed20260427_B1_Monovacancy,B1_Monovacancy,committee_model,20260427,20260427,144.0,115.97852,110.43266200000001,5.5458558
li_mace_review_seed20260427_B1_Monovacancy,B1_Monovacancy,committee_model,20260427,20260427,146.0,121.86531,115.256343,6.6089653
li_mace_review_seed20260427_B1_Monovacancy,B1_Monovacancy,committee_model,20260427,20260427,148.0,144.93612,134.180124,10.756
li_mace_review_seed20260427_B1_Monovacancy,B1_Monovacancy,committee_model,20260427,20260427,150.0,150.06238,144.79501,5.2673685
li_mace_review_seed20260427_B1_Monovacancy,B1_Monovacancy,committee_model,20260427,20260427,152.0,156.84237,144.381669,12.460709
li_mace_review_seed20260427_B1_Monovacancy,B1_Monovacancy,committee_model,20260427,20260427,154.0,137.34213,130.040797,7.3013337
li_mace_review_seed20260427_B1_Monovacancy,B1_Monovacancy,committee_model,20260427,20260427,156.0,131.5659,124.286717,7.279183
li_mace_review_seed20260427_B1_Monovacancy,B1_Monovacancy,committee_model,20260427,20260427,158.0,121.74801,113.77929499999999,7.9687181
li_mace_review_seed20260427_B1_Monovacancy,B1_Monovacancy,committee_model,20260427,20260427,160.0,165.0758,160.52409,4.5517047
li_mace_review_seed20260427_B1_Monovacancy,B1_Monovacancy,committee_model,20260427,20260427,162.0,120.86734,116.171308,4.6960264
li_mace_review_seed20260427_B1_Monovacancy,B1_Monovacancy,committee_model,20260427,20260427,164.0,130.27775,123.902349,6.375395
li_mace_review_seed20260427_B1_Monovacancy,B1_Monovacancy,committee_model,20260427,20260427,166.0,154.5334,143.80272399999998,10.730677
li_mace_review_seed20260427_B1_Monovacancy,B1_Monovacancy,committee_model,20260427,20260427,168.0,178.78529,168.746166,10.039127
li_mace_review_seed20260427_B1_Monovacancy,B1_Monovacancy,committee_model,20260427,20260427,170.0,179.90878,172.239811,7.6689692
li_mace_review_seed20260427_B1_Monovacancy,B1_Monovacancy,committee_model,20260427,20260427,172.0,166.31271,158.059217,8.2534987
li_mace_review_seed20260427_B1_Monovacancy,B1_Monovacancy,committee_model,20260427,20260427,174.0,175.5494,168.565557,6.9838416
li_mace_review_seed20260427_B1_Monovacancy,B1_Monovacancy,committee_model,20260427,20260427,176.0,168.89011,160.623738,8.2663796
li_mace_review_seed20260427_B1_Monovacancy,B1_Monovacancy,committee_model,20260427,20260427,178.0,143.25631,137.477853,5.7784614
li_mace_review_seed20260427_B1_Monovacancy,B1_Monovacancy,committee_model,20260427,20260427,180.0,129.00357,122.848023,6.1555464
li_mace_review_seed20260427_B1_Monovacancy,B1_Monovacancy,committee_model,20260427,20260427,182.0,162.51237,156.49154700000003,6.020824
li_mace_review_seed20260427_B1_Monovacancy,B1_Monovacancy,committee_model,20260427,20260427,184.0,155.08869,145.192679,9.8960098
li_mace_review_seed20260427_B1_Monovacancy,B1_Monovacancy,committee_model,20260427,20260427,186.0,156.84567,151.39628100000002,5.4493958
li_mace_review_seed20260427_B1_Monovacancy,B1_Monovacancy,committee_model,20260427,20260427,188.0,170.60671,167.04571900000002,3.5609912
li_mace_review_seed20260427_B1_Monovacancy,B1_Monovacancy,committee_model,20260427,20260427,190.0,170.13269,160.711292,9.421395
li_mace_review_seed20260427_B1_Monovacancy,B1_Monovacancy,committee_model,20260427,20260427,192.0,171.59339,163.139022,8.4543641
li_mace_review_seed20260427_B1_Monovacancy,B1_Monovacancy,committee_model,20260427,20260427,194.0,155.62109,150.680808,4.9402827
li_mace_review_seed20260427_B1_Monovacancy,B1_Monovacancy,committee_model,20260427,20260427,196.0,133.74838,130.617072,3.1313034
li_mace_review_seed20260427_B1_Monovacancy,B1_Monovacancy,committee_model,20260427,20260427,198.0,181.91401,175.872471,6.0415367
li_mace_review_seed20260427_B1_Monovacancy,B1_Monovacancy,committee_model,20260427,20260427,200.0,166.42006,159.339949,7.0801134
li_mace_review_seed20260427_B2_Divacancy,B2_Divacancy,committee_model,20260427,20260427,0.0,6.5081025e-30,3.3526588e-30,3.1554436e-30
li_mace_review_seed20260427_B2_Divacancy,B2_Divacancy,committee_model,20260427,20260427,2.0,9.7301514,6.345644399999999,3.3845071
li_mace_review_seed20260427_B2_Divacancy,B2_Divacancy,committee_model,20260427,20260427,4.0,23.930655,6.6235422,17.307113
li_mace_review_seed20260427_B2_Divacancy,B2_Divacancy,committee_model,20260427,20260427,6.0,30.281336,12.4538069,17.827529
li_mace_review_seed20260427_B2_Divacancy,B2_Divacancy,committee_model,20260427,20260427,8.0,76.483521,54.346687,22.136834
li_mace_review_seed20260427_B2_Divacancy,B2_Divacancy,committee_model,20260427,20260427,10.0,48.164358,20.9540568,27.210301
li_mace_review_seed20260427_B2_Divacancy,B2_Divacancy,committee_model,20260427,20260427,12.0,62.939599,30.128186,32.811412
li_mace_review_seed20260427_B2_Divacancy,B2_Divacancy,committee_model,20260427,20260427,14.0,93.148806,68.591015,24.557791
li_mace_review_seed20260427_B2_Divacancy,B2_Divacancy,committee_model,20260427,20260427,16.0,51.324661,43.413075,7.9115871
li_mace_review_seed20260427_B2_Divacancy,B2_Divacancy,committee_model,20260427,20260427,18.0,47.809003,44.757419999999996,3.0515834
li_mace_review_seed20260427_B2_Divacancy,B2_Divacancy,committee_model,20260427,20260427,20.0,73.389282,66.16699,7.2222925
li_mace_review_seed20260427_B2_Divacancy,B2_Divacancy,committee_model,20260427,20260427,22.0,107.12361,92.609403,14.514211
li_mace_review_seed20260427_B2_Divacancy,B2_Divacancy,committee_model,20260427,20260427,24.0,129.95902,107.68829600000001,22.270727
li_mace_review_seed20260427_B2_Divacancy,B2_Divacancy,committee_model,20260427,20260427,26.0,95.765023,82.718271,13.046752
li_mace_review_seed20260427_B2_Divacancy,B2_Divacancy,committee_model,20260427,20260427,28.0,90.676797,66.70316,23.973637
li_mace_review_seed20260427_B2_Divacancy,B2_Divacancy,committee_model,20260427,20260427,30.0,80.28614,63.154145,17.131996
li_mace_review_seed20260427_B2_Divacancy,B2_Divacancy,committee_model,20260427,20260427,32.0,92.877087,65.251747,27.625341
li_mace_review_seed20260427_B2_Divacancy,B2_Divacancy,committee_model,20260427,20260427,34.0,96.321681,74.172603,22.149079
li_mace_review_seed20260427_B2_Divacancy,B2_Divacancy,committee_model,20260427,20260427,36.0,86.52123,61.146614,25.374616
li_mace_review_seed20260427_B2_Divacancy,B2_Divacancy,committee_model,20260427,20260427,38.0,93.275482,62.64359,30.631892
li_mace_review_seed20260427_B2_Divacancy,B2_Divacancy,committee_model,20260427,20260427,40.0,93.001074,50.916444999999996,42.084629
li_mace_review_seed20260427_B2_Divacancy,B2_Divacancy,committee_model,20260427,20260427,42.0,90.535432,65.187474,25.347958
li_mace_review_seed20260427_B2_Divacancy,B2_Divacancy,committee_model,20260427,20260427,44.0,95.126085,52.396704,42.729382
li_mace_review_seed20260427_B2_Divacancy,B2_Divacancy,committee_model,20260427,20260427,46.0,104.0481,62.129726000000005,41.918374
li_mace_review_seed20260427_B2_Divacancy,B2_Divacancy,committee_model,20260427,20260427,48.0,108.47523,62.176007999999996,46.299224
li_mace_review_seed20260427_B2_Divacancy,B2_Divacancy,committee_model,20260427,20260427,50.0,146.59267,66.753809,79.838862
li_mace_review_seed20260427_B2_Divacancy,B2_Divacancy,committee_model,20260427,20260427,52.0,137.33065,51.677198000000004,85.653449
li_mace_review_seed20260427_B2_Divacancy,B2_Divacancy,committee_model,20260427,20260427,54.0,141.50784,68.0382,73.469637
li_mace_review_seed20260427_B2_Divacancy,B2_Divacancy,committee_model,20260427,20260427,56.0,154.69795,61.425796,93.272157
li_mace_review_seed20260427_B2_Divacancy,B2_Divacancy,committee_model,20260427,20260427,58.0,178.34689,69.070247,109.27664
li_mace_review_seed20260427_B2_Divacancy,B2_Divacancy,committee_model,20260427,20260427,60.0,121.83444,58.829566,63.004874
li_mace_review_seed20260427_B2_Divacancy,B2_Divacancy,committee_model,20260427,20260427,62.0,145.69112,57.892708999999996,87.798408
li_mace_review_seed20260427_B2_Divacancy,B2_Divacancy,committee_model,20260427,20260427,64.0,147.80413,65.39236299999999,82.411768
li_mace_review_seed20260427_B2_Divacancy,B2_Divacancy,committee_model,20260427,20260427,66.0,175.72154,76.018202,99.703343
li_mace_review_seed20260427_B2_Divacancy,B2_Divacancy,committee_model,20260427,20260427,68.0,191.65835,92.22272799999999,99.435619
li_mace_review_seed20260427_B2_Divacancy,B2_Divacancy,committee_model,20260427,20260427,70.0,188.4909,106.249945,82.240959
li_mace_review_seed20260427_B2_Divacancy,B2_Divacancy,committee_model,20260427,20260427,72.0,245.33528,126.39103399999999,118.94424
li_mace_review_seed20260427_B2_Divacancy,B2_Divacancy,committee_model,20260427,20260427,74.0,270.43096,137.198355,133.2326
li_mace_review_seed20260427_B2_Divacancy,B2_Divacancy,committee_model,20260427,20260427,76.0,280.84929,151.697178,129.15211
li_mace_review_seed20260427_B2_Divacancy,B2_Divacancy,committee_model,20260427,20260427,78.0,309.74897,150.55431,159.19466
li_mace_review_seed20260427_B2_Divacancy,B2_Divacancy,committee_model,20260427,20260427,80.0,300.32789,151.40337699999998,148.92451
li_mace_review_seed20260427_B2_Divacancy,B2_Divacancy,committee_model,20260427,20260427,82.0,391.57719,177.40630299999998,214.17088
li_mace_review_seed20260427_B2_Divacancy,B2_Divacancy,committee_model,20260427,20260427,84.0,328.37149,172.503624,155.86787
li_mace_review_seed20260427_B2_Divacancy,B2_Divacancy,committee_model,20260427,20260427,86.0,348.85362,170.548097,178.30552
li_mace_review_seed20260427_B2_Divacancy,B2_Divacancy,committee_model,20260427,20260427,88.0,384.71395,165.56799,219.14597
li_mace_review_seed20260427_B2_Divacancy,B2_Divacancy,committee_model,20260427,20260427,90.0,383.51138,196.963576,186.54781
li_mace_review_seed20260427_B2_Divacancy,B2_Divacancy,committee_model,20260427,20260427,92.0,362.38321,200.572285,161.81092
li_mace_review_seed20260427_B2_Divacancy,B2_Divacancy,committee_model,20260427,20260427,94.0,330.83264,177.14118100000002,153.69145
li_mace_review_seed20260427_B2_Divacancy,B2_Divacancy,committee_model,20260427,20260427,96.0,360.51575,185.708524,174.80723
li_mace_review_seed20260427_B2_Divacancy,B2_Divacancy,committee_model,20260427,20260427,98.0,393.00966,191.008774,202.00088
li_mace_review_seed20260427_B2_Divacancy,B2_Divacancy,committee_model,20260427,20260427,100.0,358.91895,181.663052,177.2559
li_mace_review_seed20260427_B2_Divacancy,B2_Divacancy,committee_model,20260427,20260427,102.0,341.38563,178.72011700000002,162.66552
li_mace_review_seed20260427_B2_Divacancy,B2_Divacancy,committee_model,20260427,20260427,104.0,374.41549,206.105544,168.30994
li_mace_review_seed20260427_B2_Divacancy,B2_Divacancy,committee_model,20260427,20260427,106.0,341.12437,190.07621899999998,151.04815
li_mace_review_seed20260427_B2_Divacancy,B2_Divacancy,committee_model,20260427,20260427,108.0,382.18977,245.276195,136.91358
li_mace_review_seed20260427_B2_Divacancy,B2_Divacancy,committee_model,20260427,20260427,110.0,363.91988,223.694865,140.22501
li_mace_review_seed20260427_B2_Divacancy,B2_Divacancy,committee_model,20260427,20260427,112.0,406.20857,226.28664700000002,179.92192
li_mace_review_seed20260427_B2_Divacancy,B2_Divacancy,committee_model,20260427,20260427,114.0,406.2346,192.83058300000002,213.40401
li_mace_review_seed20260427_B2_Divacancy,B2_Divacancy,committee_model,20260427,20260427,116.0,372.45829,197.45424599999998,175.00405
li_mace_review_seed20260427_B2_Divacancy,B2_Divacancy,committee_model,20260427,20260427,118.0,354.71512,200.180179,154.53494
li_mace_review_seed20260427_B2_Divacancy,B2_Divacancy,committee_model,20260427,20260427,120.0,418.02284,263.72565,154.29718
li_mace_review_seed20260427_B2_Divacancy,B2_Divacancy,committee_model,20260427,20260427,122.0,385.11374,234.55746,150.55628
li_mace_review_seed20260427_B2_Divacancy,B2_Divacancy,committee_model,20260427,20260427,124.0,364.03343,213.76644299999998,150.26699
li_mace_review_seed20260427_B2_Divacancy,B2_Divacancy,committee_model,20260427,20260427,126.0,366.08742,241.70628299999998,124.38114
li_mace_review_seed20260427_B2_Divacancy,B2_Divacancy,committee_model,20260427,20260427,128.0,389.05695,204.06008400000002,184.99687
li_mace_review_seed20260427_B2_Divacancy,B2_Divacancy,committee_model,20260427,20260427,130.0,369.55204,204.53692999999998,165.01511
li_mace_review_seed20260427_B2_Divacancy,B2_Divacancy,committee_model,20260427,20260427,132.0,354.66126,218.941873,135.71939
li_mace_review_seed20260427_B2_Divacancy,B2_Divacancy,committee_model,20260427,20260427,134.0,389.97235,225.410799,164.56155
li_mace_review_seed20260427_B2_Divacancy,B2_Divacancy,committee_model,20260427,20260427,136.0,403.99872,225.603242,178.39548
li_mace_review_seed20260427_B2_Divacancy,B2_Divacancy,committee_model,20260427,20260427,138.0,405.67502,198.74275,206.93227
li_mace_review_seed20260427_B2_Divacancy,B2_Divacancy,committee_model,20260427,20260427,140.0,449.13843,251.801109,197.33732
li_mace_review_seed20260427_B2_Divacancy,B2_Divacancy,committee_model,20260427,20260427,142.0,462.67862,286.25108,176.42754
li_mace_review_seed20260427_B2_Divacancy,B2_Divacancy,committee_model,20260427,20260427,144.0,445.59623,309.80791999999997,135.78831
li_mace_review_seed20260427_B2_Divacancy,B2_Divacancy,committee_model,20260427,20260427,146.0,449.3716,323.14712,126.22448
li_mace_review_seed20260427_B2_Divacancy,B2_Divacancy,committee_model,20260427,20260427,148.0,526.7426,359.71994,167.02266
li_mace_review_seed20260427_B2_Divacancy,B2_Divacancy,committee_model,20260427,20260427,150.0,551.65829,398.10809,153.5502
li_mace_review_seed20260427_B2_Divacancy,B2_Divacancy,committee_model,20260427,20260427,152.0,542.97671,369.51986999999997,173.45685
li_mace_review_seed20260427_B2_Divacancy,B2_Divacancy,committee_model,20260427,20260427,154.0,551.1952,381.44193,169.75327
li_mace_review_seed20260427_B2_Divacancy,B2_Divacancy,committee_model,20260427,20260427,156.0,537.2071,384.27047000000005,152.93663
li_mace_review_seed20260427_B2_Divacancy,B2_Divacancy,committee_model,20260427,20260427,158.0,512.08309,331.64282000000003,180.44027
li_mace_review_seed20260427_B2_Divacancy,B2_Divacancy,committee_model,20260427,20260427,160.0,507.63732,351.92665999999997,155.71067
li_mace_review_seed20260427_B2_Divacancy,B2_Divacancy,committee_model,20260427,20260427,162.0,546.29583,373.26042,173.03541
li_mace_review_seed20260427_B2_Divacancy,B2_Divacancy,committee_model,20260427,20260427,164.0,577.78103,395.31545,182.46558
li_mace_review_seed20260427_B2_Divacancy,B2_Divacancy,committee_model,20260427,20260427,166.0,506.33801,344.27213,162.06588
li_mace_review_seed20260427_B2_Divacancy,B2_Divacancy,committee_model,20260427,20260427,168.0,533.0334,350.05725,182.97614
li_mace_review_seed20260427_B2_Divacancy,B2_Divacancy,committee_model,20260427,20260427,170.0,517.47596,360.68809999999996,156.78786
li_mace_review_seed20260427_B2_Divacancy,B2_Divacancy,committee_model,20260427,20260427,172.0,593.64251,411.0756,182.56691
li_mace_review_seed20260427_B2_Divacancy,B2_Divacancy,committee_model,20260427,20260427,174.0,536.22395,373.96092,162.26303
li_mace_review_seed20260427_B2_Divacancy,B2_Divacancy,committee_model,20260427,20260427,176.0,526.65043,366.24396,160.40647
li_mace_review_seed20260427_B2_Divacancy,B2_Divacancy,committee_model,20260427,20260427,178.0,551.13682,398.71056,152.42626
li_mace_review_seed20260427_B2_Divacancy,B2_Divacancy,committee_model,20260427,20260427,180.0,485.45473,343.81012,141.64461
li_mace_review_seed20260427_B2_Divacancy,B2_Divacancy,committee_model,20260427,20260427,182.0,489.8555,308.51103,181.34447
li_mace_review_seed20260427_B2_Divacancy,B2_Divacancy,committee_model,20260427,20260427,184.0,476.18673,321.34333,154.84341
li_mace_review_seed20260427_B2_Divacancy,B2_Divacancy,committee_model,20260427,20260427,186.0,472.44909,292.13541,180.31369
li_mace_review_seed20260427_B2_Divacancy,B2_Divacancy,committee_model,20260427,20260427,188.0,448.03328,288.73323000000005,159.30005
li_mace_review_seed20260427_B2_Divacancy,B2_Divacancy,committee_model,20260427,20260427,190.0,470.6398,298.21509000000003,172.42471
li_mace_review_seed20260427_B2_Divacancy,B2_Divacancy,committee_model,20260427,20260427,192.0,465.04091,313.62622999999996,151.41468
li_mace_review_seed20260427_B2_Divacancy,B2_Divacancy,committee_model,20260427,20260427,194.0,517.03628,344.07978,172.95651
li_mace_review_seed20260427_B2_Divacancy,B2_Divacancy,committee_model,20260427,20260427,196.0,561.81385,379.84308,181.97077
li_mace_review_seed20260427_B2_Divacancy,B2_Divacancy,committee_model,20260427,20260427,198.0,587.50638,404.70684,182.79954
li_mace_review_seed20260427_B2_Divacancy,B2_Divacancy,committee_model,20260427,20260427,200.0,530.19268,341.08189,189.1108
li_mace_review_seed20260427_D_SiGraphene,D_SiGraphene,committee_model,20260427,20260427,0.0,1.9721523e-31,1.9721523e-31,0.0
li_mace_review_seed20260427_D_SiGraphene,D_SiGraphene,committee_model,20260427,20260427,2.0,20.98423,9.980101399999999,11.004129
li_mace_review_seed20260427_D_SiGraphene,D_SiGraphene,committee_model,20260427,20260427,4.0,23.19619,11.733135200000001,11.463055
li_mace_review_seed20260427_D_SiGraphene,D_SiGraphene,committee_model,20260427,20260427,6.0,33.250739,20.8283573,12.422381
li_mace_review_seed20260427_D_SiGraphene,D_SiGraphene,committee_model,20260427,20260427,8.0,39.290274,27.900793900000004,11.389481
li_mace_review_seed20260427_D_SiGraphene,D_SiGraphene,committee_model,20260427,20260427,10.0,18.670443,14.19878387,4.4716596
li_mace_review_seed20260427_D_SiGraphene,D_SiGraphene,committee_model,20260427,20260427,12.0,28.727105,18.8368793,9.890226
li_mace_review_seed20260427_D_SiGraphene,D_SiGraphene,committee_model,20260427,20260427,14.0,10.578548,8.5442935,2.0342541
li_mace_review_seed20260427_D_SiGraphene,D_SiGraphene,committee_model,20260427,20260427,16.0,18.908072,13.790958199999999,5.1171136
li_mace_review_seed20260427_D_SiGraphene,D_SiGraphene,committee_model,20260427,20260427,18.0,17.346386,15.534194500000002,1.812191
li_mace_review_seed20260427_D_SiGraphene,D_SiGraphene,committee_model,20260427,20260427,20.0,16.237925,15.4399085,0.79801685
li_mace_review_seed20260427_D_SiGraphene,D_SiGraphene,committee_model,20260427,20260427,22.0,22.733413,11.246686590000001,11.486726
li_mace_review_seed20260427_D_SiGraphene,D_SiGraphene,committee_model,20260427,20260427,24.0,29.360685,18.7238172,10.636868
li_mace_review_seed20260427_D_SiGraphene,D_SiGraphene,committee_model,20260427,20260427,26.0,23.099494,14.4655638,8.63393
li_mace_review_seed20260427_D_SiGraphene,D_SiGraphene,committee_model,20260427,20260427,28.0,31.628409,22.140821799999998,9.4875872
li_mace_review_seed20260427_D_SiGraphene,D_SiGraphene,committee_model,20260427,20260427,30.0,23.333916,18.0525315,5.2813843
li_mace_review_seed20260427_D_SiGraphene,D_SiGraphene,committee_model,20260427,20260427,32.0,17.557471,16.5165264,1.0409455
li_mace_review_seed20260427_D_SiGraphene,D_SiGraphene,committee_model,20260427,20260427,34.0,16.355357,15.1955266,1.1598303
li_mace_review_seed20260427_D_SiGraphene,D_SiGraphene,committee_model,20260427,20260427,36.0,12.63052,10.890436300000001,1.7400841
li_mace_review_seed20260427_D_SiGraphene,D_SiGraphene,committee_model,20260427,20260427,38.0,8.5101219,6.9565854,1.5535365
li_mace_review_seed20260427_D_SiGraphene,D_SiGraphene,committee_model,20260427,20260427,40.0,21.392987,15.3787542,6.014233
li_mace_review_seed20260427_D_SiGraphene,D_SiGraphene,committee_model,20260427,20260427,42.0,25.533961,21.3651294,4.1688315
li_mace_review_seed20260427_D_SiGraphene,D_SiGraphene,committee_model,20260427,20260427,44.0,26.986723,19.5024642,7.484258
li_mace_review_seed20260427_D_SiGraphene,D_SiGraphene,committee_model,20260427,20260427,46.0,22.321269,19.0519504,3.2693182
li_mace_review_seed20260427_D_SiGraphene,D_SiGraphene,committee_model,20260427,20260427,48.0,20.441489,17.8453102,2.5961784
li_mace_review_seed20260427_D_SiGraphene,D_SiGraphene,committee_model,20260427,20260427,50.0,16.016077,14.3849482,1.6311292
li_mace_review_seed20260427_D_SiGraphene,D_SiGraphene,committee_model,20260427,20260427,52.0,10.357085,7.0923408000000006,3.264744
li_mace_review_seed20260427_D_SiGraphene,D_SiGraphene,committee_model,20260427,20260427,54.0,8.5284607,4.6904236,3.8380371
li_mace_review_seed20260427_D_SiGraphene,D_SiGraphene,committee_model,20260427,20260427,56.0,8.2887088,6.5457346,1.7429743
li_mace_review_seed20260427_D_SiGraphene,D_SiGraphene,committee_model,20260427,20260427,58.0,12.773022,10.85951178,1.9135102
li_mace_review_seed20260427_D_SiGraphene,D_SiGraphene,committee_model,20260427,20260427,60.0,17.701667,16.73560564,0.96606128
li_mace_review_seed20260427_D_SiGraphene,D_SiGraphene,committee_model,20260427,20260427,62.0,15.881536,15.1352528,0.74628358
li_mace_review_seed20260427_D_SiGraphene,D_SiGraphene,committee_model,20260427,20260427,64.0,18.978369,16.5276791,2.4506905
li_mace_review_seed20260427_D_SiGraphene,D_SiGraphene,committee_model,20260427,20260427,66.0,17.579819,11.734113599999999,5.8457049
li_mace_review_seed20260427_D_SiGraphene,D_SiGraphene,committee_model,20260427,20260427,68.0,15.576126,11.5394217,4.0367044
li_mace_review_seed20260427_D_SiGraphene,D_SiGraphene,committee_model,20260427,20260427,70.0,21.656246,17.0471534,4.6090926
li_mace_review_seed20260427_D_SiGraphene,D_SiGraphene,committee_model,20260427,20260427,72.0,27.682802,18.6420626,9.0407397
li_mace_review_seed20260427_D_SiGraphene,D_SiGraphene,committee_model,20260427,20260427,74.0,20.331359,12.1940663,8.1372924
li_mace_review_seed20260427_D_SiGraphene,D_SiGraphene,committee_model,20260427,20260427,76.0,16.954983,6.878643,10.07634
li_mace_review_seed20260427_D_SiGraphene,D_SiGraphene,committee_model,20260427,20260427,78.0,17.755857,9.7136935,8.0421638
li_mace_review_seed20260427_D_SiGraphene,D_SiGraphene,committee_model,20260427,20260427,80.0,24.531153,14.92423584,9.6069167
li_mace_review_seed20260427_D_SiGraphene,D_SiGraphene,committee_model,20260427,20260427,82.0,22.823916,13.3119888,9.5119276
li_mace_review_seed20260427_D_SiGraphene,D_SiGraphene,committee_model,20260427,20260427,84.0,25.282726,14.6882782,10.594448
li_mace_review_seed20260427_D_SiGraphene,D_SiGraphene,committee_model,20260427,20260427,86.0,29.045605,17.3235539,11.722051
li_mace_review_seed20260427_D_SiGraphene,D_SiGraphene,committee_model,20260427,20260427,88.0,25.213786,15.8447705,9.3690152
li_mace_review_seed20260427_D_SiGraphene,D_SiGraphene,committee_model,20260427,20260427,90.0,28.253027,17.3172967,10.93573
li_mace_review_seed20260427_D_SiGraphene,D_SiGraphene,committee_model,20260427,20260427,92.0,18.920314,11.073775000000001,7.8465394
li_mace_review_seed20260427_D_SiGraphene,D_SiGraphene,committee_model,20260427,20260427,94.0,21.555386,16.6249228,4.9304632
li_mace_review_seed20260427_D_SiGraphene,D_SiGraphene,committee_model,20260427,20260427,96.0,25.441289,16.823001599999998,8.6182871
li_mace_review_seed20260427_D_SiGraphene,D_SiGraphene,committee_model,20260427,20260427,98.0,21.968819,15.1375517,6.8312666
li_mace_review_seed20260427_D_SiGraphene,D_SiGraphene,committee_model,20260427,20260427,100.0,24.186938,16.0568113,8.1301271
li_mace_review_seed20260427_D_SiGraphene,D_SiGraphene,committee_model,20260427,20260427,102.0,24.661366,18.7507686,5.9105968
li_mace_review_seed20260427_D_SiGraphene,D_SiGraphene,committee_model,20260427,20260427,104.0,28.090038,13.8050482,14.28499
li_mace_review_seed20260427_D_SiGraphene,D_SiGraphene,committee_model,20260427,20260427,106.0,23.685698,7.03611,16.649588
li_mace_review_seed20260427_D_SiGraphene,D_SiGraphene,committee_model,20260427,20260427,108.0,16.197684,8.036506,8.1611777
li_mace_review_seed20260427_D_SiGraphene,D_SiGraphene,committee_model,20260427,20260427,110.0,17.905947,9.694335800000001,8.2116115
li_mace_review_seed20260427_D_SiGraphene,D_SiGraphene,committee_model,20260427,20260427,112.0,17.45404,12.7586402,4.6954005
li_mace_review_seed20260427_D_SiGraphene,D_SiGraphene,committee_model,20260427,20260427,114.0,14.170267,13.2505583,0.91970819
li_mace_review_seed20260427_D_SiGraphene,D_SiGraphene,committee_model,20260427,20260427,116.0,17.094743,15.597248,1.4974948
li_mace_review_seed20260427_D_SiGraphene,D_SiGraphene,committee_model,20260427,20260427,118.0,26.091938,21.738656,4.353282
li_mace_review_seed20260427_D_SiGraphene,D_SiGraphene,committee_model,20260427,20260427,120.0,32.704631,23.6721687,9.0324625
li_mace_review_seed20260427_D_SiGraphene,D_SiGraphene,committee_model,20260427,20260427,122.0,23.257376,21.75287,1.5045061
li_mace_review_seed20260427_D_SiGraphene,D_SiGraphene,committee_model,20260427,20260427,124.0,14.014766,12.1631912,1.8515751
li_mace_review_seed20260427_D_SiGraphene,D_SiGraphene,committee_model,20260427,20260427,126.0,16.532315,13.6351315,2.8971835
li_mace_review_seed20260427_D_SiGraphene,D_SiGraphene,committee_model,20260427,20260427,128.0,17.929701,10.1068248,7.8228764
li_mace_review_seed20260427_D_SiGraphene,D_SiGraphene,committee_model,20260427,20260427,130.0,16.122016,8.4342289,7.6877866
li_mace_review_seed20260427_D_SiGraphene,D_SiGraphene,committee_model,20260427,20260427,132.0,30.466907,22.772728100000002,7.6941784
li_mace_review_seed20260427_D_SiGraphene,D_SiGraphene,committee_model,20260427,20260427,134.0,43.383131,34.0910527,9.2920779
li_mace_review_seed20260427_D_SiGraphene,D_SiGraphene,committee_model,20260427,20260427,136.0,29.427655,23.32339,6.1042651
li_mace_review_seed20260427_D_SiGraphene,D_SiGraphene,committee_model,20260427,20260427,138.0,26.730243,12.2971918,14.433051
li_mace_review_seed20260427_D_SiGraphene,D_SiGraphene,committee_model,20260427,20260427,140.0,32.321803,16.8322283,15.489575
li_mace_review_seed20260427_D_SiGraphene,D_SiGraphene,committee_model,20260427,20260427,142.0,25.876594,23.337705999999997,2.5388879
li_mace_review_seed20260427_D_SiGraphene,D_SiGraphene,committee_model,20260427,20260427,144.0,28.325153,25.3922627,2.9328905
li_mace_review_seed20260427_D_SiGraphene,D_SiGraphene,committee_model,20260427,20260427,146.0,40.588658,28.3254205,12.263238
li_mace_review_seed20260427_D_SiGraphene,D_SiGraphene,committee_model,20260427,20260427,148.0,58.140533,39.0374832,19.10305
li_mace_review_seed20260427_D_SiGraphene,D_SiGraphene,committee_model,20260427,20260427,150.0,55.706068,47.9203185,7.7857495
li_mace_review_seed20260427_D_SiGraphene,D_SiGraphene,committee_model,20260427,20260427,152.0,62.553774,59.398381,3.1553934
li_mace_review_seed20260427_D_SiGraphene,D_SiGraphene,committee_model,20260427,20260427,154.0,74.283687,72.743381,1.5403059
li_mace_review_seed20260427_D_SiGraphene,D_SiGraphene,committee_model,20260427,20260427,156.0,97.172033,95.045349,2.1266836
li_mace_review_seed20260427_D_SiGraphene,D_SiGraphene,committee_model,20260427,20260427,158.0,111.90508,108.46944200000002,3.4356398
li_mace_review_seed20260427_D_SiGraphene,D_SiGraphene,committee_model,20260427,20260427,160.0,104.12942,98.90925700000001,5.2201661
li_mace_review_seed20260427_D_SiGraphene,D_SiGraphene,committee_model,20260427,20260427,162.0,119.20021,113.774775,5.4254329
li_mace_review_seed20260427_D_SiGraphene,D_SiGraphene,committee_model,20260427,20260427,164.0,133.8894,121.75272700000001,12.136673
li_mace_review_seed20260427_D_SiGraphene,D_SiGraphene,committee_model,20260427,20260427,166.0,134.38486,126.212879,8.1719774
li_mace_review_seed20260427_D_SiGraphene,D_SiGraphene,committee_model,20260427,20260427,168.0,137.22668,125.939287,11.287395
li_mace_review_seed20260427_D_SiGraphene,D_SiGraphene,committee_model,20260427,20260427,170.0,139.70169,129.601255,10.100428
li_mace_review_seed20260427_D_SiGraphene,D_SiGraphene,committee_model,20260427,20260427,172.0,105.02948,92.840694,12.188783
li_mace_review_seed20260427_D_SiGraphene,D_SiGraphene,committee_model,20260427,20260427,174.0,105.1952,96.380049,8.8151555
li_mace_review_seed20260427_D_SiGraphene,D_SiGraphene,committee_model,20260427,20260427,176.0,113.23958,102.377568,10.862016
li_mace_review_seed20260427_D_SiGraphene,D_SiGraphene,committee_model,20260427,20260427,178.0,128.51598,120.10447,8.4115014
li_mace_review_seed20260427_D_SiGraphene,D_SiGraphene,committee_model,20260427,20260427,180.0,139.59255,129.77685,9.8157011
li_mace_review_seed20260427_D_SiGraphene,D_SiGraphene,committee_model,20260427,20260427,182.0,151.41217,141.307764,10.104405
li_mace_review_seed20260427_D_SiGraphene,D_SiGraphene,committee_model,20260427,20260427,184.0,151.28161,144.118253,7.1633525
li_mace_review_seed20260427_D_SiGraphene,D_SiGraphene,committee_model,20260427,20260427,186.0,156.95853,152.942234,4.016296
li_mace_review_seed20260427_D_SiGraphene,D_SiGraphene,committee_model,20260427,20260427,188.0,145.32978,133.133345,12.19644
li_mace_review_seed20260427_D_SiGraphene,D_SiGraphene,committee_model,20260427,20260427,190.0,144.12876,130.448508,13.680252
li_mace_review_seed20260427_D_SiGraphene,D_SiGraphene,committee_model,20260427,20260427,192.0,133.65936,126.22497899999999,7.4343759
li_mace_review_seed20260427_D_SiGraphene,D_SiGraphene,committee_model,20260427,20260427,194.0,134.88605,128.42405,6.4620016
li_mace_review_seed20260427_D_SiGraphene,D_SiGraphene,committee_model,20260427,20260427,196.0,140.60027,129.245576,11.354693
li_mace_review_seed20260427_D_SiGraphene,D_SiGraphene,committee_model,20260427,20260427,198.0,122.58694,118.640786,3.9461507
li_mace_review_seed20260427_D_SiGraphene,D_SiGraphene,committee_model,20260427,20260427,200.0,112.57642,110.413929,2.1624929
li_mace_review_seed20260428_B1_Monovacancy,B1_Monovacancy,committee_model,20260428,20260427,0.0,7.0997481e-30,3.9443045e-30,3.1554436e-30
li_mace_review_seed20260428_B1_Monovacancy,B1_Monovacancy,committee_model,20260428,20260427,2.0,14.051107,3.27973834,10.771368
li_mace_review_seed20260428_B1_Monovacancy,B1_Monovacancy,committee_model,20260428,20260427,4.0,18.47337,5.3106504,13.162719
li_mace_review_seed20260428_B1_Monovacancy,B1_Monovacancy,committee_model,20260428,20260427,6.0,30.13918,14.9470813,15.192098
li_mace_review_seed20260428_B1_Monovacancy,B1_Monovacancy,committee_model,20260428,20260427,8.0,46.393309,17.8564441,28.536866
li_mace_review_seed20260428_B1_Monovacancy,B1_Monovacancy,committee_model,20260428,20260427,10.0,44.392822,26.891047800000003,17.501773
li_mace_review_seed20260428_B1_Monovacancy,B1_Monovacancy,committee_model,20260428,20260427,12.0,52.844539,27.014444,25.830095
li_mace_review_seed20260428_B1_Monovacancy,B1_Monovacancy,committee_model,20260428,20260427,14.0,52.501732,38.7849834,13.716748
li_mace_review_seed20260428_B1_Monovacancy,B1_Monovacancy,committee_model,20260428,20260427,16.0,54.557842,35.830386000000004,18.727455
li_mace_review_seed20260428_B1_Monovacancy,B1_Monovacancy,committee_model,20260428,20260427,18.0,48.287703,28.8229017,19.464801
li_mace_review_seed20260428_B1_Monovacancy,B1_Monovacancy,committee_model,20260428,20260427,20.0,58.055538,42.319263,15.736274
li_mace_review_seed20260428_B1_Monovacancy,B1_Monovacancy,committee_model,20260428,20260427,22.0,43.125188,31.667462999999998,11.457726
li_mace_review_seed20260428_B1_Monovacancy,B1_Monovacancy,committee_model,20260428,20260427,24.0,63.902293,39.755859,24.146435
li_mace_review_seed20260428_B1_Monovacancy,B1_Monovacancy,committee_model,20260428,20260427,26.0,30.192434,23.2382995,6.9541344
li_mace_review_seed20260428_B1_Monovacancy,B1_Monovacancy,committee_model,20260428,20260427,28.0,38.854816,18.3169865,20.53783
li_mace_review_seed20260428_B1_Monovacancy,B1_Monovacancy,committee_model,20260428,20260427,30.0,41.979222,13.9422043,28.037018
li_mace_review_seed20260428_B1_Monovacancy,B1_Monovacancy,committee_model,20260428,20260427,32.0,48.735744,15.993220999999998,32.742523
li_mace_review_seed20260428_B1_Monovacancy,B1_Monovacancy,committee_model,20260428,20260427,34.0,40.361,15.9023033,24.458697
li_mace_review_seed20260428_B1_Monovacancy,B1_Monovacancy,committee_model,20260428,20260427,36.0,53.471575,25.064803,28.406773
li_mace_review_seed20260428_B1_Monovacancy,B1_Monovacancy,committee_model,20260428,20260427,38.0,45.942652,14.0831999,31.859452
li_mace_review_seed20260428_B1_Monovacancy,B1_Monovacancy,committee_model,20260428,20260427,40.0,45.966385,21.6927737,24.273611
li_mace_review_seed20260428_B1_Monovacancy,B1_Monovacancy,committee_model,20260428,20260427,42.0,49.089726,24.3316364,24.758089
li_mace_review_seed20260428_B1_Monovacancy,B1_Monovacancy,committee_model,20260428,20260427,44.0,42.066034,21.0688945,20.997139
li_mace_review_seed20260428_B1_Monovacancy,B1_Monovacancy,committee_model,20260428,20260427,46.0,39.405976,17.2386472,22.167329
li_mace_review_seed20260428_B1_Monovacancy,B1_Monovacancy,committee_model,20260428,20260427,48.0,55.761107,26.1001683,29.660938
li_mace_review_seed20260428_B1_Monovacancy,B1_Monovacancy,committee_model,20260428,20260427,50.0,45.112711,22.6545557,22.458156
li_mace_review_seed20260428_B1_Monovacancy,B1_Monovacancy,committee_model,20260428,20260427,52.0,42.76438,23.8980446,18.866335
li_mace_review_seed20260428_B1_Monovacancy,B1_Monovacancy,committee_model,20260428,20260427,54.0,41.475678,20.3975719,21.078107
li_mace_review_seed20260428_B1_Monovacancy,B1_Monovacancy,committee_model,20260428,20260427,56.0,45.352075,22.0865716,23.265504
li_mace_review_seed20260428_B1_Monovacancy,B1_Monovacancy,committee_model,20260428,20260427,58.0,43.800463,21.0786133,22.72185
li_mace_review_seed20260428_B1_Monovacancy,B1_Monovacancy,committee_model,20260428,20260427,60.0,43.16688,22.2533168,20.913562
li_mace_review_seed20260428_B1_Monovacancy,B1_Monovacancy,committee_model,20260428,20260427,62.0,48.561005,24.1531188,24.407886
li_mace_review_seed20260428_B1_Monovacancy,B1_Monovacancy,committee_model,20260428,20260427,64.0,39.478807,21.9379004,17.540906
li_mace_review_seed20260428_B1_Monovacancy,B1_Monovacancy,committee_model,20260428,20260427,66.0,43.442698,18.8935828,24.549115
li_mace_review_seed20260428_B1_Monovacancy,B1_Monovacancy,committee_model,20260428,20260427,68.0,44.763064,22.7425919,22.020472
li_mace_review_seed20260428_B1_Monovacancy,B1_Monovacancy,committee_model,20260428,20260427,70.0,45.161509,22.6074251,22.554084
li_mace_review_seed20260428_B1_Monovacancy,B1_Monovacancy,committee_model,20260428,20260427,72.0,42.748137,22.1187406,20.629396
li_mace_review_seed20260428_B1_Monovacancy,B1_Monovacancy,committee_model,20260428,20260427,74.0,43.722486,22.6124883,21.109997
li_mace_review_seed20260428_B1_Monovacancy,B1_Monovacancy,committee_model,20260428,20260427,76.0,42.670816,22.786014899999998,19.884802
li_mace_review_seed20260428_B1_Monovacancy,B1_Monovacancy,committee_model,20260428,20260427,78.0,44.433785,21.543291099999998,22.890494
li_mace_review_seed20260428_B1_Monovacancy,B1_Monovacancy,committee_model,20260428,20260427,80.0,39.296874,21.2588453,18.038029
li_mace_review_seed20260428_B1_Monovacancy,B1_Monovacancy,committee_model,20260428,20260427,82.0,43.965561,22.368130899999997,21.59743
li_mace_review_seed20260428_B1_Monovacancy,B1_Monovacancy,committee_model,20260428,20260427,84.0,51.572635,23.441212,28.131423
li_mace_review_seed20260428_B1_Monovacancy,B1_Monovacancy,committee_model,20260428,20260427,86.0,38.351723,19.457236299999998,18.894487
li_mace_review_seed20260428_B1_Monovacancy,B1_Monovacancy,committee_model,20260428,20260427,88.0,42.307983,21.8753147,20.432669
li_mace_review_seed20260428_B1_Monovacancy,B1_Monovacancy,committee_model,20260428,20260427,90.0,52.473967,24.0350176,28.438949
li_mace_review_seed20260428_B1_Monovacancy,B1_Monovacancy,committee_model,20260428,20260427,92.0,38.981682,19.9838398,18.997842
li_mace_review_seed20260428_B1_Monovacancy,B1_Monovacancy,committee_model,20260428,20260427,94.0,43.071085,21.8036773,21.267408
li_mace_review_seed20260428_B1_Monovacancy,B1_Monovacancy,committee_model,20260428,20260427,96.0,44.651207,21.3766058,23.274601
li_mace_review_seed20260428_B1_Monovacancy,B1_Monovacancy,committee_model,20260428,20260427,98.0,42.438742,21.025650900000002,21.413091
li_mace_review_seed20260428_B1_Monovacancy,B1_Monovacancy,committee_model,20260428,20260427,100.0,44.594002,23.263767899999998,21.330234
li_mace_review_seed20260428_B1_Monovacancy,B1_Monovacancy,committee_model,20260428,20260427,102.0,43.151971,22.7450237,20.406947
li_mace_review_seed20260428_B1_Monovacancy,B1_Monovacancy,committee_model,20260428,20260427,104.0,43.920504,22.66373,21.256774
li_mace_review_seed20260428_B1_Monovacancy,B1_Monovacancy,committee_model,20260428,20260427,106.0,43.968841,20.720275700000002,23.248566
li_mace_review_seed20260428_B1_Monovacancy,B1_Monovacancy,committee_model,20260428,20260427,108.0,47.551153,20.9283287,26.622825
li_mace_review_seed20260428_B1_Monovacancy,B1_Monovacancy,committee_model,20260428,20260427,110.0,44.255504,21.0041022,23.251401
li_mace_review_seed20260428_B1_Monovacancy,B1_Monovacancy,committee_model,20260428,20260427,112.0,47.786381,16.2644314,31.521949
li_mace_review_seed20260428_B1_Monovacancy,B1_Monovacancy,committee_model,20260428,20260427,114.0,41.006547,20.147134100000002,20.859414
li_mace_review_seed20260428_B1_Monovacancy,B1_Monovacancy,committee_model,20260428,20260427,116.0,51.236903,24.199652299999997,27.037251
li_mace_review_seed20260428_B1_Monovacancy,B1_Monovacancy,committee_model,20260428,20260427,118.0,46.508599,20.747467200000003,25.761133
li_mace_review_seed20260428_B1_Monovacancy,B1_Monovacancy,committee_model,20260428,20260427,120.0,42.913732,21.8756181,21.038114
li_mace_review_seed20260428_B1_Monovacancy,B1_Monovacancy,committee_model,20260428,20260427,122.0,50.056903,23.2354618,26.821441
li_mace_review_seed20260428_B1_Monovacancy,B1_Monovacancy,committee_model,20260428,20260427,124.0,43.874756,20.688006100000003,23.18675
li_mace_review_seed20260428_B1_Monovacancy,B1_Monovacancy,committee_model,20260428,20260427,126.0,47.143708,23.2528455,23.890863
li_mace_review_seed20260428_B1_Monovacancy,B1_Monovacancy,committee_model,20260428,20260427,128.0,48.242595,23.6280958,24.614499
li_mace_review_seed20260428_B1_Monovacancy,B1_Monovacancy,committee_model,20260428,20260427,130.0,47.172082,22.567407,24.604674
li_mace_review_seed20260428_B1_Monovacancy,B1_Monovacancy,committee_model,20260428,20260427,132.0,43.303485,21.827490400000002,21.475995
li_mace_review_seed20260428_B1_Monovacancy,B1_Monovacancy,committee_model,20260428,20260427,134.0,41.442173,20.8005334,20.641639
li_mace_review_seed20260428_B1_Monovacancy,B1_Monovacancy,committee_model,20260428,20260427,136.0,44.091264,20.9105185,23.180746
li_mace_review_seed20260428_B1_Monovacancy,B1_Monovacancy,committee_model,20260428,20260427,138.0,44.725047,22.148721899999998,22.576325
li_mace_review_seed20260428_B1_Monovacancy,B1_Monovacancy,committee_model,20260428,20260427,140.0,49.114424,24.8745248,24.2399
li_mace_review_seed20260428_B1_Monovacancy,B1_Monovacancy,committee_model,20260428,20260427,142.0,40.270893,21.074827,19.196066
li_mace_review_seed20260428_B1_Monovacancy,B1_Monovacancy,committee_model,20260428,20260427,144.0,47.352283,23.2712246,24.081059
li_mace_review_seed20260428_B1_Monovacancy,B1_Monovacancy,committee_model,20260428,20260427,146.0,49.530699,22.2289339,27.301765
li_mace_review_seed20260428_B1_Monovacancy,B1_Monovacancy,committee_model,20260428,20260427,148.0,43.304243,21.074906400000003,22.229337
li_mace_review_seed20260428_B1_Monovacancy,B1_Monovacancy,committee_model,20260428,20260427,150.0,41.167331,21.9752565,19.192075
li_mace_review_seed20260428_B1_Monovacancy,B1_Monovacancy,committee_model,20260428,20260427,152.0,44.74355,23.312503,21.431047
li_mace_review_seed20260428_B1_Monovacancy,B1_Monovacancy,committee_model,20260428,20260427,154.0,42.46138,23.0056878,19.455693
li_mace_review_seed20260428_B1_Monovacancy,B1_Monovacancy,committee_model,20260428,20260427,156.0,45.622753,23.1543966,22.468356
li_mace_review_seed20260428_B1_Monovacancy,B1_Monovacancy,committee_model,20260428,20260427,158.0,41.720365,19.6782914,22.042074
li_mace_review_seed20260428_B1_Monovacancy,B1_Monovacancy,committee_model,20260428,20260427,160.0,44.555151,22.7113017,21.84385
li_mace_review_seed20260428_B1_Monovacancy,B1_Monovacancy,committee_model,20260428,20260427,162.0,43.752672,21.738147599999998,22.014524
li_mace_review_seed20260428_B1_Monovacancy,B1_Monovacancy,committee_model,20260428,20260427,164.0,41.214532,21.5828584,19.631674
li_mace_review_seed20260428_B1_Monovacancy,B1_Monovacancy,committee_model,20260428,20260427,166.0,38.124313,17.6241269,20.500186
li_mace_review_seed20260428_B1_Monovacancy,B1_Monovacancy,committee_model,20260428,20260427,168.0,54.327378,25.671303599999998,28.656075
li_mace_review_seed20260428_B1_Monovacancy,B1_Monovacancy,committee_model,20260428,20260427,170.0,45.478695,17.6541409,27.824554
li_mace_review_seed20260428_B1_Monovacancy,B1_Monovacancy,committee_model,20260428,20260427,172.0,49.377454,17.4199856,31.957468
li_mace_review_seed20260428_B1_Monovacancy,B1_Monovacancy,committee_model,20260428,20260427,174.0,60.596198,19.2395147,41.356683
li_mace_review_seed20260428_B1_Monovacancy,B1_Monovacancy,committee_model,20260428,20260427,176.0,47.899518,22.117322,25.782196
li_mace_review_seed20260428_B1_Monovacancy,B1_Monovacancy,committee_model,20260428,20260427,178.0,49.551856,19.860198099999998,29.691658
li_mace_review_seed20260428_B1_Monovacancy,B1_Monovacancy,committee_model,20260428,20260427,180.0,51.156394,18.9399458,32.216448
li_mace_review_seed20260428_B1_Monovacancy,B1_Monovacancy,committee_model,20260428,20260427,182.0,52.687844,16.434161200000002,36.253683
li_mace_review_seed20260428_B1_Monovacancy,B1_Monovacancy,committee_model,20260428,20260427,184.0,47.143789,20.2751553,26.868634
li_mace_review_seed20260428_B1_Monovacancy,B1_Monovacancy,committee_model,20260428,20260427,186.0,49.1053,18.0409899,31.06431
li_mace_review_seed20260428_B1_Monovacancy,B1_Monovacancy,committee_model,20260428,20260427,188.0,50.103885,20.8157676,29.288117
li_mace_review_seed20260428_B1_Monovacancy,B1_Monovacancy,committee_model,20260428,20260427,190.0,58.823604,21.5370401,37.286564
li_mace_review_seed20260428_B1_Monovacancy,B1_Monovacancy,committee_model,20260428,20260427,192.0,59.856503,17.4317961,42.424707
li_mace_review_seed20260428_B1_Monovacancy,B1_Monovacancy,committee_model,20260428,20260427,194.0,60.122253,16.5849892,43.537264
li_mace_review_seed20260428_B1_Monovacancy,B1_Monovacancy,committee_model,20260428,20260427,196.0,64.826806,13.6920254,51.134781
li_mace_review_seed20260428_B1_Monovacancy,B1_Monovacancy,committee_model,20260428,20260427,198.0,51.475797,20.7661103,30.709686
li_mace_review_seed20260428_B1_Monovacancy,B1_Monovacancy,committee_model,20260428,20260427,200.0,42.997183,22.890129700000003,20.107053
li_mace_review_seed20260428_B2_Divacancy,B2_Divacancy,committee_model,20260428,20260427,0.0,1.1832914e-29,1.1044053e-29,7.8886091e-31
li_mace_review_seed20260428_B2_Divacancy,B2_Divacancy,committee_model,20260428,20260427,2.0,5.3214605,3.60583323,1.7156274
li_mace_review_seed20260428_B2_Divacancy,B2_Divacancy,committee_model,20260428,20260427,4.0,12.486569,6.68350453,5.8030641
li_mace_review_seed20260428_B2_Divacancy,B2_Divacancy,committee_model,20260428,20260427,6.0,15.354686,9.1004508,6.2542355
li_mace_review_seed20260428_B2_Divacancy,B2_Divacancy,committee_model,20260428,20260427,8.0,20.45898,17.460091300000002,2.9988891
li_mace_review_seed20260428_B2_Divacancy,B2_Divacancy,committee_model,20260428,20260427,10.0,36.991361,24.8917597,12.099601
li_mace_review_seed20260428_B2_Divacancy,B2_Divacancy,committee_model,20260428,20260427,12.0,68.250135,48.979237,19.270898
li_mace_review_seed20260428_B2_Divacancy,B2_Divacancy,committee_model,20260428,20260427,14.0,90.239012,71.33797799999999,18.901034
li_mace_review_seed20260428_B2_Divacancy,B2_Divacancy,committee_model,20260428,20260427,16.0,111.66653,49.999398,61.667136
li_mace_review_seed20260428_B2_Divacancy,B2_Divacancy,committee_model,20260428,20260427,18.0,210.5065,55.889847,154.61666
li_mace_review_seed20260428_B2_Divacancy,B2_Divacancy,committee_model,20260428,20260427,20.0,254.23899,46.430325999999994,207.80867
li_mace_review_seed20260428_B2_Divacancy,B2_Divacancy,committee_model,20260428,20260427,22.0,289.6221,64.12069699999999,225.5014
li_mace_review_seed20260428_B2_Divacancy,B2_Divacancy,committee_model,20260428,20260427,24.0,209.99177,49.202402,160.78937
li_mace_review_seed20260428_B2_Divacancy,B2_Divacancy,committee_model,20260428,20260427,26.0,257.16554,46.581682,210.58386
li_mace_review_seed20260428_B2_Divacancy,B2_Divacancy,committee_model,20260428,20260427,28.0,248.42871,36.88411,211.5446
li_mace_review_seed20260428_B2_Divacancy,B2_Divacancy,committee_model,20260428,20260427,30.0,276.30396,69.147831,207.15612
li_mace_review_seed20260428_B2_Divacancy,B2_Divacancy,committee_model,20260428,20260427,32.0,297.0984,74.631439,222.46696
li_mace_review_seed20260428_B2_Divacancy,B2_Divacancy,committee_model,20260428,20260427,34.0,283.44361,59.812113999999994,223.63149
li_mace_review_seed20260428_B2_Divacancy,B2_Divacancy,committee_model,20260428,20260427,36.0,296.21288,75.7373,220.47558
li_mace_review_seed20260428_B2_Divacancy,B2_Divacancy,committee_model,20260428,20260427,38.0,308.22339,67.589068,240.63432
li_mace_review_seed20260428_B2_Divacancy,B2_Divacancy,committee_model,20260428,20260427,40.0,307.75719,49.712331000000006,258.04486
li_mace_review_seed20260428_B2_Divacancy,B2_Divacancy,committee_model,20260428,20260427,42.0,305.33758,67.243398,238.09419
li_mace_review_seed20260428_B2_Divacancy,B2_Divacancy,committee_model,20260428,20260427,44.0,372.33575,81.51282499999999,290.82293
li_mace_review_seed20260428_B2_Divacancy,B2_Divacancy,committee_model,20260428,20260427,46.0,345.79572,68.377476,277.41824
li_mace_review_seed20260428_B2_Divacancy,B2_Divacancy,committee_model,20260428,20260427,48.0,316.58506,76.041077,240.54398
li_mace_review_seed20260428_B2_Divacancy,B2_Divacancy,committee_model,20260428,20260427,50.0,288.74406,64.685531,224.05853
li_mace_review_seed20260428_B2_Divacancy,B2_Divacancy,committee_model,20260428,20260427,52.0,307.95416,77.403072,230.55109
li_mace_review_seed20260428_B2_Divacancy,B2_Divacancy,committee_model,20260428,20260427,54.0,287.5636,49.366779,238.19683
li_mace_review_seed20260428_B2_Divacancy,B2_Divacancy,committee_model,20260428,20260427,56.0,280.57591,69.791568,210.78435
li_mace_review_seed20260428_B2_Divacancy,B2_Divacancy,committee_model,20260428,20260427,58.0,273.80365,60.697313,213.10633
li_mace_review_seed20260428_B2_Divacancy,B2_Divacancy,committee_model,20260428,20260427,60.0,250.56431,64.177434,186.38688
li_mace_review_seed20260428_B2_Divacancy,B2_Divacancy,committee_model,20260428,20260427,62.0,279.33453,65.165163,214.16937
li_mace_review_seed20260428_B2_Divacancy,B2_Divacancy,committee_model,20260428,20260427,64.0,271.18853,68.194626,202.9939
li_mace_review_seed20260428_B2_Divacancy,B2_Divacancy,committee_model,20260428,20260427,66.0,292.45387,83.01678,209.43709
li_mace_review_seed20260428_B2_Divacancy,B2_Divacancy,committee_model,20260428,20260427,68.0,292.25087,80.36137199999999,211.8895
li_mace_review_seed20260428_B2_Divacancy,B2_Divacancy,committee_model,20260428,20260427,70.0,291.06742,71.505332,219.56209
li_mace_review_seed20260428_B2_Divacancy,B2_Divacancy,committee_model,20260428,20260427,72.0,283.10833,56.810004,226.29833
li_mace_review_seed20260428_B2_Divacancy,B2_Divacancy,committee_model,20260428,20260427,74.0,271.9336,63.833527000000004,208.10007
li_mace_review_seed20260428_B2_Divacancy,B2_Divacancy,committee_model,20260428,20260427,76.0,280.97648,65.066884,215.9096
li_mace_review_seed20260428_B2_Divacancy,B2_Divacancy,committee_model,20260428,20260427,78.0,299.58075,81.597458,217.98329
li_mace_review_seed20260428_B2_Divacancy,B2_Divacancy,committee_model,20260428,20260427,80.0,279.208,76.63789299999999,202.57011
li_mace_review_seed20260428_B2_Divacancy,B2_Divacancy,committee_model,20260428,20260427,82.0,307.11992,110.39910800000001,196.72081
li_mace_review_seed20260428_B2_Divacancy,B2_Divacancy,committee_model,20260428,20260427,84.0,289.47013,102.729423,186.74071
li_mace_review_seed20260428_B2_Divacancy,B2_Divacancy,committee_model,20260428,20260427,86.0,303.85765,107.82748699999999,196.03016
li_mace_review_seed20260428_B2_Divacancy,B2_Divacancy,committee_model,20260428,20260427,88.0,309.05531,115.817134,193.23818
li_mace_review_seed20260428_B2_Divacancy,B2_Divacancy,committee_model,20260428,20260427,90.0,317.3514,121.15849,196.19291
li_mace_review_seed20260428_B2_Divacancy,B2_Divacancy,committee_model,20260428,20260427,92.0,325.30698,124.953363,200.35362
li_mace_review_seed20260428_B2_Divacancy,B2_Divacancy,committee_model,20260428,20260427,94.0,318.58461,124.110602,194.47401
li_mace_review_seed20260428_B2_Divacancy,B2_Divacancy,committee_model,20260428,20260427,96.0,299.85495,109.89825400000001,189.95669
li_mace_review_seed20260428_B2_Divacancy,B2_Divacancy,committee_model,20260428,20260427,98.0,304.18096,124.77212800000001,179.40883
li_mace_review_seed20260428_B2_Divacancy,B2_Divacancy,committee_model,20260428,20260427,100.0,322.45696,137.651543,184.80542
li_mace_review_seed20260428_B2_Divacancy,B2_Divacancy,committee_model,20260428,20260427,102.0,317.9757,142.217685,175.75801
li_mace_review_seed20260428_B2_Divacancy,B2_Divacancy,committee_model,20260428,20260427,104.0,301.33357,139.678297,161.65527
li_mace_review_seed20260428_B2_Divacancy,B2_Divacancy,committee_model,20260428,20260427,106.0,315.27664,134.043235,181.2334
li_mace_review_seed20260428_B2_Divacancy,B2_Divacancy,committee_model,20260428,20260427,108.0,303.49651,131.899117,171.5974
li_mace_review_seed20260428_B2_Divacancy,B2_Divacancy,committee_model,20260428,20260427,110.0,319.93939,130.697034,189.24236
li_mace_review_seed20260428_B2_Divacancy,B2_Divacancy,committee_model,20260428,20260427,112.0,320.92353,138.478061,182.44547
li_mace_review_seed20260428_B2_Divacancy,B2_Divacancy,committee_model,20260428,20260427,114.0,305.36023,118.59008,186.77015
li_mace_review_seed20260428_B2_Divacancy,B2_Divacancy,committee_model,20260428,20260427,116.0,298.94492,131.273896,167.67103
li_mace_review_seed20260428_B2_Divacancy,B2_Divacancy,committee_model,20260428,20260427,118.0,326.36329,133.196593,193.16669
li_mace_review_seed20260428_B2_Divacancy,B2_Divacancy,committee_model,20260428,20260427,120.0,319.60277,139.18472300000002,180.41804
li_mace_review_seed20260428_B2_Divacancy,B2_Divacancy,committee_model,20260428,20260427,122.0,338.72191,147.170566,191.55134
li_mace_review_seed20260428_B2_Divacancy,B2_Divacancy,committee_model,20260428,20260427,124.0,307.22675,138.086917,169.13984
li_mace_review_seed20260428_B2_Divacancy,B2_Divacancy,committee_model,20260428,20260427,126.0,299.06336,132.523269,166.54009
li_mace_review_seed20260428_B2_Divacancy,B2_Divacancy,committee_model,20260428,20260427,128.0,300.12893,127.149974,172.97896
li_mace_review_seed20260428_B2_Divacancy,B2_Divacancy,committee_model,20260428,20260427,130.0,277.59152,125.003282,152.58824
li_mace_review_seed20260428_B2_Divacancy,B2_Divacancy,committee_model,20260428,20260427,132.0,290.55045,136.726889,153.82356
li_mace_review_seed20260428_B2_Divacancy,B2_Divacancy,committee_model,20260428,20260427,134.0,284.35675,122.85770600000001,161.49905
li_mace_review_seed20260428_B2_Divacancy,B2_Divacancy,committee_model,20260428,20260427,136.0,290.48963,132.897668,157.59197
li_mace_review_seed20260428_B2_Divacancy,B2_Divacancy,committee_model,20260428,20260427,138.0,287.11984,129.53035799999998,157.58949
li_mace_review_seed20260428_B2_Divacancy,B2_Divacancy,committee_model,20260428,20260427,140.0,302.16674,129.858786,172.30795
li_mace_review_seed20260428_B2_Divacancy,B2_Divacancy,committee_model,20260428,20260427,142.0,291.21479,131.091731,160.12305
li_mace_review_seed20260428_B2_Divacancy,B2_Divacancy,committee_model,20260428,20260427,144.0,287.81237,127.140758,160.67161
li_mace_review_seed20260428_B2_Divacancy,B2_Divacancy,committee_model,20260428,20260427,146.0,280.05513,125.18153600000001,154.8736
li_mace_review_seed20260428_B2_Divacancy,B2_Divacancy,committee_model,20260428,20260427,148.0,275.84851,123.92199600000001,151.92651
li_mace_review_seed20260428_B2_Divacancy,B2_Divacancy,committee_model,20260428,20260427,150.0,278.04955,131.084445,146.96511
li_mace_review_seed20260428_B2_Divacancy,B2_Divacancy,committee_model,20260428,20260427,152.0,299.01868,130.247046,168.77163
li_mace_review_seed20260428_B2_Divacancy,B2_Divacancy,committee_model,20260428,20260427,154.0,278.1489,118.768227,159.38067
li_mace_review_seed20260428_B2_Divacancy,B2_Divacancy,committee_model,20260428,20260427,156.0,287.63519,119.67575500000001,167.95944
li_mace_review_seed20260428_B2_Divacancy,B2_Divacancy,committee_model,20260428,20260427,158.0,270.60796,123.04441299999999,147.56354
li_mace_review_seed20260428_B2_Divacancy,B2_Divacancy,committee_model,20260428,20260427,160.0,276.07289,125.306239,150.76665
li_mace_review_seed20260428_B2_Divacancy,B2_Divacancy,committee_model,20260428,20260427,162.0,271.58974,123.02328299999999,148.56646
li_mace_review_seed20260428_B2_Divacancy,B2_Divacancy,committee_model,20260428,20260427,164.0,287.54502,130.354076,157.19094
li_mace_review_seed20260428_B2_Divacancy,B2_Divacancy,committee_model,20260428,20260427,166.0,296.87198,143.860997,153.01098
li_mace_review_seed20260428_B2_Divacancy,B2_Divacancy,committee_model,20260428,20260427,168.0,282.69857,125.957464,156.74111
li_mace_review_seed20260428_B2_Divacancy,B2_Divacancy,committee_model,20260428,20260427,170.0,278.16715,129.11050699999998,149.05664
li_mace_review_seed20260428_B2_Divacancy,B2_Divacancy,committee_model,20260428,20260427,172.0,283.38222,129.357065,154.02516
li_mace_review_seed20260428_B2_Divacancy,B2_Divacancy,committee_model,20260428,20260427,174.0,292.52018,133.74290299999998,158.77728
li_mace_review_seed20260428_B2_Divacancy,B2_Divacancy,committee_model,20260428,20260427,176.0,296.96152,129.767609,167.19391
li_mace_review_seed20260428_B2_Divacancy,B2_Divacancy,committee_model,20260428,20260427,178.0,308.69373,136.90117199999997,171.79256
li_mace_review_seed20260428_B2_Divacancy,B2_Divacancy,committee_model,20260428,20260427,180.0,290.1259,121.24141399999999,168.88449
li_mace_review_seed20260428_B2_Divacancy,B2_Divacancy,committee_model,20260428,20260427,182.0,280.31366,127.282254,153.03141
li_mace_review_seed20260428_B2_Divacancy,B2_Divacancy,committee_model,20260428,20260427,184.0,287.01143,129.507599,157.50383
li_mace_review_seed20260428_B2_Divacancy,B2_Divacancy,committee_model,20260428,20260427,186.0,323.84534,135.348498,188.49684
li_mace_review_seed20260428_B2_Divacancy,B2_Divacancy,committee_model,20260428,20260427,188.0,333.26223,141.616411,191.64582
li_mace_review_seed20260428_B2_Divacancy,B2_Divacancy,committee_model,20260428,20260427,190.0,313.20318,144.67216,168.53102
li_mace_review_seed20260428_B2_Divacancy,B2_Divacancy,committee_model,20260428,20260427,192.0,306.64145,128.471569,178.16988
li_mace_review_seed20260428_B2_Divacancy,B2_Divacancy,committee_model,20260428,20260427,194.0,310.68287,128.800788,181.88208
li_mace_review_seed20260428_B2_Divacancy,B2_Divacancy,committee_model,20260428,20260427,196.0,323.57157,131.821244,191.75032
li_mace_review_seed20260428_B2_Divacancy,B2_Divacancy,committee_model,20260428,20260427,198.0,314.7979,128.827476,185.97042
li_mace_review_seed20260428_B2_Divacancy,B2_Divacancy,committee_model,20260428,20260427,200.0,323.35594,139.069567,184.28638
li_mace_review_seed20260428_D_SiGraphene,D_SiGraphene,committee_model,20260428,20260427,0.0,1.2227344e-29,1.2227344e-29,0.0
li_mace_review_seed20260428_D_SiGraphene,D_SiGraphene,committee_model,20260428,20260427,2.0,25.291405,5.9325679000000004,19.358837
li_mace_review_seed20260428_D_SiGraphene,D_SiGraphene,committee_model,20260428,20260427,4.0,20.85249,8.5526956,12.299794
li_mace_review_seed20260428_D_SiGraphene,D_SiGraphene,committee_model,20260428,20260427,6.0,17.335378,13.85021698,3.4851603
li_mace_review_seed20260428_D_SiGraphene,D_SiGraphene,committee_model,20260428,20260427,8.0,18.987398,15.9203603,3.0670383
li_mace_review_seed20260428_D_SiGraphene,D_SiGraphene,committee_model,20260428,20260427,10.0,35.68912,13.003384,22.685736
li_mace_review_seed20260428_D_SiGraphene,D_SiGraphene,committee_model,20260428,20260427,12.0,13.584611,11.775025900000001,1.809585
li_mace_review_seed20260428_D_SiGraphene,D_SiGraphene,committee_model,20260428,20260427,14.0,25.425955,4.9364263,20.489528
li_mace_review_seed20260428_D_SiGraphene,D_SiGraphene,committee_model,20260428,20260427,16.0,13.828304,8.4258342,5.4024694
li_mace_review_seed20260428_D_SiGraphene,D_SiGraphene,committee_model,20260428,20260427,18.0,19.80861,16.602364299999998,3.206246
li_mace_review_seed20260428_D_SiGraphene,D_SiGraphene,committee_model,20260428,20260427,20.0,42.031694,27.0125263,15.019168
li_mace_review_seed20260428_D_SiGraphene,D_SiGraphene,committee_model,20260428,20260427,22.0,60.901311,37.265396499999994,23.635914
li_mace_review_seed20260428_D_SiGraphene,D_SiGraphene,committee_model,20260428,20260427,24.0,81.739638,56.5385092,25.201129
li_mace_review_seed20260428_D_SiGraphene,D_SiGraphene,committee_model,20260428,20260427,26.0,116.08418,105.42556250000001,10.658615
li_mace_review_seed20260428_D_SiGraphene,D_SiGraphene,committee_model,20260428,20260427,28.0,163.2601,142.71926499999998,20.540839
li_mace_review_seed20260428_D_SiGraphene,D_SiGraphene,committee_model,20260428,20260427,30.0,214.97915,206.1145011,8.8646527
li_mace_review_seed20260428_D_SiGraphene,D_SiGraphene,committee_model,20260428,20260427,32.0,227.31749,213.6209729,13.696516
li_mace_review_seed20260428_D_SiGraphene,D_SiGraphene,committee_model,20260428,20260427,34.0,291.74715,269.4035063,22.343646
li_mace_review_seed20260428_D_SiGraphene,D_SiGraphene,committee_model,20260428,20260427,36.0,208.68418,195.04903009999998,13.635146
li_mace_review_seed20260428_D_SiGraphene,D_SiGraphene,committee_model,20260428,20260427,38.0,228.70927,212.1869816,16.522279
li_mace_review_seed20260428_D_SiGraphene,D_SiGraphene,committee_model,20260428,20260427,40.0,245.68735,219.14869290000001,26.538664
li_mace_review_seed20260428_D_SiGraphene,D_SiGraphene,committee_model,20260428,20260427,42.0,322.37578,279.9078093,42.467966
li_mace_review_seed20260428_D_SiGraphene,D_SiGraphene,committee_model,20260428,20260427,44.0,278.92093,238.32068139999998,40.600249
li_mace_review_seed20260428_D_SiGraphene,D_SiGraphene,committee_model,20260428,20260427,46.0,241.62902,222.1076681,19.52135
li_mace_review_seed20260428_D_SiGraphene,D_SiGraphene,committee_model,20260428,20260427,48.0,254.7567,220.81969370000002,33.936997
li_mace_review_seed20260428_D_SiGraphene,D_SiGraphene,committee_model,20260428,20260427,50.0,253.53837,221.6593305,31.879032
li_mace_review_seed20260428_D_SiGraphene,D_SiGraphene,committee_model,20260428,20260427,52.0,207.71336,186.73490030000002,20.978458
li_mace_review_seed20260428_D_SiGraphene,D_SiGraphene,committee_model,20260428,20260427,54.0,325.41929,298.5684318,26.850855
li_mace_review_seed20260428_D_SiGraphene,D_SiGraphene,committee_model,20260428,20260427,56.0,297.97723,264.2364169,33.740813
li_mace_review_seed20260428_D_SiGraphene,D_SiGraphene,committee_model,20260428,20260427,58.0,283.98772,247.4399951,36.547723
li_mace_review_seed20260428_D_SiGraphene,D_SiGraphene,committee_model,20260428,20260427,60.0,273.25776,236.1773048,37.080453
li_mace_review_seed20260428_D_SiGraphene,D_SiGraphene,committee_model,20260428,20260427,62.0,254.06513,228.9772471,25.087881
li_mace_review_seed20260428_D_SiGraphene,D_SiGraphene,committee_model,20260428,20260427,64.0,245.5563,208.4422828,37.114025
li_mace_review_seed20260428_D_SiGraphene,D_SiGraphene,committee_model,20260428,20260427,66.0,208.69819,173.06386215999999,35.634332
li_mace_review_seed20260428_D_SiGraphene,D_SiGraphene,committee_model,20260428,20260427,68.0,198.58307,159.99749545,38.585574
li_mace_review_seed20260428_D_SiGraphene,D_SiGraphene,committee_model,20260428,20260427,70.0,189.19943,162.4700792,26.729351
li_mace_review_seed20260428_D_SiGraphene,D_SiGraphene,committee_model,20260428,20260427,72.0,217.64827,194.22334831,23.424923
li_mace_review_seed20260428_D_SiGraphene,D_SiGraphene,committee_model,20260428,20260427,74.0,249.53021,230.6044254,18.925787
li_mace_review_seed20260428_D_SiGraphene,D_SiGraphene,committee_model,20260428,20260427,76.0,269.01689,242.7581389,26.258751
li_mace_review_seed20260428_D_SiGraphene,D_SiGraphene,committee_model,20260428,20260427,78.0,269.38978,239.5238301,29.865953
li_mace_review_seed20260428_D_SiGraphene,D_SiGraphene,committee_model,20260428,20260427,80.0,248.78032,222.431186,26.349134
li_mace_review_seed20260428_D_SiGraphene,D_SiGraphene,committee_model,20260428,20260427,82.0,248.10324,219.3201948,28.783043
li_mace_review_seed20260428_D_SiGraphene,D_SiGraphene,committee_model,20260428,20260427,84.0,263.80222,232.76512582,31.037095
li_mace_review_seed20260428_D_SiGraphene,D_SiGraphene,committee_model,20260428,20260427,86.0,287.16088,247.10801636000002,40.052866
li_mace_review_seed20260428_D_SiGraphene,D_SiGraphene,committee_model,20260428,20260427,88.0,270.08325,235.00439001,35.078861
li_mace_review_seed20260428_D_SiGraphene,D_SiGraphene,committee_model,20260428,20260427,90.0,246.68484,207.8120121,38.872827
li_mace_review_seed20260428_D_SiGraphene,D_SiGraphene,committee_model,20260428,20260427,92.0,243.11127,213.67524719,29.436021
li_mace_review_seed20260428_D_SiGraphene,D_SiGraphene,committee_model,20260428,20260427,94.0,277.44027,251.66999199999998,25.770284
li_mace_review_seed20260428_D_SiGraphene,D_SiGraphene,committee_model,20260428,20260427,96.0,249.16824,227.7719392,21.396299
li_mace_review_seed20260428_D_SiGraphene,D_SiGraphene,committee_model,20260428,20260427,98.0,223.39894,201.8029949,21.595939
li_mace_review_seed20260428_D_SiGraphene,D_SiGraphene,committee_model,20260428,20260427,100.0,255.36201,221.20182119999998,34.160197
li_mace_review_seed20260428_D_SiGraphene,D_SiGraphene,committee_model,20260428,20260427,102.0,238.12125,200.8155765,37.305671
li_mace_review_seed20260428_D_SiGraphene,D_SiGraphene,committee_model,20260428,20260427,104.0,260.22283,225.7760576,34.446774
li_mace_review_seed20260428_D_SiGraphene,D_SiGraphene,committee_model,20260428,20260427,106.0,319.62718,278.45557897000003,41.171599
li_mace_review_seed20260428_D_SiGraphene,D_SiGraphene,committee_model,20260428,20260427,108.0,306.31708,271.02644349999997,35.290636
li_mace_review_seed20260428_D_SiGraphene,D_SiGraphene,committee_model,20260428,20260427,110.0,262.03216,230.4712842,31.560878
li_mace_review_seed20260428_D_SiGraphene,D_SiGraphene,committee_model,20260428,20260427,112.0,243.73091,213.4029751,30.327932
li_mace_review_seed20260428_D_SiGraphene,D_SiGraphene,committee_model,20260428,20260427,114.0,199.6184,186.1872667,13.431135
li_mace_review_seed20260428_D_SiGraphene,D_SiGraphene,committee_model,20260428,20260427,116.0,194.69192,180.4310367,14.260876
li_mace_review_seed20260428_D_SiGraphene,D_SiGraphene,committee_model,20260428,20260427,118.0,213.80636,201.98169910000001,11.824658
li_mace_review_seed20260428_D_SiGraphene,D_SiGraphene,committee_model,20260428,20260427,120.0,279.52255,262.5583781,16.964178
li_mace_review_seed20260428_D_SiGraphene,D_SiGraphene,committee_model,20260428,20260427,122.0,268.37578,255.8860582,12.489724
li_mace_review_seed20260428_D_SiGraphene,D_SiGraphene,committee_model,20260428,20260427,124.0,252.04702,230.2787596,21.768261
li_mace_review_seed20260428_D_SiGraphene,D_SiGraphene,committee_model,20260428,20260427,126.0,269.85663,236.73458100000002,33.12205
li_mace_review_seed20260428_D_SiGraphene,D_SiGraphene,committee_model,20260428,20260427,128.0,246.81596,204.30636810000001,42.509599
li_mace_review_seed20260428_D_SiGraphene,D_SiGraphene,committee_model,20260428,20260427,130.0,228.09363,193.33124740000002,34.762385
li_mace_review_seed20260428_D_SiGraphene,D_SiGraphene,committee_model,20260428,20260427,132.0,205.46874,188.46892920000002,16.999815
li_mace_review_seed20260428_D_SiGraphene,D_SiGraphene,committee_model,20260428,20260427,134.0,197.36534,182.9150049,14.450333
li_mace_review_seed20260428_D_SiGraphene,D_SiGraphene,committee_model,20260428,20260427,136.0,200.41719,190.46175290000002,9.9554304
li_mace_review_seed20260428_D_SiGraphene,D_SiGraphene,committee_model,20260428,20260427,138.0,228.4018,203.3823573,25.019442
li_mace_review_seed20260428_D_SiGraphene,D_SiGraphene,committee_model,20260428,20260427,140.0,242.61072,223.7456309,18.865087
li_mace_review_seed20260428_D_SiGraphene,D_SiGraphene,committee_model,20260428,20260427,142.0,255.63654,244.4256225,11.210913
li_mace_review_seed20260428_D_SiGraphene,D_SiGraphene,committee_model,20260428,20260427,144.0,263.00241,248.4946688,14.507739
li_mace_review_seed20260428_D_SiGraphene,D_SiGraphene,committee_model,20260428,20260427,146.0,245.69706,219.74621050000002,25.95084
li_mace_review_seed20260428_D_SiGraphene,D_SiGraphene,committee_model,20260428,20260427,148.0,206.08971,177.75205498,28.337654
li_mace_review_seed20260428_D_SiGraphene,D_SiGraphene,committee_model,20260428,20260427,150.0,222.8989,196.4095905,26.489307
li_mace_review_seed20260428_D_SiGraphene,D_SiGraphene,committee_model,20260428,20260427,152.0,304.1657,270.8057232,33.359975
li_mace_review_seed20260428_D_SiGraphene,D_SiGraphene,committee_model,20260428,20260427,154.0,273.86238,238.94350029999998,34.918876
li_mace_review_seed20260428_D_SiGraphene,D_SiGraphene,committee_model,20260428,20260427,156.0,243.00361,198.7776651,44.225953
li_mace_review_seed20260428_D_SiGraphene,D_SiGraphene,committee_model,20260428,20260427,158.0,215.12934,188.7227304,26.406615
li_mace_review_seed20260428_D_SiGraphene,D_SiGraphene,committee_model,20260428,20260427,160.0,262.52685,237.42329180000002,25.103553
li_mace_review_seed20260428_D_SiGraphene,D_SiGraphene,committee_model,20260428,20260427,162.0,222.47037,204.8934558,17.576911
li_mace_review_seed20260428_D_SiGraphene,D_SiGraphene,committee_model,20260428,20260427,164.0,194.09815,179.7874424,14.310713
li_mace_review_seed20260428_D_SiGraphene,D_SiGraphene,committee_model,20260428,20260427,166.0,199.35681,191.33638777,8.0204298
li_mace_review_seed20260428_D_SiGraphene,D_SiGraphene,committee_model,20260428,20260427,168.0,204.61974,193.0155606,11.604184
li_mace_review_seed20260428_D_SiGraphene,D_SiGraphene,committee_model,20260428,20260427,170.0,206.02025,194.39866469999998,11.621582
li_mace_review_seed20260428_D_SiGraphene,D_SiGraphene,committee_model,20260428,20260427,172.0,192.70904,182.1545018,10.554539
li_mace_review_seed20260428_D_SiGraphene,D_SiGraphene,committee_model,20260428,20260427,174.0,198.8605,183.6916418,15.168862
li_mace_review_seed20260428_D_SiGraphene,D_SiGraphene,committee_model,20260428,20260427,176.0,216.1684,199.8568028,16.311594
li_mace_review_seed20260428_D_SiGraphene,D_SiGraphene,committee_model,20260428,20260427,178.0,274.1234,255.16153412,18.961867
li_mace_review_seed20260428_D_SiGraphene,D_SiGraphene,committee_model,20260428,20260427,180.0,293.99952,281.7893555,12.210171
li_mace_review_seed20260428_D_SiGraphene,D_SiGraphene,committee_model,20260428,20260427,182.0,297.64939,286.61396379999996,11.035429
li_mace_review_seed20260428_D_SiGraphene,D_SiGraphene,committee_model,20260428,20260427,184.0,260.08959,249.43864842000002,10.650938
li_mace_review_seed20260428_D_SiGraphene,D_SiGraphene,committee_model,20260428,20260427,186.0,177.48718,165.50461669999999,11.982569
li_mace_review_seed20260428_D_SiGraphene,D_SiGraphene,committee_model,20260428,20260427,188.0,167.85728,155.56667430000002,12.290602
li_mace_review_seed20260428_D_SiGraphene,D_SiGraphene,committee_model,20260428,20260427,190.0,199.08736,185.62101281,13.466343
li_mace_review_seed20260428_D_SiGraphene,D_SiGraphene,committee_model,20260428,20260427,192.0,276.04408,264.380059,11.66402
li_mace_review_seed20260428_D_SiGraphene,D_SiGraphene,committee_model,20260428,20260427,194.0,306.80081,284.40293043,22.397878
li_mace_review_seed20260428_D_SiGraphene,D_SiGraphene,committee_model,20260428,20260427,196.0,260.34092,239.20194275,21.13898
li_mace_review_seed20260428_D_SiGraphene,D_SiGraphene,committee_model,20260428,20260427,198.0,248.52351,219.6131021,28.910408
li_mace_review_seed20260428_D_SiGraphene,D_SiGraphene,committee_model,20260428,20260427,200.0,230.50182,192.114278,38.387539
li_mace_review_seed20260429_B1_Monovacancy,B1_Monovacancy,committee_model,20260429,20260427,0.0,5.5220263e-30,3.1554436e-30,2.3665827e-30
li_mace_review_seed20260429_B1_Monovacancy,B1_Monovacancy,committee_model,20260429,20260427,2.0,52.663497,5.25047803,47.413019
li_mace_review_seed20260429_B1_Monovacancy,B1_Monovacancy,committee_model,20260429,20260427,4.0,88.35301,22.128429,66.22458
li_mace_review_seed20260429_B1_Monovacancy,B1_Monovacancy,committee_model,20260429,20260427,6.0,75.337754,21.968886599999998,53.368867
li_mace_review_seed20260429_B1_Monovacancy,B1_Monovacancy,committee_model,20260429,20260427,8.0,83.6355,18.207366399999998,65.428133
li_mace_review_seed20260429_B1_Monovacancy,B1_Monovacancy,committee_model,20260429,20260427,10.0,83.86437,18.243337,65.621033
li_mace_review_seed20260429_B1_Monovacancy,B1_Monovacancy,committee_model,20260429,20260427,12.0,83.703506,18.778398,64.925108
li_mace_review_seed20260429_B1_Monovacancy,B1_Monovacancy,committee_model,20260429,20260427,14.0,86.416498,38.405602,48.010896
li_mace_review_seed20260429_B1_Monovacancy,B1_Monovacancy,committee_model,20260429,20260427,16.0,106.73631,44.31525,62.421063
li_mace_review_seed20260429_B1_Monovacancy,B1_Monovacancy,committee_model,20260429,20260427,18.0,93.416989,38.896435,54.520555
li_mace_review_seed20260429_B1_Monovacancy,B1_Monovacancy,committee_model,20260429,20260427,20.0,88.707511,30.205074000000003,58.502437
li_mace_review_seed20260429_B1_Monovacancy,B1_Monovacancy,committee_model,20260429,20260427,22.0,86.005822,38.916287999999994,47.089534
li_mace_review_seed20260429_B1_Monovacancy,B1_Monovacancy,committee_model,20260429,20260427,24.0,81.378865,39.795021,41.583844
li_mace_review_seed20260429_B1_Monovacancy,B1_Monovacancy,committee_model,20260429,20260427,26.0,80.928781,36.556425,44.372357
li_mace_review_seed20260429_B1_Monovacancy,B1_Monovacancy,committee_model,20260429,20260427,28.0,73.912598,32.657522,41.255076
li_mace_review_seed20260429_B1_Monovacancy,B1_Monovacancy,committee_model,20260429,20260427,30.0,73.68227,33.832673,39.849596
li_mace_review_seed20260429_B1_Monovacancy,B1_Monovacancy,committee_model,20260429,20260427,32.0,74.982223,32.406432,42.57579
li_mace_review_seed20260429_B1_Monovacancy,B1_Monovacancy,committee_model,20260429,20260427,34.0,62.953285,24.111398,38.841888
li_mace_review_seed20260429_B1_Monovacancy,B1_Monovacancy,committee_model,20260429,20260427,36.0,73.330892,31.696686,41.634206
li_mace_review_seed20260429_B1_Monovacancy,B1_Monovacancy,committee_model,20260429,20260427,38.0,87.69522,38.965696,48.729523
li_mace_review_seed20260429_B1_Monovacancy,B1_Monovacancy,committee_model,20260429,20260427,40.0,71.943667,28.261324,43.682344
li_mace_review_seed20260429_B1_Monovacancy,B1_Monovacancy,committee_model,20260429,20260427,42.0,75.257838,30.587763000000002,44.670075
li_mace_review_seed20260429_B1_Monovacancy,B1_Monovacancy,committee_model,20260429,20260427,44.0,81.566742,37.88663,43.680111
li_mace_review_seed20260429_B1_Monovacancy,B1_Monovacancy,committee_model,20260429,20260427,46.0,78.036719,32.037492,45.999227
li_mace_review_seed20260429_B1_Monovacancy,B1_Monovacancy,committee_model,20260429,20260427,48.0,77.887084,27.475743,50.41134
li_mace_review_seed20260429_B1_Monovacancy,B1_Monovacancy,committee_model,20260429,20260427,50.0,87.987439,28.877369,59.110069
li_mace_review_seed20260429_B1_Monovacancy,B1_Monovacancy,committee_model,20260429,20260427,52.0,95.218654,34.050584,61.16807
li_mace_review_seed20260429_B1_Monovacancy,B1_Monovacancy,committee_model,20260429,20260427,54.0,133.90766,32.227066,101.68059
li_mace_review_seed20260429_B1_Monovacancy,B1_Monovacancy,committee_model,20260429,20260427,56.0,124.37149,31.749478000000003,92.622007
li_mace_review_seed20260429_B1_Monovacancy,B1_Monovacancy,committee_model,20260429,20260427,58.0,120.1206,35.3104,84.810195
li_mace_review_seed20260429_B1_Monovacancy,B1_Monovacancy,committee_model,20260429,20260427,60.0,126.52415,33.187965,93.336188
li_mace_review_seed20260429_B1_Monovacancy,B1_Monovacancy,committee_model,20260429,20260427,62.0,131.09442,37.621252999999996,93.473164
li_mace_review_seed20260429_B1_Monovacancy,B1_Monovacancy,committee_model,20260429,20260427,64.0,127.14371,30.663159,96.480551
li_mace_review_seed20260429_B1_Monovacancy,B1_Monovacancy,committee_model,20260429,20260427,66.0,131.1519,44.35146,86.800439
li_mace_review_seed20260429_B1_Monovacancy,B1_Monovacancy,committee_model,20260429,20260427,68.0,129.17774,33.613031,95.564709
li_mace_review_seed20260429_B1_Monovacancy,B1_Monovacancy,committee_model,20260429,20260427,70.0,130.20477,31.853255000000004,98.351517
li_mace_review_seed20260429_B1_Monovacancy,B1_Monovacancy,committee_model,20260429,20260427,72.0,119.31536,32.249012,87.06635
li_mace_review_seed20260429_B1_Monovacancy,B1_Monovacancy,committee_model,20260429,20260427,74.0,148.6638,33.831641,114.83215
li_mace_review_seed20260429_B1_Monovacancy,B1_Monovacancy,committee_model,20260429,20260427,76.0,143.19585,37.885541,105.31031
li_mace_review_seed20260429_B1_Monovacancy,B1_Monovacancy,committee_model,20260429,20260427,78.0,155.1879,38.721196,116.4667
li_mace_review_seed20260429_B1_Monovacancy,B1_Monovacancy,committee_model,20260429,20260427,80.0,145.27984,32.008536,113.2713
li_mace_review_seed20260429_B1_Monovacancy,B1_Monovacancy,committee_model,20260429,20260427,82.0,184.56863,55.654234,128.9144
li_mace_review_seed20260429_B1_Monovacancy,B1_Monovacancy,committee_model,20260429,20260427,84.0,175.39523,43.402530999999996,131.9927
li_mace_review_seed20260429_B1_Monovacancy,B1_Monovacancy,committee_model,20260429,20260427,86.0,175.26426,54.333282,120.93097
li_mace_review_seed20260429_B1_Monovacancy,B1_Monovacancy,committee_model,20260429,20260427,88.0,168.9491,48.287028,120.66207
li_mace_review_seed20260429_B1_Monovacancy,B1_Monovacancy,committee_model,20260429,20260427,90.0,165.45025,46.654495,118.79576
li_mace_review_seed20260429_B1_Monovacancy,B1_Monovacancy,committee_model,20260429,20260427,92.0,176.19277,43.371837,132.82094
li_mace_review_seed20260429_B1_Monovacancy,B1_Monovacancy,committee_model,20260429,20260427,94.0,179.71063,40.336214,139.37442
li_mace_review_seed20260429_B1_Monovacancy,B1_Monovacancy,committee_model,20260429,20260427,96.0,167.411,51.075936999999996,116.33507
li_mace_review_seed20260429_B1_Monovacancy,B1_Monovacancy,committee_model,20260429,20260427,98.0,164.73121,41.035362,123.69585
li_mace_review_seed20260429_B1_Monovacancy,B1_Monovacancy,committee_model,20260429,20260427,100.0,165.60853,49.437503,116.17103
li_mace_review_seed20260429_B1_Monovacancy,B1_Monovacancy,committee_model,20260429,20260427,102.0,163.07964,42.665964,120.41368
li_mace_review_seed20260429_B1_Monovacancy,B1_Monovacancy,committee_model,20260429,20260427,104.0,183.10009,48.843007,134.25708
li_mace_review_seed20260429_B1_Monovacancy,B1_Monovacancy,committee_model,20260429,20260427,106.0,172.23548,53.196383,119.03909
li_mace_review_seed20260429_B1_Monovacancy,B1_Monovacancy,committee_model,20260429,20260427,108.0,165.59378,47.830462,117.76332
li_mace_review_seed20260429_B1_Monovacancy,B1_Monovacancy,committee_model,20260429,20260427,110.0,174.24638,50.028461,124.21792
li_mace_review_seed20260429_B1_Monovacancy,B1_Monovacancy,committee_model,20260429,20260427,112.0,176.74703,43.703898,133.04314
li_mace_review_seed20260429_B1_Monovacancy,B1_Monovacancy,committee_model,20260429,20260427,114.0,197.23798,52.148163,145.08982
li_mace_review_seed20260429_B1_Monovacancy,B1_Monovacancy,committee_model,20260429,20260427,116.0,197.42492,41.28238399999999,156.14254
li_mace_review_seed20260429_B1_Monovacancy,B1_Monovacancy,committee_model,20260429,20260427,118.0,201.25544,50.42912200000001,150.82632
li_mace_review_seed20260429_B1_Monovacancy,B1_Monovacancy,committee_model,20260429,20260427,120.0,171.26803,32.838153000000005,138.42987
li_mace_review_seed20260429_B1_Monovacancy,B1_Monovacancy,committee_model,20260429,20260427,122.0,171.13377,40.80747,130.3263
li_mace_review_seed20260429_B1_Monovacancy,B1_Monovacancy,committee_model,20260429,20260427,124.0,189.00683,48.880528999999996,140.1263
li_mace_review_seed20260429_B1_Monovacancy,B1_Monovacancy,committee_model,20260429,20260427,126.0,203.15007,49.504763,153.6453
li_mace_review_seed20260429_B1_Monovacancy,B1_Monovacancy,committee_model,20260429,20260427,128.0,212.59639,41.898358,170.69803
li_mace_review_seed20260429_B1_Monovacancy,B1_Monovacancy,committee_model,20260429,20260427,130.0,204.44829,37.552718,166.89557
li_mace_review_seed20260429_B1_Monovacancy,B1_Monovacancy,committee_model,20260429,20260427,132.0,206.02892,44.519127999999995,161.50979
li_mace_review_seed20260429_B1_Monovacancy,B1_Monovacancy,committee_model,20260429,20260427,134.0,205.60365,39.608259,165.99539
li_mace_review_seed20260429_B1_Monovacancy,B1_Monovacancy,committee_model,20260429,20260427,136.0,183.71217,45.309728,138.40244
li_mace_review_seed20260429_B1_Monovacancy,B1_Monovacancy,committee_model,20260429,20260427,138.0,174.69421,42.221012,132.4732
li_mace_review_seed20260429_B1_Monovacancy,B1_Monovacancy,committee_model,20260429,20260427,140.0,176.27983,46.918752999999995,129.36108
li_mace_review_seed20260429_B1_Monovacancy,B1_Monovacancy,committee_model,20260429,20260427,142.0,169.91115,49.341616,120.56954
li_mace_review_seed20260429_B1_Monovacancy,B1_Monovacancy,committee_model,20260429,20260427,144.0,182.46926,46.301407999999995,136.16785
li_mace_review_seed20260429_B1_Monovacancy,B1_Monovacancy,committee_model,20260429,20260427,146.0,200.17499,40.786329,159.38866
li_mace_review_seed20260429_B1_Monovacancy,B1_Monovacancy,committee_model,20260429,20260427,148.0,166.1395,41.94421,124.19529
li_mace_review_seed20260429_B1_Monovacancy,B1_Monovacancy,committee_model,20260429,20260427,150.0,174.72563,48.07397,126.65166
li_mace_review_seed20260429_B1_Monovacancy,B1_Monovacancy,committee_model,20260429,20260427,152.0,158.91246,50.061814999999996,108.85064
li_mace_review_seed20260429_B1_Monovacancy,B1_Monovacancy,committee_model,20260429,20260427,154.0,164.47644,49.207321,115.26912
li_mace_review_seed20260429_B1_Monovacancy,B1_Monovacancy,committee_model,20260429,20260427,156.0,167.82996,48.624761,119.2052
li_mace_review_seed20260429_B1_Monovacancy,B1_Monovacancy,committee_model,20260429,20260427,158.0,172.21382,44.425441,127.78838
li_mace_review_seed20260429_B1_Monovacancy,B1_Monovacancy,committee_model,20260429,20260427,160.0,172.93701,42.856697,130.08031
li_mace_review_seed20260429_B1_Monovacancy,B1_Monovacancy,committee_model,20260429,20260427,162.0,169.51751,48.3103,121.20721
li_mace_review_seed20260429_B1_Monovacancy,B1_Monovacancy,committee_model,20260429,20260427,164.0,166.38867,46.746797,119.64187
li_mace_review_seed20260429_B1_Monovacancy,B1_Monovacancy,committee_model,20260429,20260427,166.0,172.52296,52.130573999999996,120.39238
li_mace_review_seed20260429_B1_Monovacancy,B1_Monovacancy,committee_model,20260429,20260427,168.0,154.03059,49.819529,104.21106
li_mace_review_seed20260429_B1_Monovacancy,B1_Monovacancy,committee_model,20260429,20260427,170.0,184.42901,43.072867,141.35615
li_mace_review_seed20260429_B1_Monovacancy,B1_Monovacancy,committee_model,20260429,20260427,172.0,171.77066,49.276697999999996,122.49396
li_mace_review_seed20260429_B1_Monovacancy,B1_Monovacancy,committee_model,20260429,20260427,174.0,149.20672,46.575716,102.631
li_mace_review_seed20260429_B1_Monovacancy,B1_Monovacancy,committee_model,20260429,20260427,176.0,170.86528,46.662091000000004,124.20319
li_mace_review_seed20260429_B1_Monovacancy,B1_Monovacancy,committee_model,20260429,20260427,178.0,173.3972,46.140894,127.25631
li_mace_review_seed20260429_B1_Monovacancy,B1_Monovacancy,committee_model,20260429,20260427,180.0,174.47275,46.137664,128.33508
li_mace_review_seed20260429_B1_Monovacancy,B1_Monovacancy,committee_model,20260429,20260427,182.0,174.38166,48.357074,126.02459
li_mace_review_seed20260429_B1_Monovacancy,B1_Monovacancy,committee_model,20260429,20260427,184.0,175.86487,44.778296,131.08657
li_mace_review_seed20260429_B1_Monovacancy,B1_Monovacancy,committee_model,20260429,20260427,186.0,177.33923,43.948497,133.39074
li_mace_review_seed20260429_B1_Monovacancy,B1_Monovacancy,committee_model,20260429,20260427,188.0,180.50925,48.152311,132.35694
li_mace_review_seed20260429_B1_Monovacancy,B1_Monovacancy,committee_model,20260429,20260427,190.0,174.41625,43.772781,130.64346
li_mace_review_seed20260429_B1_Monovacancy,B1_Monovacancy,committee_model,20260429,20260427,192.0,165.01928,41.983573,123.03571
li_mace_review_seed20260429_B1_Monovacancy,B1_Monovacancy,committee_model,20260429,20260427,194.0,172.04508,48.994619,123.05046
li_mace_review_seed20260429_B1_Monovacancy,B1_Monovacancy,committee_model,20260429,20260427,196.0,179.07487,41.636394,137.43847
li_mace_review_seed20260429_B1_Monovacancy,B1_Monovacancy,committee_model,20260429,20260427,198.0,173.00637,49.042331000000004,123.96404
li_mace_review_seed20260429_B1_Monovacancy,B1_Monovacancy,committee_model,20260429,20260427,200.0,186.63335,44.139536,142.49381
li_mace_review_seed20260429_B2_Divacancy,B2_Divacancy,committee_model,20260429,20260427,0.0,3.1554436e-30,3.1554436e-30,0.0
li_mace_review_seed20260429_B2_Divacancy,B2_Divacancy,committee_model,20260429,20260427,2.0,16.183573,13.9735814,2.2099919
li_mace_review_seed20260429_B2_Divacancy,B2_Divacancy,committee_model,20260429,20260427,4.0,26.111954,21.9863694,4.1255846
li_mace_review_seed20260429_B2_Divacancy,B2_Divacancy,committee_model,20260429,20260427,6.0,31.935451,26.82046519,5.1149858
li_mace_review_seed20260429_B2_Divacancy,B2_Divacancy,committee_model,20260429,20260427,8.0,15.548685,10.3882315,5.1604539
li_mace_review_seed20260429_B2_Divacancy,B2_Divacancy,committee_model,20260429,20260427,10.0,30.780068,26.019882199999998,4.7601861
li_mace_review_seed20260429_B2_Divacancy,B2_Divacancy,committee_model,20260429,20260427,12.0,25.706563,20.7322215,4.9743424
li_mace_review_seed20260429_B2_Divacancy,B2_Divacancy,committee_model,20260429,20260427,14.0,47.484749,40.05893049,7.4258191
li_mace_review_seed20260429_B2_Divacancy,B2_Divacancy,committee_model,20260429,20260427,16.0,12.915028,11.858416309999999,1.0566116
li_mace_review_seed20260429_B2_Divacancy,B2_Divacancy,committee_model,20260429,20260427,18.0,41.476693,34.6112358,6.8654577
li_mace_review_seed20260429_B2_Divacancy,B2_Divacancy,committee_model,20260429,20260427,20.0,22.81418,18.901783,3.9123963
li_mace_review_seed20260429_B2_Divacancy,B2_Divacancy,committee_model,20260429,20260427,22.0,23.999404,19.608417,4.3909869
li_mace_review_seed20260429_B2_Divacancy,B2_Divacancy,committee_model,20260429,20260427,24.0,6.7939269,4.214887,2.5790399
li_mace_review_seed20260429_B2_Divacancy,B2_Divacancy,committee_model,20260429,20260427,26.0,29.005474,23.9417936,5.06368
li_mace_review_seed20260429_B2_Divacancy,B2_Divacancy,committee_model,20260429,20260427,28.0,17.101219,8.680984570000001,8.4202348
li_mace_review_seed20260429_B2_Divacancy,B2_Divacancy,committee_model,20260429,20260427,30.0,17.309133,9.602567,7.7065659
li_mace_review_seed20260429_B2_Divacancy,B2_Divacancy,committee_model,20260429,20260427,32.0,30.162339,18.2825417,11.879797
li_mace_review_seed20260429_B2_Divacancy,B2_Divacancy,committee_model,20260429,20260427,34.0,29.212494,20.6786988,8.533795
li_mace_review_seed20260429_B2_Divacancy,B2_Divacancy,committee_model,20260429,20260427,36.0,32.871891,25.5032357,7.3686557
li_mace_review_seed20260429_B2_Divacancy,B2_Divacancy,committee_model,20260429,20260427,38.0,29.325128,19.856201000000002,9.4689268
li_mace_review_seed20260429_B2_Divacancy,B2_Divacancy,committee_model,20260429,20260427,40.0,20.185816,15.3733532,4.8124622
li_mace_review_seed20260429_B2_Divacancy,B2_Divacancy,committee_model,20260429,20260427,42.0,9.199254,5.823521100000001,3.3757329
li_mace_review_seed20260429_B2_Divacancy,B2_Divacancy,committee_model,20260429,20260427,44.0,16.996362,13.160430100000001,3.835932
li_mace_review_seed20260429_B2_Divacancy,B2_Divacancy,committee_model,20260429,20260427,46.0,23.504557,18.851907,4.65265
li_mace_review_seed20260429_B2_Divacancy,B2_Divacancy,committee_model,20260429,20260427,48.0,28.693793,24.429369199999996,4.2644236
li_mace_review_seed20260429_B2_Divacancy,B2_Divacancy,committee_model,20260429,20260427,50.0,13.163691,8.7347034,4.4289874
li_mace_review_seed20260429_B2_Divacancy,B2_Divacancy,committee_model,20260429,20260427,52.0,19.706444,14.452344700000001,5.2540993
li_mace_review_seed20260429_B2_Divacancy,B2_Divacancy,committee_model,20260429,20260427,54.0,33.622391,26.9669025,6.6554886
li_mace_review_seed20260429_B2_Divacancy,B2_Divacancy,committee_model,20260429,20260427,56.0,15.752988,12.3118242,3.4411637
li_mace_review_seed20260429_B2_Divacancy,B2_Divacancy,committee_model,20260429,20260427,58.0,23.603261,20.079977,3.5232835
li_mace_review_seed20260429_B2_Divacancy,B2_Divacancy,committee_model,20260429,20260427,60.0,19.463974,13.2693982,6.1945759
li_mace_review_seed20260429_B2_Divacancy,B2_Divacancy,committee_model,20260429,20260427,62.0,33.896533,24.6261888,9.2703442
li_mace_review_seed20260429_B2_Divacancy,B2_Divacancy,committee_model,20260429,20260427,64.0,28.67932,19.3799653,9.2993549
li_mace_review_seed20260429_B2_Divacancy,B2_Divacancy,committee_model,20260429,20260427,66.0,26.1238,16.644036,9.4797639
li_mace_review_seed20260429_B2_Divacancy,B2_Divacancy,committee_model,20260429,20260427,68.0,23.519353,15.132083399999999,8.38727
li_mace_review_seed20260429_B2_Divacancy,B2_Divacancy,committee_model,20260429,20260427,70.0,37.612713,26.1362888,11.476424
li_mace_review_seed20260429_B2_Divacancy,B2_Divacancy,committee_model,20260429,20260427,72.0,26.161801,16.4309302,9.7308707
li_mace_review_seed20260429_B2_Divacancy,B2_Divacancy,committee_model,20260429,20260427,74.0,25.087602,15.739901,9.347701
li_mace_review_seed20260429_B2_Divacancy,B2_Divacancy,committee_model,20260429,20260427,76.0,25.798086,17.215422999999998,8.5826634
li_mace_review_seed20260429_B2_Divacancy,B2_Divacancy,committee_model,20260429,20260427,78.0,25.015984,15.9916339,9.0243498
li_mace_review_seed20260429_B2_Divacancy,B2_Divacancy,committee_model,20260429,20260427,80.0,34.676835,25.9452883,8.7315464
li_mace_review_seed20260429_B2_Divacancy,B2_Divacancy,committee_model,20260429,20260427,82.0,30.289805,20.2540583,10.035747
li_mace_review_seed20260429_B2_Divacancy,B2_Divacancy,committee_model,20260429,20260427,84.0,24.362023,14.6522933,9.709729
li_mace_review_seed20260429_B2_Divacancy,B2_Divacancy,committee_model,20260429,20260427,86.0,31.373662,20.170657499999997,11.203004
li_mace_review_seed20260429_B2_Divacancy,B2_Divacancy,committee_model,20260429,20260427,88.0,19.508356,10.5838484,8.9245071
li_mace_review_seed20260429_B2_Divacancy,B2_Divacancy,committee_model,20260429,20260427,90.0,22.854655,16.416277,6.4383781
li_mace_review_seed20260429_B2_Divacancy,B2_Divacancy,committee_model,20260429,20260427,92.0,24.910937,16.5085413,8.4023957
li_mace_review_seed20260429_B2_Divacancy,B2_Divacancy,committee_model,20260429,20260427,94.0,27.016159,20.128103,6.8880561
li_mace_review_seed20260429_B2_Divacancy,B2_Divacancy,committee_model,20260429,20260427,96.0,31.347666,22.9312581,8.4164084
li_mace_review_seed20260429_B2_Divacancy,B2_Divacancy,committee_model,20260429,20260427,98.0,31.643002,23.2866389,8.3563629
li_mace_review_seed20260429_B2_Divacancy,B2_Divacancy,committee_model,20260429,20260427,100.0,21.173157,12.970494500000001,8.2026624
li_mace_review_seed20260429_B2_Divacancy,B2_Divacancy,committee_model,20260429,20260427,102.0,39.862827,28.2124799,11.650347
li_mace_review_seed20260429_B2_Divacancy,B2_Divacancy,committee_model,20260429,20260427,104.0,25.729191,18.9287339,6.8004575
li_mace_review_seed20260429_B2_Divacancy,B2_Divacancy,committee_model,20260429,20260427,106.0,26.681448,19.147693,7.5337556
li_mace_review_seed20260429_B2_Divacancy,B2_Divacancy,committee_model,20260429,20260427,108.0,19.962667,11.6922968,8.2703697
li_mace_review_seed20260429_B2_Divacancy,B2_Divacancy,committee_model,20260429,20260427,110.0,24.550445,14.1326339,10.417811
li_mace_review_seed20260429_B2_Divacancy,B2_Divacancy,committee_model,20260429,20260427,112.0,21.550832,15.7823481,5.7684841
li_mace_review_seed20260429_B2_Divacancy,B2_Divacancy,committee_model,20260429,20260427,114.0,26.763783,18.9222488,7.8415339
li_mace_review_seed20260429_B2_Divacancy,B2_Divacancy,committee_model,20260429,20260427,116.0,23.914798,16.8197886,7.0950095
li_mace_review_seed20260429_B2_Divacancy,B2_Divacancy,committee_model,20260429,20260427,118.0,19.265804,15.2749474,3.9908563
li_mace_review_seed20260429_B2_Divacancy,B2_Divacancy,committee_model,20260429,20260427,120.0,16.711793,12.5531302,4.1586624
li_mace_review_seed20260429_B2_Divacancy,B2_Divacancy,committee_model,20260429,20260427,122.0,16.736569,12.4647559,4.2718129
li_mace_review_seed20260429_B2_Divacancy,B2_Divacancy,committee_model,20260429,20260427,124.0,21.93865,16.9635652,4.9750845
li_mace_review_seed20260429_B2_Divacancy,B2_Divacancy,committee_model,20260429,20260427,126.0,14.912432,11.4261517,3.4862805
li_mace_review_seed20260429_B2_Divacancy,B2_Divacancy,committee_model,20260429,20260427,128.0,22.408476,18.286763699999998,4.1217124
li_mace_review_seed20260429_B2_Divacancy,B2_Divacancy,committee_model,20260429,20260427,130.0,32.038188,25.600322,6.4378653
li_mace_review_seed20260429_B2_Divacancy,B2_Divacancy,committee_model,20260429,20260427,132.0,11.644201,10.022377800000001,1.621823
li_mace_review_seed20260429_B2_Divacancy,B2_Divacancy,committee_model,20260429,20260427,134.0,34.829241,28.768715,6.0605268
li_mace_review_seed20260429_B2_Divacancy,B2_Divacancy,committee_model,20260429,20260427,136.0,12.768318,9.3476829,3.4206352
li_mace_review_seed20260429_B2_Divacancy,B2_Divacancy,committee_model,20260429,20260427,138.0,22.613431,16.2961857,6.3172454
li_mace_review_seed20260429_B2_Divacancy,B2_Divacancy,committee_model,20260429,20260427,140.0,26.7539,21.523749199999997,5.2301509
li_mace_review_seed20260429_B2_Divacancy,B2_Divacancy,committee_model,20260429,20260427,142.0,24.981778,19.789664600000002,5.1921139
li_mace_review_seed20260429_B2_Divacancy,B2_Divacancy,committee_model,20260429,20260427,144.0,23.672604,18.9967951,4.6758085
li_mace_review_seed20260429_B2_Divacancy,B2_Divacancy,committee_model,20260429,20260427,146.0,14.784213,9.8624962,4.921717
li_mace_review_seed20260429_B2_Divacancy,B2_Divacancy,committee_model,20260429,20260427,148.0,25.052712,21.514672599999997,3.5380389
li_mace_review_seed20260429_B2_Divacancy,B2_Divacancy,committee_model,20260429,20260427,150.0,20.491326,16.3870528,4.1042727
li_mace_review_seed20260429_B2_Divacancy,B2_Divacancy,committee_model,20260429,20260427,152.0,22.047118,15.988494600000001,6.0586232
li_mace_review_seed20260429_B2_Divacancy,B2_Divacancy,committee_model,20260429,20260427,154.0,15.960622,14.0043291,1.9562923
li_mace_review_seed20260429_B2_Divacancy,B2_Divacancy,committee_model,20260429,20260427,156.0,24.867001,20.2215864,4.6454146
li_mace_review_seed20260429_B2_Divacancy,B2_Divacancy,committee_model,20260429,20260427,158.0,21.893933,16.0486302,5.8453029
li_mace_review_seed20260429_B2_Divacancy,B2_Divacancy,committee_model,20260429,20260427,160.0,22.162517,15.9731907,6.1893257
li_mace_review_seed20260429_B2_Divacancy,B2_Divacancy,committee_model,20260429,20260427,162.0,30.416167,21.9924846,8.4236824
li_mace_review_seed20260429_B2_Divacancy,B2_Divacancy,committee_model,20260429,20260427,164.0,27.171983,18.306781700000002,8.8652015
li_mace_review_seed20260429_B2_Divacancy,B2_Divacancy,committee_model,20260429,20260427,166.0,29.968682,20.659852100000002,9.3088299
li_mace_review_seed20260429_B2_Divacancy,B2_Divacancy,committee_model,20260429,20260427,168.0,26.18249,19.357113299999998,6.8253774
li_mace_review_seed20260429_B2_Divacancy,B2_Divacancy,committee_model,20260429,20260427,170.0,34.391724,26.177607199999997,8.2141176
li_mace_review_seed20260429_B2_Divacancy,B2_Divacancy,committee_model,20260429,20260427,172.0,29.188777,21.761202,7.4275744
li_mace_review_seed20260429_B2_Divacancy,B2_Divacancy,committee_model,20260429,20260427,174.0,24.797818,17.164844,7.6329738
li_mace_review_seed20260429_B2_Divacancy,B2_Divacancy,committee_model,20260429,20260427,176.0,24.727232,16.876898,7.8503343
li_mace_review_seed20260429_B2_Divacancy,B2_Divacancy,committee_model,20260429,20260427,178.0,36.651534,27.6256317,9.0259026
li_mace_review_seed20260429_B2_Divacancy,B2_Divacancy,committee_model,20260429,20260427,180.0,23.683826,16.442197399999998,7.2416285
li_mace_review_seed20260429_B2_Divacancy,B2_Divacancy,committee_model,20260429,20260427,182.0,33.580532,25.199242899999998,8.3812889
li_mace_review_seed20260429_B2_Divacancy,B2_Divacancy,committee_model,20260429,20260427,184.0,22.279281,14.067085599999999,8.2121959
li_mace_review_seed20260429_B2_Divacancy,B2_Divacancy,committee_model,20260429,20260427,186.0,23.799488,15.465525,8.3339636
li_mace_review_seed20260429_B2_Divacancy,B2_Divacancy,committee_model,20260429,20260427,188.0,26.372265,18.513922,7.8583429
li_mace_review_seed20260429_B2_Divacancy,B2_Divacancy,committee_model,20260429,20260427,190.0,33.685933,23.1769445,10.508989
li_mace_review_seed20260429_B2_Divacancy,B2_Divacancy,committee_model,20260429,20260427,192.0,26.172679,17.5687325,8.603946
li_mace_review_seed20260429_B2_Divacancy,B2_Divacancy,committee_model,20260429,20260427,194.0,21.572663,13.5900887,7.9825745
li_mace_review_seed20260429_B2_Divacancy,B2_Divacancy,committee_model,20260429,20260427,196.0,24.000019,18.165064299999997,5.8349544
li_mace_review_seed20260429_B2_Divacancy,B2_Divacancy,committee_model,20260429,20260427,198.0,28.87957,20.2336385,8.6459311
li_mace_review_seed20260429_B2_Divacancy,B2_Divacancy,committee_model,20260429,20260427,200.0,24.206741,16.0160189,8.1907215
li_mace_review_seed20260429_D_SiGraphene,D_SiGraphene,committee_model,20260429,20260427,0.0,6.3108872e-30,6.3108872e-30,0.0
li_mace_review_seed20260429_D_SiGraphene,D_SiGraphene,committee_model,20260429,20260427,2.0,14.845311,11.8106832,3.0346277
li_mace_review_seed20260429_D_SiGraphene,D_SiGraphene,committee_model,20260429,20260427,4.0,23.964027,6.885133,17.078895
li_mace_review_seed20260429_D_SiGraphene,D_SiGraphene,committee_model,20260429,20260427,6.0,35.894927,20.3542041,15.540723
li_mace_review_seed20260429_D_SiGraphene,D_SiGraphene,committee_model,20260429,20260427,8.0,59.084546,13.000274300000001,46.084272
li_mace_review_seed20260429_D_SiGraphene,D_SiGraphene,committee_model,20260429,20260427,10.0,38.635232,22.2277724,16.407459
li_mace_review_seed20260429_D_SiGraphene,D_SiGraphene,committee_model,20260429,20260427,12.0,25.884132,15.18283,10.701303
li_mace_review_seed20260429_D_SiGraphene,D_SiGraphene,committee_model,20260429,20260427,14.0,16.915959,12.140442199999999,4.7755166
li_mace_review_seed20260429_D_SiGraphene,D_SiGraphene,committee_model,20260429,20260427,16.0,67.925256,26.477267,41.447989
li_mace_review_seed20260429_D_SiGraphene,D_SiGraphene,committee_model,20260429,20260427,18.0,101.45765,46.655739,54.801909
li_mace_review_seed20260429_D_SiGraphene,D_SiGraphene,committee_model,20260429,20260427,20.0,86.384888,62.125626000000004,24.259262
li_mace_review_seed20260429_D_SiGraphene,D_SiGraphene,committee_model,20260429,20260427,22.0,92.967652,58.302209,34.665442
li_mace_review_seed20260429_D_SiGraphene,D_SiGraphene,committee_model,20260429,20260427,24.0,105.63944,84.291516,21.34792
li_mace_review_seed20260429_D_SiGraphene,D_SiGraphene,committee_model,20260429,20260427,26.0,95.175588,77.921257,17.254331
li_mace_review_seed20260429_D_SiGraphene,D_SiGraphene,committee_model,20260429,20260427,28.0,119.44044,90.121576,29.318866
li_mace_review_seed20260429_D_SiGraphene,D_SiGraphene,committee_model,20260429,20260427,30.0,126.62985,85.21155300000001,41.418301
li_mace_review_seed20260429_D_SiGraphene,D_SiGraphene,committee_model,20260429,20260427,32.0,140.88556,107.41923,33.466334
li_mace_review_seed20260429_D_SiGraphene,D_SiGraphene,committee_model,20260429,20260427,34.0,143.06487,131.281986,11.782884
li_mace_review_seed20260429_D_SiGraphene,D_SiGraphene,committee_model,20260429,20260427,36.0,142.88442,123.101505,19.782918
li_mace_review_seed20260429_D_SiGraphene,D_SiGraphene,committee_model,20260429,20260427,38.0,188.942,162.991239,25.950757
li_mace_review_seed20260429_D_SiGraphene,D_SiGraphene,committee_model,20260429,20260427,40.0,194.87407,162.579851,32.294215
li_mace_review_seed20260429_D_SiGraphene,D_SiGraphene,committee_model,20260429,20260427,42.0,176.64756,163.619547,13.028012
li_mace_review_seed20260429_D_SiGraphene,D_SiGraphene,committee_model,20260429,20260427,44.0,202.79651,178.91692,23.879588
li_mace_review_seed20260429_D_SiGraphene,D_SiGraphene,committee_model,20260429,20260427,46.0,211.1661,177.70061099999998,33.465482
li_mace_review_seed20260429_D_SiGraphene,D_SiGraphene,committee_model,20260429,20260427,48.0,247.41615,227.59208999999998,19.824065
li_mace_review_seed20260429_D_SiGraphene,D_SiGraphene,committee_model,20260429,20260427,50.0,262.3275,236.28187599999998,26.045625
li_mace_review_seed20260429_D_SiGraphene,D_SiGraphene,committee_model,20260429,20260427,52.0,295.33644,251.646973,43.689473
li_mace_review_seed20260429_D_SiGraphene,D_SiGraphene,committee_model,20260429,20260427,54.0,283.62995,260.355992,23.273959
li_mace_review_seed20260429_D_SiGraphene,D_SiGraphene,committee_model,20260429,20260427,56.0,302.16794,278.72142,23.446518
li_mace_review_seed20260429_D_SiGraphene,D_SiGraphene,committee_model,20260429,20260427,58.0,342.73648,330.30523900000003,12.431249
li_mace_review_seed20260429_D_SiGraphene,D_SiGraphene,committee_model,20260429,20260427,60.0,388.07406,371.31330099999997,16.760756
li_mace_review_seed20260429_D_SiGraphene,D_SiGraphene,committee_model,20260429,20260427,62.0,379.14741,353.199428,25.947983
li_mace_review_seed20260429_D_SiGraphene,D_SiGraphene,committee_model,20260429,20260427,64.0,430.74567,410.415768,20.329902
li_mace_review_seed20260429_D_SiGraphene,D_SiGraphene,committee_model,20260429,20260427,66.0,475.56531,433.354518,42.210792
li_mace_review_seed20260429_D_SiGraphene,D_SiGraphene,committee_model,20260429,20260427,68.0,484.63879,454.194509,30.444284
li_mace_review_seed20260429_D_SiGraphene,D_SiGraphene,committee_model,20260429,20260427,70.0,494.93356,472.119646,22.813916
li_mace_review_seed20260429_D_SiGraphene,D_SiGraphene,committee_model,20260429,20260427,72.0,514.25458,487.759207,26.495372
li_mace_review_seed20260429_D_SiGraphene,D_SiGraphene,committee_model,20260429,20260427,74.0,590.28185,576.507158,13.774695
li_mace_review_seed20260429_D_SiGraphene,D_SiGraphene,committee_model,20260429,20260427,76.0,636.6151,623.2246627,13.390431
li_mace_review_seed20260429_D_SiGraphene,D_SiGraphene,committee_model,20260429,20260427,78.0,642.67549,626.1874942000001,16.487992
li_mace_review_seed20260429_D_SiGraphene,D_SiGraphene,committee_model,20260429,20260427,80.0,692.86629,655.432566,37.43372
li_mace_review_seed20260429_D_SiGraphene,D_SiGraphene,committee_model,20260429,20260427,82.0,710.92996,683.3470563000001,27.582903
li_mace_review_seed20260429_D_SiGraphene,D_SiGraphene,committee_model,20260429,20260427,84.0,783.65188,763.8807647,19.771115
li_mace_review_seed20260429_D_SiGraphene,D_SiGraphene,committee_model,20260429,20260427,86.0,831.83197,814.364732341,17.467236
li_mace_review_seed20260429_D_SiGraphene,D_SiGraphene,committee_model,20260429,20260427,88.0,886.16731,879.7949200200001,6.3723898
li_mace_review_seed20260429_D_SiGraphene,D_SiGraphene,committee_model,20260429,20260427,90.0,954.98922,933.0210008,21.968224
li_mace_review_seed20260429_D_SiGraphene,D_SiGraphene,committee_model,20260429,20260427,92.0,1060.4178,1017.2734146,43.144372
li_mace_review_seed20260429_D_SiGraphene,D_SiGraphene,committee_model,20260429,20260427,94.0,1091.3173,1067.535661,23.781597
li_mace_review_seed20260429_D_SiGraphene,D_SiGraphene,committee_model,20260429,20260427,96.0,1159.2765,1135.0600918,24.216413
li_mace_review_seed20260429_D_SiGraphene,D_SiGraphene,committee_model,20260429,20260427,98.0,1231.9132,1201.235551,30.67774
li_mace_review_seed20260429_D_SiGraphene,D_SiGraphene,committee_model,20260429,20260427,100.0,1271.829,1228.204169,43.624841
li_mace_review_seed20260429_D_SiGraphene,D_SiGraphene,committee_model,20260429,20260427,102.0,1378.175,1366.141741,12.03328
li_mace_review_seed20260429_D_SiGraphene,D_SiGraphene,committee_model,20260429,20260427,104.0,1466.9939,1454.652389,12.341493
li_mace_review_seed20260429_D_SiGraphene,D_SiGraphene,committee_model,20260429,20260427,106.0,1500.3955,1481.1126809999998,19.282831
li_mace_review_seed20260429_D_SiGraphene,D_SiGraphene,committee_model,20260429,20260427,108.0,1642.4216,1610.467316,31.954311
li_mace_review_seed20260429_D_SiGraphene,D_SiGraphene,committee_model,20260429,20260427,110.0,1713.4452,1695.772655,17.672549
li_mace_review_seed20260429_D_SiGraphene,D_SiGraphene,committee_model,20260429,20260427,112.0,1820.2528,1806.940765,13.312031
li_mace_review_seed20260429_D_SiGraphene,D_SiGraphene,committee_model,20260429,20260427,114.0,1998.1227,1986.9235019999999,11.199197
li_mace_review_seed20260429_D_SiGraphene,D_SiGraphene,committee_model,20260429,20260427,116.0,2077.6173,2064.3595800000003,13.257776
li_mace_review_seed20260429_D_SiGraphene,D_SiGraphene,committee_model,20260429,20260427,118.0,2055.3873,2032.3830650000002,23.004268
li_mace_review_seed20260429_D_SiGraphene,D_SiGraphene,committee_model,20260429,20260427,120.0,1964.1253,1935.867833,28.25746
li_mace_review_seed20260429_D_SiGraphene,D_SiGraphene,committee_model,20260429,20260427,122.0,1866.3447,1837.0767449999998,29.267957
li_mace_review_seed20260429_D_SiGraphene,D_SiGraphene,committee_model,20260429,20260427,124.0,1867.3613,1852.837575,14.523708
li_mace_review_seed20260429_D_SiGraphene,D_SiGraphene,committee_model,20260429,20260427,126.0,1926.6897,1903.864335,22.825388
li_mace_review_seed20260429_D_SiGraphene,D_SiGraphene,committee_model,20260429,20260427,128.0,1969.8786,1955.861829,14.016781
li_mace_review_seed20260429_D_SiGraphene,D_SiGraphene,committee_model,20260429,20260427,130.0,2091.1127,2066.373733,24.73894
li_mace_review_seed20260429_D_SiGraphene,D_SiGraphene,committee_model,20260429,20260427,132.0,2015.3753,1999.214011,16.161326
li_mace_review_seed20260429_D_SiGraphene,D_SiGraphene,committee_model,20260429,20260427,134.0,2111.3566,2088.182546,23.174064
li_mace_review_seed20260429_D_SiGraphene,D_SiGraphene,committee_model,20260429,20260427,136.0,2005.8931,1995.379649,10.513471
li_mace_review_seed20260429_D_SiGraphene,D_SiGraphene,committee_model,20260429,20260427,138.0,1971.8684,1947.504195,24.364214
li_mace_review_seed20260429_D_SiGraphene,D_SiGraphene,committee_model,20260429,20260427,140.0,1960.0308,1943.6068180000002,16.424028
li_mace_review_seed20260429_D_SiGraphene,D_SiGraphene,committee_model,20260429,20260427,142.0,1752.9421,1746.6053279999999,6.336737
li_mace_review_seed20260429_D_SiGraphene,D_SiGraphene,committee_model,20260429,20260427,144.0,1842.9179,1828.829829,14.088018
li_mace_review_seed20260429_D_SiGraphene,D_SiGraphene,committee_model,20260429,20260427,146.0,1860.0362,1835.5776150000002,24.458585
li_mace_review_seed20260429_D_SiGraphene,D_SiGraphene,committee_model,20260429,20260427,148.0,1913.5338,1871.575446,41.958354
li_mace_review_seed20260429_D_SiGraphene,D_SiGraphene,committee_model,20260429,20260427,150.0,1995.5527,1961.169362,34.383338
li_mace_review_seed20260429_D_SiGraphene,D_SiGraphene,committee_model,20260429,20260427,152.0,1916.3543,1894.78712,21.567147
li_mace_review_seed20260429_D_SiGraphene,D_SiGraphene,committee_model,20260429,20260427,154.0,1817.3306,1794.5578850000002,22.772803
li_mace_review_seed20260429_D_SiGraphene,D_SiGraphene,committee_model,20260429,20260427,156.0,1821.6956,1805.566475,16.129107
li_mace_review_seed20260429_D_SiGraphene,D_SiGraphene,committee_model,20260429,20260427,158.0,1807.7934,1790.809242,16.984163
li_mace_review_seed20260429_D_SiGraphene,D_SiGraphene,committee_model,20260429,20260427,160.0,1914.8972,1892.8776180000002,22.019537
li_mace_review_seed20260429_D_SiGraphene,D_SiGraphene,committee_model,20260429,20260427,162.0,1928.2227,1918.31811,9.9046272
li_mace_review_seed20260429_D_SiGraphene,D_SiGraphene,committee_model,20260429,20260427,164.0,1964.5114,1957.665159,6.8462337
li_mace_review_seed20260429_D_SiGraphene,D_SiGraphene,committee_model,20260429,20260427,166.0,2074.8456,2064.594872,10.250705
li_mace_review_seed20260429_D_SiGraphene,D_SiGraphene,committee_model,20260429,20260427,168.0,2028.1038,2003.26327,24.84047
li_mace_review_seed20260429_D_SiGraphene,D_SiGraphene,committee_model,20260429,20260427,170.0,2034.1256,2008.951244,25.174364
li_mace_review_seed20260429_D_SiGraphene,D_SiGraphene,committee_model,20260429,20260427,172.0,2074.4784,2041.413578,33.064785
li_mace_review_seed20260429_D_SiGraphene,D_SiGraphene,committee_model,20260429,20260427,174.0,2201.0158,2158.173029,42.842821
li_mace_review_seed20260429_D_SiGraphene,D_SiGraphene,committee_model,20260429,20260427,176.0,2147.1472,2120.443078,26.70409
li_mace_review_seed20260429_D_SiGraphene,D_SiGraphene,committee_model,20260429,20260427,178.0,2059.287,2037.640486,21.646527
li_mace_review_seed20260429_D_SiGraphene,D_SiGraphene,committee_model,20260429,20260427,180.0,1935.7774,1920.122999,15.654368
li_mace_review_seed20260429_D_SiGraphene,D_SiGraphene,committee_model,20260429,20260427,182.0,1796.7533,1780.3856409999999,16.367645
li_mace_review_seed20260429_D_SiGraphene,D_SiGraphene,committee_model,20260429,20260427,184.0,1889.9492,1873.326409,16.622739
li_mace_review_seed20260429_D_SiGraphene,D_SiGraphene,committee_model,20260429,20260427,186.0,1908.5169,1889.057336,19.459636
li_mace_review_seed20260429_D_SiGraphene,D_SiGraphene,committee_model,20260429,20260427,188.0,2139.9878,2116.347965,23.639881
li_mace_review_seed20260429_D_SiGraphene,D_SiGraphene,committee_model,20260429,20260427,190.0,2099.2703,2081.716961,17.553293
li_mace_review_seed20260429_D_SiGraphene,D_SiGraphene,committee_model,20260429,20260427,192.0,2030.3762,2015.592275,14.783921
li_mace_review_seed20260429_D_SiGraphene,D_SiGraphene,committee_model,20260429,20260427,194.0,2131.8475,2107.088826,24.758682
li_mace_review_seed20260429_D_SiGraphene,D_SiGraphene,committee_model,20260429,20260427,196.0,1949.8453,1934.061581,15.783679
li_mace_review_seed20260429_D_SiGraphene,D_SiGraphene,committee_model,20260429,20260427,198.0,1927.3707,1916.8600580000002,10.510719
li_mace_review_seed20260429_D_SiGraphene,D_SiGraphene,committee_model,20260429,20260427,200.0,1973.2782,1963.406493,9.8716744
