2026-05-08 00:32:41.283 INFO: ===========VERIFYING SETTINGS===========
2026-05-08 00:32:41.283 INFO: Stage Two is activated as start_stage_two was defined
2026-05-08 00:32:41.284 INFO: MACE version: 0.3.15
2026-05-08 00:32:41.284 DEBUG: Configuration: Namespace(config=None, name='li_mace_v1_3060ti', seed=20260427, work_dir='.', log_dir='logs/local_li_mace_v1', model_dir='models/local_finetuned_li_mace_v1', checkpoints_dir='checkpoints/local_li_mace_v1', results_dir='results/local_li_mace_v1', downloads_dir='./downloads', device='cuda', default_dtype='float32', distributed=False, launcher='slurm', log_level='INFO', plot=True, plot_frequency=0, plot_interaction_e=False, error_table='PerAtomRMSE', model='MACE', r_max=5.0, radial_type='bessel', num_radial_basis=8, num_cutoff_basis=5, pair_repulsion=False, distance_transform='None', apply_cutoff=True, use_last_readout_only=False, use_embedding_readout=False, interaction='RealAgnosticResidualInteractionBlock', interaction_first='RealAgnosticResidualInteractionBlock', max_ell=3, correlation=3, use_reduced_cg=False, use_so3=False, use_agnostic_product=False, num_interactions=2, MLP_irreps='16x0e', radial_MLP='[64, 64, 64]', hidden_irreps='128x0e + 128x1o', edge_irreps=None, num_channels=128, max_L=1, gate='silu', kspace_cutoff_factor=1.5, atomic_multipoles_max_l=0, atomic_multipoles_smearing_width=1.0, field_feature_max_l=0, field_feature_widths='[1.0]', field_feature_norms=None, num_recursion_steps=1, field_si=False, include_electrostatic_self_interaction=False, add_local_electron_energy=False, quadrupole_feature_corrections=False, return_electrostatic_potentials=False, field_norm_factor=0.02, fixedpoint_update_config=None, field_readout_config=None, scaling='rms_forces_scaling', avg_num_neighbors=1, compute_avg_num_neighbors=True, compute_stress=False, compute_forces=True, compute_polarizability=False, compute_atomic_dipole=False, train_file='data/mace_datasets/li_mace_train.extxyz', valid_file='data/mace_datasets/li_mace_valid.extxyz', valid_fraction=0.1, test_file='data/mace_datasets/li_mace_test.extxyz', test_dir=None, multi_processed_test=False, num_workers=0, pin_memory=True, atomic_numbers=None, mean=None, std=None, statistics_file=None, les_arguments=None, E0s='average', pseudolabel_replay=False, pseudolabel_replay_compute_stress=False, foundation_filter_elements=True, heads=None, multiheads_finetuning=False, foundation_head=None, weight_pt_head=1.0, real_pt_data_ratio_threshold=0.1, num_samples_pt=10000, force_mh_ft_lr=False, subselect_pt='random', filter_type_pt='none', allow_random_padding_pt=True, pt_train_file=None, pt_valid_file=None, foundation_model_elements=False, keep_isolated_atoms=False, lora=False, lora_rank=4, lora_alpha=1.0, energy_key='energy', forces_key='forces', virials_key='REF_virials', stress_key='REF_stress', dipole_key='dipole', polarizability_key='polarizability', head_key='head', charges_key='REF_charges', elec_temp_key='elec_temp', total_spin_key='total_spin', total_charge_key='total_charge', embedding_specs=None, skip_evaluate_heads='pt_head', loss='universal', forces_weight=100.0, swa_forces_weight=100.0, energy_weight=1.0, swa_energy_weight=1000.0, virials_weight=1.0, swa_virials_weight=10.0, stress_weight=1.0, swa_stress_weight=10.0, dipole_weight=1.0, swa_dipole_weight=1.0, swa_polarizability_weight=1.0, polarizability_weight=1.0, config_type_weights='{"Default":1.0}', huber_delta=0.01, optimizer='adam', beta=0.9, beta1_schedulefree=0.9, beta2_schedulefree=0.98, batch_size=2, valid_batch_size=2, lr=0.0005, swa_lr=0.001, weight_decay=5e-07, lr_params_factors='{"embedding_lr_factor":0.0,"interactions_lr_factor":0.0,"products_lr_factor":1.0,"readouts_lr_factor":1.0}', freeze=None, amsgrad=True, scheduler='ReduceLROnPlateau', lr_factor=0.8, scheduler_patience=50, lr_scheduler_gamma=0.9993, swa=True, start_swa=225, lbfgs=False, ema=True, ema_decay=0.99, max_num_epochs=300, patience=2048, foundation_model='models/foundation/mace-mpa-0-medium.model', foundation_model_kwargs='{}', foundation_model_readout=True, eval_interval=1, keep_checkpoints=False, save_all_checkpoints=False, restart_latest=True, save_cpu=False, clip_grad=10.0, dry_run=False, enable_cueq=False, only_cueq=False, enable_oeq=False, wandb=False, wandb_dir=None, wandb_project='', wandb_entity='', wandb_name='', wandb_log_hypers=['num_channels', 'max_L', 'correlation', 'lr', 'swa_lr', 'weight_decay', 'batch_size', 'max_num_epochs', 'start_swa', 'energy_weight', 'forces_weight'], key_specification=KeySpecification(info_keys={'energy': 'energy', 'stress': 'REF_stress', 'virials': 'REF_virials', 'dipole': 'dipole', 'head': 'head', 'elec_temp': 'elec_temp', 'total_charge': 'total_charge', 'polarizability': 'polarizability', 'total_spin': 'total_spin'}, arrays_keys={'forces': 'forces', 'charges': 'REF_charges'}))
2026-05-08 00:32:41.354 INFO: CUDA version: 12.1, CUDA device: 0
2026-05-08 00:32:41.377 DEBUG: Popen(['git', 'version'], cwd=/mnt/c/Users/XHSea/OneDrive/win-mac/local_3060ti_finetune_pack, stdin=None, shell=False, universal_newlines=False)
2026-05-08 00:32:41.379 DEBUG: Popen(['git', 'version'], cwd=/mnt/c/Users/XHSea/OneDrive/win-mac/local_3060ti_finetune_pack, stdin=None, shell=False, universal_newlines=False)
2026-05-08 00:32:41.381 DEBUG: sys.platform='linux', git_executable='git'
2026-05-08 00:32:41.392 DEBUG: Error accessing Git repository: /mnt/c/Users/XHSea/OneDrive/win-mac/local_3060ti_finetune_pack
2026-05-08 00:32:41.884 INFO: Using foundation model models/foundation/mace-mpa-0-medium.model as initial checkpoint.
2026-05-08 00:32:41.886 INFO: ===========LOADING INPUT DATA===========
2026-05-08 00:32:41.887 INFO: Using heads: ['Default']
2026-05-08 00:32:41.887 INFO: Using the key specifications to parse data:
2026-05-08 00:32:41.888 INFO: Default: KeySpecification(info_keys={'energy': 'energy', 'stress': 'REF_stress', 'virials': 'REF_virials', 'dipole': 'dipole', 'head': 'head', 'elec_temp': 'elec_temp', 'total_charge': 'total_charge', 'polarizability': 'polarizability', 'total_spin': 'total_spin'}, arrays_keys={'forces': 'forces', 'charges': 'REF_charges'})
2026-05-08 00:32:41.888 INFO: =============    Processing head Default     ===========
2026-05-08 00:32:41.895 DEBUG: Loading training file: data/mace_datasets/li_mace_train.extxyz
2026-05-08 00:32:42.027 WARNING: Since ASE version 3.23.0b1, using energy_key 'energy' is no longer safe when communicating between MACE and ASE. We recommend using a different key, rewriting 'energy' to 'REF_energy'. You need to use --energy_key='REF_energy' to specify the chosen key name.
2026-05-08 00:32:42.036 WARNING: Since ASE version 3.23.0b1, using forces_key 'forces' is no longer safe when communicating between MACE and ASE. We recommend using a different key, rewriting 'forces' to 'REF_forces'. You need to use --forces_key='REF_forces' to specify the chosen key name.
2026-05-08 00:32:42.050 INFO: Training set 1/1 [energy: 211, stress: 0, virials: 0, dipole components: 0, head: 211, elec_temp: 0, total_charge: 0, polarizability: 0, total_spin: 0, forces: 211, charges: 0]
2026-05-08 00:32:42.051 INFO: Total Training set [energy: 211, stress: 0, virials: 0, dipole components: 0, head: 211, elec_temp: 0, total_charge: 0, polarizability: 0, total_spin: 0, forces: 211, charges: 0]
2026-05-08 00:32:42.080 WARNING: Since ASE version 3.23.0b1, using energy_key 'energy' is no longer safe when communicating between MACE and ASE. We recommend using a different key, rewriting 'energy' to 'REF_energy'. You need to use --energy_key='REF_energy' to specify the chosen key name.
2026-05-08 00:32:42.082 WARNING: Since ASE version 3.23.0b1, using forces_key 'forces' is no longer safe when communicating between MACE and ASE. We recommend using a different key, rewriting 'forces' to 'REF_forces'. You need to use --forces_key='REF_forces' to specify the chosen key name.
2026-05-08 00:32:42.086 INFO: Validation set 1/1 [energy: 31, stress: 0, virials: 0, dipole components: 0, head: 31, elec_temp: 0, total_charge: 0, polarizability: 0, total_spin: 0, forces: 31, charges: 0]
2026-05-08 00:32:42.086 INFO: Total Validation set [energy: 31, stress: 0, virials: 0, dipole components: 0, head: 31, elec_temp: 0, total_charge: 0, polarizability: 0, total_spin: 0, forces: 31, charges: 0]
2026-05-08 00:32:42.116 WARNING: Since ASE version 3.23.0b1, using energy_key 'energy' is no longer safe when communicating between MACE and ASE. We recommend using a different key, rewriting 'energy' to 'REF_energy'. You need to use --energy_key='REF_energy' to specify the chosen key name.
2026-05-08 00:32:42.118 WARNING: Since ASE version 3.23.0b1, using forces_key 'forces' is no longer safe when communicating between MACE and ASE. We recommend using a different key, rewriting 'forces' to 'REF_forces'. You need to use --forces_key='REF_forces' to specify the chosen key name.
2026-05-08 00:32:42.121 INFO: Test set 1/1 [energy: 31, stress: 0, virials: 0, dipole components: 0, head: 31, elec_temp: 0, total_charge: 0, polarizability: 0, total_spin: 0, forces: 31, charges: 0]
2026-05-08 00:32:42.122 INFO: Total Test set [energy: 31, stress: 0, virials: 0, dipole components: 0, head: 31, elec_temp: 0, total_charge: 0, polarizability: 0, total_spin: 0, forces: 31, charges: 0]
2026-05-08 00:32:42.122 INFO: Total number of configurations: train=211, valid=31, tests=[A_Perfect_Default: 6, B1_Monovacancy_Default: 1, B2_Divacancy_Default: 7, C_StoneWales_Default: 5, D_SiGraphene_Default: 2, SP_A_Perfect_cell_center_Default: 1, SP_A_Perfect_path02_top_central_C_to_top_offset_C_img04_Default: 1, SP_B1_Monovacancy_bridge_C_C_Default: 1, SP_B1_Monovacancy_path02_top_central_C_to_top_offset_C_img04_Default: 1, SP_B2_Divacancy_bridge_C_C_Default: 1, SP_B2_Divacancy_path02_top_central_C_to_hollow_C3_img03_Default: 1, SP_C_StoneWales_cell_center_Default: 1, SP_C_StoneWales_path02_top_central_C_to_top_offset_C_img04_Default: 1, SP_D_SiGraphene_bridge_C_C_Default: 1, SP_D_SiGraphene_path02_top_central_C_to_hollow_C3_img03_Default: 1],
2026-05-08 00:32:42.126 INFO: Atomic Numbers used: [np.int64(3), np.int64(6), np.int64(14)]
2026-05-08 00:32:42.128 INFO: Isolated Atomic Energies (E0s) not in training file, using command line argument
2026-05-08 00:32:42.129 INFO: Computing average Atomic Energies using least squares regression
2026-05-08 00:32:42.130 INFO: Atomic Energies used (z: eV) for head Default: {3: 113.92569351243712, 6: -11.4794183476265, 14: -4.894533454778007}
2026-05-08 00:32:42.130 INFO: Processing datasets for head 'Default'
2026-05-08 00:32:42.302 DEBUG: Successfully loaded dataset from ASE files: ['data/mace_datasets/li_mace_train.extxyz']
2026-05-08 00:32:42.303 INFO: Combining 1 list datasets for head 'Default'
2026-05-08 00:32:42.332 DEBUG: Successfully loaded validation dataset from ASE files: ['data/mace_datasets/li_mace_valid.extxyz']
2026-05-08 00:32:42.332 INFO: Combining 1 list datasets for head 'Default_valid'
2026-05-08 00:32:42.333 INFO: Combined validation datasets for Default
2026-05-08 00:32:42.333 INFO: Head 'Default' training dataset size: 211
2026-05-08 00:32:42.334 INFO: Computing average number of neighbors
2026-05-08 00:32:42.497 INFO: Average number of neighbors: 39.404605865478516
2026-05-08 00:32:42.497 INFO: During training the following quantities will be reported: energy, forces, stress
2026-05-08 00:32:42.498 INFO: ===========MODEL DETAILS===========
2026-05-08 00:32:42.659 INFO: Loading FOUNDATION model
2026-05-08 00:32:42.661 INFO: Using filtered elements: [np.int64(3), np.int64(6), np.int64(14)]
2026-05-08 00:32:42.661 INFO: Model configuration extracted from foundation model
2026-05-08 00:32:42.662 INFO: Using universal loss function for fine-tuning
2026-05-08 00:32:42.662 INFO: Message passing with hidden irreps 128x0e+128x1o)
2026-05-08 00:32:42.663 INFO: 2 layers, each with correlation order: 3 (body order: 4) and spherical harmonics up to: l=3
2026-05-08 00:32:42.663 INFO: Radial cutoff: 6.0 A (total receptive field for each atom: 12.0 A)
2026-05-08 00:32:42.664 INFO: Distance transform for radial basis functions: Agnesi
2026-05-08 00:32:43.762 INFO: ===========OPTIMIZER INFORMATION===========
2026-05-08 00:32:43.763 INFO: Using ADAM as parameter optimizer
2026-05-08 00:32:43.763 INFO: Batch size: 2
2026-05-08 00:32:43.764 INFO: Using Exponential Moving Average with decay: 0.99
2026-05-08 00:32:43.764 INFO: Number of gradient updates: 31650
2026-05-08 00:32:43.765 INFO: Learning rate: 0.0005, weight decay: 5e-07
2026-05-08 00:32:43.765 INFO: UniversalLoss(energy_weight=1.000, forces_weight=100.000, stress_weight=1.000)
2026-05-08 00:32:43.766 INFO: === Layer's learning rates ===
2026-05-08 00:32:43.767 INFO: Param group 0: lr = 0.0
2026-05-08 00:32:43.768 INFO: Param group 1: lr = 0.0
2026-05-08 00:32:43.768 INFO: Param group 2: lr = 0.0
2026-05-08 00:32:43.769 INFO: Param group 3: lr = 0.0005
2026-05-08 00:32:43.769 INFO: Param group 4: lr = 0.0005
2026-05-08 00:32:43.770 INFO: Stage Two (after 225 epochs) with loss function: UniversalLoss(energy_weight=1000.000, forces_weight=100.000, stress_weight=10.000), with energy weight : 1000.0, forces weight : 100.0, stress weight : 10.0 and learning rate : 0.001
2026-05-08 00:32:43.854 WARNING: Cannot find checkpoint with tag 'li_mace_v1_3060ti_run-20260427' in 'checkpoints/local_li_mace_v1'
2026-05-08 00:32:43.856 INFO: Using gradient clipping with tolerance=10.000
2026-05-08 00:32:43.857 INFO: 
2026-05-08 00:32:43.857 INFO: ===========TRAINING===========
2026-05-08 00:32:43.858 INFO: Started training, reporting errors on validation set
2026-05-08 00:32:43.858 INFO: Loss metrics on validation set
2026-05-08 00:32:50.253 INFO: Initial: head: Default, loss=0.11132161, RMSE_E_per_atom= 7661.60 meV, RMSE_F=  296.38 meV / A, RMSE_stress=None meV / A^3
2026-05-08 00:33:16.825 INFO: Epoch 0: head: Default, loss=0.06136003, RMSE_E_per_atom= 6949.26 meV, RMSE_F=  162.34 meV / A, RMSE_stress=None meV / A^3
2026-05-08 00:33:16.828 DEBUG: Saving checkpoint: checkpoints/local_li_mace_v1/li_mace_v1_3060ti_run-20260427_epoch-0.pt
2026-05-08 00:33:34.936 INFO: Epoch 1: head: Default, loss=0.05600414, RMSE_E_per_atom= 6395.73 meV, RMSE_F=  159.66 meV / A, RMSE_stress=None meV / A^3
2026-05-08 00:33:34.940 DEBUG: Deleting old checkpoint file: checkpoints/local_li_mace_v1/li_mace_v1_3060ti_run-20260427_epoch-0.pt
2026-05-08 00:33:34.946 DEBUG: Saving checkpoint: checkpoints/local_li_mace_v1/li_mace_v1_3060ti_run-20260427_epoch-1.pt
2026-05-08 00:33:52.939 INFO: Epoch 2: head: Default, loss=0.05241831, RMSE_E_per_atom= 5894.51 meV, RMSE_F=  157.69 meV / A, RMSE_stress=None meV / A^3
2026-05-08 00:33:52.943 DEBUG: Deleting old checkpoint file: checkpoints/local_li_mace_v1/li_mace_v1_3060ti_run-20260427_epoch-1.pt
2026-05-08 00:33:52.948 DEBUG: Saving checkpoint: checkpoints/local_li_mace_v1/li_mace_v1_3060ti_run-20260427_epoch-2.pt
2026-05-08 00:34:11.097 INFO: Epoch 3: head: Default, loss=0.04932167, RMSE_E_per_atom= 5424.83 meV, RMSE_F=  157.08 meV / A, RMSE_stress=None meV / A^3
2026-05-08 00:34:11.101 DEBUG: Deleting old checkpoint file: checkpoints/local_li_mace_v1/li_mace_v1_3060ti_run-20260427_epoch-2.pt
2026-05-08 00:34:11.105 DEBUG: Saving checkpoint: checkpoints/local_li_mace_v1/li_mace_v1_3060ti_run-20260427_epoch-3.pt
2026-05-08 00:34:29.444 INFO: Epoch 4: head: Default, loss=0.04623690, RMSE_E_per_atom= 5003.50 meV, RMSE_F=  151.43 meV / A, RMSE_stress=None meV / A^3
2026-05-08 00:34:29.448 DEBUG: Deleting old checkpoint file: checkpoints/local_li_mace_v1/li_mace_v1_3060ti_run-20260427_epoch-3.pt
2026-05-08 00:34:29.453 DEBUG: Saving checkpoint: checkpoints/local_li_mace_v1/li_mace_v1_3060ti_run-20260427_epoch-4.pt
2026-05-08 00:34:47.587 INFO: Epoch 5: head: Default, loss=0.04341800, RMSE_E_per_atom= 4580.76 meV, RMSE_F=  147.95 meV / A, RMSE_stress=None meV / A^3
2026-05-08 00:34:47.589 DEBUG: Deleting old checkpoint file: checkpoints/local_li_mace_v1/li_mace_v1_3060ti_run-20260427_epoch-4.pt
2026-05-08 00:34:47.594 DEBUG: Saving checkpoint: checkpoints/local_li_mace_v1/li_mace_v1_3060ti_run-20260427_epoch-5.pt
2026-05-08 00:35:06.614 INFO: Epoch 6: head: Default, loss=0.04030598, RMSE_E_per_atom= 4170.77 meV, RMSE_F=  140.38 meV / A, RMSE_stress=None meV / A^3
2026-05-08 00:35:06.617 DEBUG: Deleting old checkpoint file: checkpoints/local_li_mace_v1/li_mace_v1_3060ti_run-20260427_epoch-5.pt
2026-05-08 00:35:06.623 DEBUG: Saving checkpoint: checkpoints/local_li_mace_v1/li_mace_v1_3060ti_run-20260427_epoch-6.pt
2026-05-08 00:35:25.045 INFO: Epoch 7: head: Default, loss=0.03708581, RMSE_E_per_atom= 3750.88 meV, RMSE_F=  132.37 meV / A, RMSE_stress=None meV / A^3
2026-05-08 00:35:25.048 DEBUG: Deleting old checkpoint file: checkpoints/local_li_mace_v1/li_mace_v1_3060ti_run-20260427_epoch-6.pt
2026-05-08 00:35:25.053 DEBUG: Saving checkpoint: checkpoints/local_li_mace_v1/li_mace_v1_3060ti_run-20260427_epoch-7.pt
2026-05-08 00:35:43.386 INFO: Epoch 8: head: Default, loss=0.03377930, RMSE_E_per_atom= 3300.32 meV, RMSE_F=  124.41 meV / A, RMSE_stress=None meV / A^3
2026-05-08 00:35:43.389 DEBUG: Deleting old checkpoint file: checkpoints/local_li_mace_v1/li_mace_v1_3060ti_run-20260427_epoch-7.pt
2026-05-08 00:35:43.394 DEBUG: Saving checkpoint: checkpoints/local_li_mace_v1/li_mace_v1_3060ti_run-20260427_epoch-8.pt
2026-05-08 00:36:01.701 INFO: Epoch 9: head: Default, loss=0.03029232, RMSE_E_per_atom= 2794.85 meV, RMSE_F=  116.02 meV / A, RMSE_stress=None meV / A^3
2026-05-08 00:36:01.704 DEBUG: Deleting old checkpoint file: checkpoints/local_li_mace_v1/li_mace_v1_3060ti_run-20260427_epoch-8.pt
2026-05-08 00:36:01.709 DEBUG: Saving checkpoint: checkpoints/local_li_mace_v1/li_mace_v1_3060ti_run-20260427_epoch-9.pt
2026-05-08 00:36:19.970 INFO: Epoch 10: head: Default, loss=0.02642095, RMSE_E_per_atom= 2241.19 meV, RMSE_F=  106.00 meV / A, RMSE_stress=None meV / A^3
2026-05-08 00:36:19.974 DEBUG: Deleting old checkpoint file: checkpoints/local_li_mace_v1/li_mace_v1_3060ti_run-20260427_epoch-9.pt
2026-05-08 00:36:19.979 DEBUG: Saving checkpoint: checkpoints/local_li_mace_v1/li_mace_v1_3060ti_run-20260427_epoch-10.pt
2026-05-08 00:36:38.003 INFO: Epoch 11: head: Default, loss=0.02259235, RMSE_E_per_atom= 1630.64 meV, RMSE_F=   98.70 meV / A, RMSE_stress=None meV / A^3
2026-05-08 00:36:38.006 DEBUG: Deleting old checkpoint file: checkpoints/local_li_mace_v1/li_mace_v1_3060ti_run-20260427_epoch-10.pt
2026-05-08 00:36:38.010 DEBUG: Saving checkpoint: checkpoints/local_li_mace_v1/li_mace_v1_3060ti_run-20260427_epoch-11.pt
2026-05-08 00:36:56.498 INFO: Epoch 12: head: Default, loss=0.01870061, RMSE_E_per_atom=  966.79 meV, RMSE_F=   93.60 meV / A, RMSE_stress=None meV / A^3
2026-05-08 00:36:56.502 DEBUG: Deleting old checkpoint file: checkpoints/local_li_mace_v1/li_mace_v1_3060ti_run-20260427_epoch-11.pt
2026-05-08 00:36:56.507 DEBUG: Saving checkpoint: checkpoints/local_li_mace_v1/li_mace_v1_3060ti_run-20260427_epoch-12.pt
2026-05-08 00:37:15.442 INFO: Epoch 13: head: Default, loss=0.01511338, RMSE_E_per_atom=  380.35 meV, RMSE_F=   89.02 meV / A, RMSE_stress=None meV / A^3
2026-05-08 00:37:15.447 DEBUG: Deleting old checkpoint file: checkpoints/local_li_mace_v1/li_mace_v1_3060ti_run-20260427_epoch-12.pt
2026-05-08 00:37:15.451 DEBUG: Saving checkpoint: checkpoints/local_li_mace_v1/li_mace_v1_3060ti_run-20260427_epoch-13.pt
2026-05-08 00:37:33.500 INFO: Epoch 14: head: Default, loss=0.01339143, RMSE_E_per_atom=  158.34 meV, RMSE_F=   86.96 meV / A, RMSE_stress=None meV / A^3
2026-05-08 00:37:33.505 DEBUG: Deleting old checkpoint file: checkpoints/local_li_mace_v1/li_mace_v1_3060ti_run-20260427_epoch-13.pt
2026-05-08 00:37:33.509 DEBUG: Saving checkpoint: checkpoints/local_li_mace_v1/li_mace_v1_3060ti_run-20260427_epoch-14.pt
2026-05-08 00:37:51.911 INFO: Epoch 15: head: Default, loss=0.01244635, RMSE_E_per_atom=   89.34 meV, RMSE_F=   84.13 meV / A, RMSE_stress=None meV / A^3
2026-05-08 00:37:51.914 DEBUG: Deleting old checkpoint file: checkpoints/local_li_mace_v1/li_mace_v1_3060ti_run-20260427_epoch-14.pt
2026-05-08 00:37:51.919 DEBUG: Saving checkpoint: checkpoints/local_li_mace_v1/li_mace_v1_3060ti_run-20260427_epoch-15.pt
2026-05-08 00:38:09.937 INFO: Epoch 16: head: Default, loss=0.01199721, RMSE_E_per_atom=   71.00 meV, RMSE_F=   83.57 meV / A, RMSE_stress=None meV / A^3
2026-05-08 00:38:09.940 DEBUG: Deleting old checkpoint file: checkpoints/local_li_mace_v1/li_mace_v1_3060ti_run-20260427_epoch-15.pt
2026-05-08 00:38:09.945 DEBUG: Saving checkpoint: checkpoints/local_li_mace_v1/li_mace_v1_3060ti_run-20260427_epoch-16.pt
2026-05-08 00:38:27.970 INFO: Epoch 17: head: Default, loss=0.01159212, RMSE_E_per_atom=   66.16 meV, RMSE_F=   81.10 meV / A, RMSE_stress=None meV / A^3
2026-05-08 00:38:27.972 DEBUG: Deleting old checkpoint file: checkpoints/local_li_mace_v1/li_mace_v1_3060ti_run-20260427_epoch-16.pt
2026-05-08 00:38:27.976 DEBUG: Saving checkpoint: checkpoints/local_li_mace_v1/li_mace_v1_3060ti_run-20260427_epoch-17.pt
2026-05-08 00:38:46.083 INFO: Epoch 18: head: Default, loss=0.01108026, RMSE_E_per_atom=   64.85 meV, RMSE_F=   77.51 meV / A, RMSE_stress=None meV / A^3
2026-05-08 00:38:46.087 DEBUG: Deleting old checkpoint file: checkpoints/local_li_mace_v1/li_mace_v1_3060ti_run-20260427_epoch-17.pt
2026-05-08 00:38:46.091 DEBUG: Saving checkpoint: checkpoints/local_li_mace_v1/li_mace_v1_3060ti_run-20260427_epoch-18.pt
2026-05-08 00:39:04.828 INFO: Epoch 19: head: Default, loss=0.01077403, RMSE_E_per_atom=   64.36 meV, RMSE_F=   74.88 meV / A, RMSE_stress=None meV / A^3
2026-05-08 00:39:04.833 DEBUG: Deleting old checkpoint file: checkpoints/local_li_mace_v1/li_mace_v1_3060ti_run-20260427_epoch-18.pt
2026-05-08 00:39:04.836 DEBUG: Saving checkpoint: checkpoints/local_li_mace_v1/li_mace_v1_3060ti_run-20260427_epoch-19.pt
2026-05-08 00:39:23.395 INFO: Epoch 20: head: Default, loss=0.01054057, RMSE_E_per_atom=   64.58 meV, RMSE_F=   73.51 meV / A, RMSE_stress=None meV / A^3
2026-05-08 00:39:23.398 DEBUG: Deleting old checkpoint file: checkpoints/local_li_mace_v1/li_mace_v1_3060ti_run-20260427_epoch-19.pt
2026-05-08 00:39:23.402 DEBUG: Saving checkpoint: checkpoints/local_li_mace_v1/li_mace_v1_3060ti_run-20260427_epoch-20.pt
2026-05-08 00:39:41.350 INFO: Epoch 21: head: Default, loss=0.01038903, RMSE_E_per_atom=   64.29 meV, RMSE_F=   72.92 meV / A, RMSE_stress=None meV / A^3
2026-05-08 00:39:41.352 DEBUG: Deleting old checkpoint file: checkpoints/local_li_mace_v1/li_mace_v1_3060ti_run-20260427_epoch-20.pt
2026-05-08 00:39:41.357 DEBUG: Saving checkpoint: checkpoints/local_li_mace_v1/li_mace_v1_3060ti_run-20260427_epoch-21.pt
2026-05-08 00:39:59.359 INFO: Epoch 22: head: Default, loss=0.01029031, RMSE_E_per_atom=   64.23 meV, RMSE_F=   72.89 meV / A, RMSE_stress=None meV / A^3
2026-05-08 00:39:59.361 DEBUG: Deleting old checkpoint file: checkpoints/local_li_mace_v1/li_mace_v1_3060ti_run-20260427_epoch-21.pt
2026-05-08 00:39:59.366 DEBUG: Saving checkpoint: checkpoints/local_li_mace_v1/li_mace_v1_3060ti_run-20260427_epoch-22.pt
2026-05-08 00:40:17.386 INFO: Epoch 23: head: Default, loss=0.01007748, RMSE_E_per_atom=   63.76 meV, RMSE_F=   71.39 meV / A, RMSE_stress=None meV / A^3
2026-05-08 00:40:17.390 DEBUG: Deleting old checkpoint file: checkpoints/local_li_mace_v1/li_mace_v1_3060ti_run-20260427_epoch-22.pt
2026-05-08 00:40:17.395 DEBUG: Saving checkpoint: checkpoints/local_li_mace_v1/li_mace_v1_3060ti_run-20260427_epoch-23.pt
2026-05-08 00:40:35.443 INFO: Epoch 24: head: Default, loss=0.00985512, RMSE_E_per_atom=   63.67 meV, RMSE_F=   69.84 meV / A, RMSE_stress=None meV / A^3
2026-05-08 00:40:35.446 DEBUG: Deleting old checkpoint file: checkpoints/local_li_mace_v1/li_mace_v1_3060ti_run-20260427_epoch-23.pt
2026-05-08 00:40:35.451 DEBUG: Saving checkpoint: checkpoints/local_li_mace_v1/li_mace_v1_3060ti_run-20260427_epoch-24.pt
2026-05-08 00:40:54.052 INFO: Epoch 25: head: Default, loss=0.00976621, RMSE_E_per_atom=   63.54 meV, RMSE_F=   69.56 meV / A, RMSE_stress=None meV / A^3
2026-05-08 00:40:54.055 DEBUG: Deleting old checkpoint file: checkpoints/local_li_mace_v1/li_mace_v1_3060ti_run-20260427_epoch-24.pt
2026-05-08 00:40:54.061 DEBUG: Saving checkpoint: checkpoints/local_li_mace_v1/li_mace_v1_3060ti_run-20260427_epoch-25.pt
2026-05-08 00:41:12.846 INFO: Epoch 26: head: Default, loss=0.00960800, RMSE_E_per_atom=   62.95 meV, RMSE_F=   68.45 meV / A, RMSE_stress=None meV / A^3
2026-05-08 00:41:12.849 DEBUG: Deleting old checkpoint file: checkpoints/local_li_mace_v1/li_mace_v1_3060ti_run-20260427_epoch-25.pt
2026-05-08 00:41:12.854 DEBUG: Saving checkpoint: checkpoints/local_li_mace_v1/li_mace_v1_3060ti_run-20260427_epoch-26.pt
2026-05-08 00:41:31.075 INFO: Epoch 27: head: Default, loss=0.00943031, RMSE_E_per_atom=   63.16 meV, RMSE_F=   67.08 meV / A, RMSE_stress=None meV / A^3
2026-05-08 00:41:31.078 DEBUG: Deleting old checkpoint file: checkpoints/local_li_mace_v1/li_mace_v1_3060ti_run-20260427_epoch-26.pt
2026-05-08 00:41:31.082 DEBUG: Saving checkpoint: checkpoints/local_li_mace_v1/li_mace_v1_3060ti_run-20260427_epoch-27.pt
2026-05-08 00:41:49.162 INFO: Epoch 28: head: Default, loss=0.00938765, RMSE_E_per_atom=   62.91 meV, RMSE_F=   66.79 meV / A, RMSE_stress=None meV / A^3
2026-05-08 00:41:49.165 DEBUG: Deleting old checkpoint file: checkpoints/local_li_mace_v1/li_mace_v1_3060ti_run-20260427_epoch-27.pt
2026-05-08 00:41:49.169 DEBUG: Saving checkpoint: checkpoints/local_li_mace_v1/li_mace_v1_3060ti_run-20260427_epoch-28.pt
2026-05-08 00:42:07.130 INFO: Epoch 29: head: Default, loss=0.00930582, RMSE_E_per_atom=   62.85 meV, RMSE_F=   66.55 meV / A, RMSE_stress=None meV / A^3
2026-05-08 00:42:07.132 DEBUG: Deleting old checkpoint file: checkpoints/local_li_mace_v1/li_mace_v1_3060ti_run-20260427_epoch-28.pt
2026-05-08 00:42:07.137 DEBUG: Saving checkpoint: checkpoints/local_li_mace_v1/li_mace_v1_3060ti_run-20260427_epoch-29.pt
2026-05-08 00:42:25.141 INFO: Epoch 30: head: Default, loss=0.00905705, RMSE_E_per_atom=   62.87 meV, RMSE_F=   64.22 meV / A, RMSE_stress=None meV / A^3
2026-05-08 00:42:25.146 DEBUG: Deleting old checkpoint file: checkpoints/local_li_mace_v1/li_mace_v1_3060ti_run-20260427_epoch-29.pt
2026-05-08 00:42:25.151 DEBUG: Saving checkpoint: checkpoints/local_li_mace_v1/li_mace_v1_3060ti_run-20260427_epoch-30.pt
2026-05-08 00:42:43.253 INFO: Epoch 31: head: Default, loss=0.00896512, RMSE_E_per_atom=   62.61 meV, RMSE_F=   64.04 meV / A, RMSE_stress=None meV / A^3
2026-05-08 00:42:43.256 DEBUG: Deleting old checkpoint file: checkpoints/local_li_mace_v1/li_mace_v1_3060ti_run-20260427_epoch-30.pt
2026-05-08 00:42:43.260 DEBUG: Saving checkpoint: checkpoints/local_li_mace_v1/li_mace_v1_3060ti_run-20260427_epoch-31.pt
2026-05-08 00:43:02.072 INFO: Epoch 32: head: Default, loss=0.00890002, RMSE_E_per_atom=   62.78 meV, RMSE_F=   63.21 meV / A, RMSE_stress=None meV / A^3
2026-05-08 00:43:02.074 DEBUG: Deleting old checkpoint file: checkpoints/local_li_mace_v1/li_mace_v1_3060ti_run-20260427_epoch-31.pt
2026-05-08 00:43:02.079 DEBUG: Saving checkpoint: checkpoints/local_li_mace_v1/li_mace_v1_3060ti_run-20260427_epoch-32.pt
2026-05-08 00:43:20.634 INFO: Epoch 33: head: Default, loss=0.00881144, RMSE_E_per_atom=   62.49 meV, RMSE_F=   62.80 meV / A, RMSE_stress=None meV / A^3
2026-05-08 00:43:20.639 DEBUG: Deleting old checkpoint file: checkpoints/local_li_mace_v1/li_mace_v1_3060ti_run-20260427_epoch-32.pt
2026-05-08 00:43:20.643 DEBUG: Saving checkpoint: checkpoints/local_li_mace_v1/li_mace_v1_3060ti_run-20260427_epoch-33.pt
2026-05-08 00:43:39.028 INFO: Epoch 34: head: Default, loss=0.00867431, RMSE_E_per_atom=   62.35 meV, RMSE_F=   61.72 meV / A, RMSE_stress=None meV / A^3
2026-05-08 00:43:39.032 DEBUG: Deleting old checkpoint file: checkpoints/local_li_mace_v1/li_mace_v1_3060ti_run-20260427_epoch-33.pt
2026-05-08 00:43:39.035 DEBUG: Saving checkpoint: checkpoints/local_li_mace_v1/li_mace_v1_3060ti_run-20260427_epoch-34.pt
2026-05-08 00:43:57.247 INFO: Epoch 35: head: Default, loss=0.00864661, RMSE_E_per_atom=   62.32 meV, RMSE_F=   61.89 meV / A, RMSE_stress=None meV / A^3
2026-05-08 00:43:57.250 DEBUG: Deleting old checkpoint file: checkpoints/local_li_mace_v1/li_mace_v1_3060ti_run-20260427_epoch-34.pt
2026-05-08 00:43:57.255 DEBUG: Saving checkpoint: checkpoints/local_li_mace_v1/li_mace_v1_3060ti_run-20260427_epoch-35.pt
2026-05-08 00:44:15.598 INFO: Epoch 36: head: Default, loss=0.00854097, RMSE_E_per_atom=   62.18 meV, RMSE_F=   61.05 meV / A, RMSE_stress=None meV / A^3
2026-05-08 00:44:15.601 DEBUG: Deleting old checkpoint file: checkpoints/local_li_mace_v1/li_mace_v1_3060ti_run-20260427_epoch-35.pt
2026-05-08 00:44:15.605 DEBUG: Saving checkpoint: checkpoints/local_li_mace_v1/li_mace_v1_3060ti_run-20260427_epoch-36.pt
2026-05-08 00:44:33.727 INFO: Epoch 37: head: Default, loss=0.00842159, RMSE_E_per_atom=   62.34 meV, RMSE_F=   59.94 meV / A, RMSE_stress=None meV / A^3
2026-05-08 00:44:33.731 DEBUG: Deleting old checkpoint file: checkpoints/local_li_mace_v1/li_mace_v1_3060ti_run-20260427_epoch-36.pt
2026-05-08 00:44:33.735 DEBUG: Saving checkpoint: checkpoints/local_li_mace_v1/li_mace_v1_3060ti_run-20260427_epoch-37.pt
2026-05-08 00:44:52.201 INFO: Epoch 38: head: Default, loss=0.00828466, RMSE_E_per_atom=   62.20 meV, RMSE_F=   59.12 meV / A, RMSE_stress=None meV / A^3
2026-05-08 00:44:52.206 DEBUG: Deleting old checkpoint file: checkpoints/local_li_mace_v1/li_mace_v1_3060ti_run-20260427_epoch-37.pt
2026-05-08 00:44:52.211 DEBUG: Saving checkpoint: checkpoints/local_li_mace_v1/li_mace_v1_3060ti_run-20260427_epoch-38.pt
2026-05-08 00:45:11.023 INFO: Epoch 39: head: Default, loss=0.00823243, RMSE_E_per_atom=   61.80 meV, RMSE_F=   58.68 meV / A, RMSE_stress=None meV / A^3
2026-05-08 00:45:11.027 DEBUG: Deleting old checkpoint file: checkpoints/local_li_mace_v1/li_mace_v1_3060ti_run-20260427_epoch-38.pt
2026-05-08 00:45:11.031 DEBUG: Saving checkpoint: checkpoints/local_li_mace_v1/li_mace_v1_3060ti_run-20260427_epoch-39.pt
2026-05-08 00:45:29.312 INFO: Epoch 40: head: Default, loss=0.00816295, RMSE_E_per_atom=   61.89 meV, RMSE_F=   58.20 meV / A, RMSE_stress=None meV / A^3
2026-05-08 00:45:29.315 DEBUG: Deleting old checkpoint file: checkpoints/local_li_mace_v1/li_mace_v1_3060ti_run-20260427_epoch-39.pt
2026-05-08 00:45:29.320 DEBUG: Saving checkpoint: checkpoints/local_li_mace_v1/li_mace_v1_3060ti_run-20260427_epoch-40.pt
2026-05-08 00:45:47.644 INFO: Epoch 41: head: Default, loss=0.00812170, RMSE_E_per_atom=   61.71 meV, RMSE_F=   58.14 meV / A, RMSE_stress=None meV / A^3
2026-05-08 00:45:47.648 DEBUG: Deleting old checkpoint file: checkpoints/local_li_mace_v1/li_mace_v1_3060ti_run-20260427_epoch-40.pt
2026-05-08 00:45:47.651 DEBUG: Saving checkpoint: checkpoints/local_li_mace_v1/li_mace_v1_3060ti_run-20260427_epoch-41.pt
2026-05-08 00:46:05.812 INFO: Epoch 42: head: Default, loss=0.00805073, RMSE_E_per_atom=   61.64 meV, RMSE_F=   57.79 meV / A, RMSE_stress=None meV / A^3
2026-05-08 00:46:05.815 DEBUG: Deleting old checkpoint file: checkpoints/local_li_mace_v1/li_mace_v1_3060ti_run-20260427_epoch-41.pt
2026-05-08 00:46:05.820 DEBUG: Saving checkpoint: checkpoints/local_li_mace_v1/li_mace_v1_3060ti_run-20260427_epoch-42.pt
2026-05-08 00:46:24.010 INFO: Epoch 43: head: Default, loss=0.00807327, RMSE_E_per_atom=   61.71 meV, RMSE_F=   58.10 meV / A, RMSE_stress=None meV / A^3
2026-05-08 00:46:42.158 INFO: Epoch 44: head: Default, loss=0.00797879, RMSE_E_per_atom=   61.40 meV, RMSE_F=   57.75 meV / A, RMSE_stress=None meV / A^3
2026-05-08 00:46:42.161 DEBUG: Deleting old checkpoint file: checkpoints/local_li_mace_v1/li_mace_v1_3060ti_run-20260427_epoch-42.pt
2026-05-08 00:46:42.167 DEBUG: Saving checkpoint: checkpoints/local_li_mace_v1/li_mace_v1_3060ti_run-20260427_epoch-44.pt
2026-05-08 00:47:00.808 INFO: Epoch 45: head: Default, loss=0.00797427, RMSE_E_per_atom=   61.31 meV, RMSE_F=   57.79 meV / A, RMSE_stress=None meV / A^3
2026-05-08 00:47:00.810 DEBUG: Deleting old checkpoint file: checkpoints/local_li_mace_v1/li_mace_v1_3060ti_run-20260427_epoch-44.pt
2026-05-08 00:47:00.815 DEBUG: Saving checkpoint: checkpoints/local_li_mace_v1/li_mace_v1_3060ti_run-20260427_epoch-45.pt
2026-05-08 00:47:19.627 INFO: Epoch 46: head: Default, loss=0.00786204, RMSE_E_per_atom=   61.22 meV, RMSE_F=   56.74 meV / A, RMSE_stress=None meV / A^3
2026-05-08 00:47:19.630 DEBUG: Deleting old checkpoint file: checkpoints/local_li_mace_v1/li_mace_v1_3060ti_run-20260427_epoch-45.pt
2026-05-08 00:47:19.634 DEBUG: Saving checkpoint: checkpoints/local_li_mace_v1/li_mace_v1_3060ti_run-20260427_epoch-46.pt
2026-05-08 00:47:37.787 INFO: Epoch 47: head: Default, loss=0.00779581, RMSE_E_per_atom=   61.07 meV, RMSE_F=   56.51 meV / A, RMSE_stress=None meV / A^3
2026-05-08 00:47:37.790 DEBUG: Deleting old checkpoint file: checkpoints/local_li_mace_v1/li_mace_v1_3060ti_run-20260427_epoch-46.pt
2026-05-08 00:47:37.794 DEBUG: Saving checkpoint: checkpoints/local_li_mace_v1/li_mace_v1_3060ti_run-20260427_epoch-47.pt
2026-05-08 00:47:56.403 INFO: Epoch 48: head: Default, loss=0.00771410, RMSE_E_per_atom=   60.57 meV, RMSE_F=   55.68 meV / A, RMSE_stress=None meV / A^3
2026-05-08 00:47:56.406 DEBUG: Deleting old checkpoint file: checkpoints/local_li_mace_v1/li_mace_v1_3060ti_run-20260427_epoch-47.pt
2026-05-08 00:47:56.410 DEBUG: Saving checkpoint: checkpoints/local_li_mace_v1/li_mace_v1_3060ti_run-20260427_epoch-48.pt
2026-05-08 00:48:14.700 INFO: Epoch 49: head: Default, loss=0.00770618, RMSE_E_per_atom=   60.90 meV, RMSE_F=   56.07 meV / A, RMSE_stress=None meV / A^3
2026-05-08 00:48:14.704 DEBUG: Deleting old checkpoint file: checkpoints/local_li_mace_v1/li_mace_v1_3060ti_run-20260427_epoch-48.pt
2026-05-08 00:48:14.710 DEBUG: Saving checkpoint: checkpoints/local_li_mace_v1/li_mace_v1_3060ti_run-20260427_epoch-49.pt
2026-05-08 00:48:33.145 INFO: Epoch 50: head: Default, loss=0.00767505, RMSE_E_per_atom=   60.84 meV, RMSE_F=   55.91 meV / A, RMSE_stress=None meV / A^3
2026-05-08 00:48:33.148 DEBUG: Deleting old checkpoint file: checkpoints/local_li_mace_v1/li_mace_v1_3060ti_run-20260427_epoch-49.pt
2026-05-08 00:48:33.152 DEBUG: Saving checkpoint: checkpoints/local_li_mace_v1/li_mace_v1_3060ti_run-20260427_epoch-50.pt
2026-05-08 00:48:51.695 INFO: Epoch 51: head: Default, loss=0.00759761, RMSE_E_per_atom=   60.73 meV, RMSE_F=   55.17 meV / A, RMSE_stress=None meV / A^3
2026-05-08 00:48:51.700 DEBUG: Deleting old checkpoint file: checkpoints/local_li_mace_v1/li_mace_v1_3060ti_run-20260427_epoch-50.pt
2026-05-08 00:48:51.704 DEBUG: Saving checkpoint: checkpoints/local_li_mace_v1/li_mace_v1_3060ti_run-20260427_epoch-51.pt
2026-05-08 00:49:10.955 INFO: Epoch 52: head: Default, loss=0.00758302, RMSE_E_per_atom=   60.38 meV, RMSE_F=   55.09 meV / A, RMSE_stress=None meV / A^3
2026-05-08 00:49:10.958 DEBUG: Deleting old checkpoint file: checkpoints/local_li_mace_v1/li_mace_v1_3060ti_run-20260427_epoch-51.pt
2026-05-08 00:49:10.963 DEBUG: Saving checkpoint: checkpoints/local_li_mace_v1/li_mace_v1_3060ti_run-20260427_epoch-52.pt
2026-05-08 00:49:29.515 INFO: Epoch 53: head: Default, loss=0.00748547, RMSE_E_per_atom=   60.39 meV, RMSE_F=   54.17 meV / A, RMSE_stress=None meV / A^3
2026-05-08 00:49:29.518 DEBUG: Deleting old checkpoint file: checkpoints/local_li_mace_v1/li_mace_v1_3060ti_run-20260427_epoch-52.pt
2026-05-08 00:49:29.523 DEBUG: Saving checkpoint: checkpoints/local_li_mace_v1/li_mace_v1_3060ti_run-20260427_epoch-53.pt
2026-05-08 00:49:48.161 INFO: Epoch 54: head: Default, loss=0.00744334, RMSE_E_per_atom=   60.21 meV, RMSE_F=   53.98 meV / A, RMSE_stress=None meV / A^3
2026-05-08 00:49:48.164 DEBUG: Deleting old checkpoint file: checkpoints/local_li_mace_v1/li_mace_v1_3060ti_run-20260427_epoch-53.pt
2026-05-08 00:49:48.171 DEBUG: Saving checkpoint: checkpoints/local_li_mace_v1/li_mace_v1_3060ti_run-20260427_epoch-54.pt
2026-05-08 00:50:06.539 INFO: Epoch 55: head: Default, loss=0.00740119, RMSE_E_per_atom=   59.89 meV, RMSE_F=   53.68 meV / A, RMSE_stress=None meV / A^3
2026-05-08 00:50:06.542 DEBUG: Deleting old checkpoint file: checkpoints/local_li_mace_v1/li_mace_v1_3060ti_run-20260427_epoch-54.pt
2026-05-08 00:50:06.548 DEBUG: Saving checkpoint: checkpoints/local_li_mace_v1/li_mace_v1_3060ti_run-20260427_epoch-55.pt
2026-05-08 00:50:25.021 INFO: Epoch 56: head: Default, loss=0.00737425, RMSE_E_per_atom=   59.96 meV, RMSE_F=   53.62 meV / A, RMSE_stress=None meV / A^3
2026-05-08 00:50:25.025 DEBUG: Deleting old checkpoint file: checkpoints/local_li_mace_v1/li_mace_v1_3060ti_run-20260427_epoch-55.pt
2026-05-08 00:50:25.029 DEBUG: Saving checkpoint: checkpoints/local_li_mace_v1/li_mace_v1_3060ti_run-20260427_epoch-56.pt
2026-05-08 00:50:43.249 INFO: Epoch 57: head: Default, loss=0.00738505, RMSE_E_per_atom=   59.96 meV, RMSE_F=   53.94 meV / A, RMSE_stress=None meV / A^3
2026-05-08 00:51:01.877 INFO: Epoch 58: head: Default, loss=0.00730996, RMSE_E_per_atom=   59.97 meV, RMSE_F=   53.50 meV / A, RMSE_stress=None meV / A^3
2026-05-08 00:51:01.880 DEBUG: Deleting old checkpoint file: checkpoints/local_li_mace_v1/li_mace_v1_3060ti_run-20260427_epoch-56.pt
2026-05-08 00:51:01.883 DEBUG: Saving checkpoint: checkpoints/local_li_mace_v1/li_mace_v1_3060ti_run-20260427_epoch-58.pt
2026-05-08 00:51:20.933 INFO: Epoch 59: head: Default, loss=0.00732691, RMSE_E_per_atom=   59.70 meV, RMSE_F=   53.96 meV / A, RMSE_stress=None meV / A^3
2026-05-08 00:51:39.317 INFO: Epoch 60: head: Default, loss=0.00723871, RMSE_E_per_atom=   59.64 meV, RMSE_F=   52.90 meV / A, RMSE_stress=None meV / A^3
2026-05-08 00:51:39.320 DEBUG: Deleting old checkpoint file: checkpoints/local_li_mace_v1/li_mace_v1_3060ti_run-20260427_epoch-58.pt
2026-05-08 00:51:39.326 DEBUG: Saving checkpoint: checkpoints/local_li_mace_v1/li_mace_v1_3060ti_run-20260427_epoch-60.pt
2026-05-08 00:51:57.969 INFO: Epoch 61: head: Default, loss=0.00719140, RMSE_E_per_atom=   59.59 meV, RMSE_F=   52.62 meV / A, RMSE_stress=None meV / A^3
2026-05-08 00:51:57.972 DEBUG: Deleting old checkpoint file: checkpoints/local_li_mace_v1/li_mace_v1_3060ti_run-20260427_epoch-60.pt
2026-05-08 00:51:57.976 DEBUG: Saving checkpoint: checkpoints/local_li_mace_v1/li_mace_v1_3060ti_run-20260427_epoch-61.pt
2026-05-08 00:52:16.206 INFO: Epoch 62: head: Default, loss=0.00715508, RMSE_E_per_atom=   59.36 meV, RMSE_F=   52.36 meV / A, RMSE_stress=None meV / A^3
2026-05-08 00:52:16.211 DEBUG: Deleting old checkpoint file: checkpoints/local_li_mace_v1/li_mace_v1_3060ti_run-20260427_epoch-61.pt
2026-05-08 00:52:16.216 DEBUG: Saving checkpoint: checkpoints/local_li_mace_v1/li_mace_v1_3060ti_run-20260427_epoch-62.pt
2026-05-08 00:52:34.830 INFO: Epoch 63: head: Default, loss=0.00712479, RMSE_E_per_atom=   59.30 meV, RMSE_F=   51.87 meV / A, RMSE_stress=None meV / A^3
2026-05-08 00:52:34.832 DEBUG: Deleting old checkpoint file: checkpoints/local_li_mace_v1/li_mace_v1_3060ti_run-20260427_epoch-62.pt
2026-05-08 00:52:34.839 DEBUG: Saving checkpoint: checkpoints/local_li_mace_v1/li_mace_v1_3060ti_run-20260427_epoch-63.pt
2026-05-08 00:52:53.400 INFO: Epoch 64: head: Default, loss=0.00717202, RMSE_E_per_atom=   59.03 meV, RMSE_F=   52.75 meV / A, RMSE_stress=None meV / A^3
2026-05-08 00:53:12.548 INFO: Epoch 65: head: Default, loss=0.00708704, RMSE_E_per_atom=   59.01 meV, RMSE_F=   52.00 meV / A, RMSE_stress=None meV / A^3
2026-05-08 00:53:12.551 DEBUG: Deleting old checkpoint file: checkpoints/local_li_mace_v1/li_mace_v1_3060ti_run-20260427_epoch-63.pt
2026-05-08 00:53:12.556 DEBUG: Saving checkpoint: checkpoints/local_li_mace_v1/li_mace_v1_3060ti_run-20260427_epoch-65.pt
2026-05-08 00:53:30.965 INFO: Epoch 66: head: Default, loss=0.00702538, RMSE_E_per_atom=   58.67 meV, RMSE_F=   51.45 meV / A, RMSE_stress=None meV / A^3
2026-05-08 00:53:30.968 DEBUG: Deleting old checkpoint file: checkpoints/local_li_mace_v1/li_mace_v1_3060ti_run-20260427_epoch-65.pt
2026-05-08 00:53:30.972 DEBUG: Saving checkpoint: checkpoints/local_li_mace_v1/li_mace_v1_3060ti_run-20260427_epoch-66.pt
2026-05-08 00:53:49.454 INFO: Epoch 67: head: Default, loss=0.00703647, RMSE_E_per_atom=   58.65 meV, RMSE_F=   51.91 meV / A, RMSE_stress=None meV / A^3
2026-05-08 00:54:07.611 INFO: Epoch 68: head: Default, loss=0.00692933, RMSE_E_per_atom=   58.66 meV, RMSE_F=   50.76 meV / A, RMSE_stress=None meV / A^3
2026-05-08 00:54:07.614 DEBUG: Deleting old checkpoint file: checkpoints/local_li_mace_v1/li_mace_v1_3060ti_run-20260427_epoch-66.pt
2026-05-08 00:54:07.618 DEBUG: Saving checkpoint: checkpoints/local_li_mace_v1/li_mace_v1_3060ti_run-20260427_epoch-68.pt
2026-05-08 00:54:26.205 INFO: Epoch 69: head: Default, loss=0.00692786, RMSE_E_per_atom=   58.42 meV, RMSE_F=   50.77 meV / A, RMSE_stress=None meV / A^3
2026-05-08 00:54:26.208 DEBUG: Deleting old checkpoint file: checkpoints/local_li_mace_v1/li_mace_v1_3060ti_run-20260427_epoch-68.pt
2026-05-08 00:54:26.212 DEBUG: Saving checkpoint: checkpoints/local_li_mace_v1/li_mace_v1_3060ti_run-20260427_epoch-69.pt
2026-05-08 00:54:44.604 INFO: Epoch 70: head: Default, loss=0.00686350, RMSE_E_per_atom=   58.19 meV, RMSE_F=   50.26 meV / A, RMSE_stress=None meV / A^3
2026-05-08 00:54:44.608 DEBUG: Deleting old checkpoint file: checkpoints/local_li_mace_v1/li_mace_v1_3060ti_run-20260427_epoch-69.pt
2026-05-08 00:54:44.612 DEBUG: Saving checkpoint: checkpoints/local_li_mace_v1/li_mace_v1_3060ti_run-20260427_epoch-70.pt
2026-05-08 00:55:03.721 INFO: Epoch 71: head: Default, loss=0.00681409, RMSE_E_per_atom=   58.08 meV, RMSE_F=   49.85 meV / A, RMSE_stress=None meV / A^3
2026-05-08 00:55:03.724 DEBUG: Deleting old checkpoint file: checkpoints/local_li_mace_v1/li_mace_v1_3060ti_run-20260427_epoch-70.pt
2026-05-08 00:55:03.728 DEBUG: Saving checkpoint: checkpoints/local_li_mace_v1/li_mace_v1_3060ti_run-20260427_epoch-71.pt
2026-05-08 00:55:22.416 INFO: Epoch 72: head: Default, loss=0.00684838, RMSE_E_per_atom=   57.77 meV, RMSE_F=   50.34 meV / A, RMSE_stress=None meV / A^3
2026-05-08 00:55:40.898 INFO: Epoch 73: head: Default, loss=0.00687339, RMSE_E_per_atom=   57.74 meV, RMSE_F=   50.87 meV / A, RMSE_stress=None meV / A^3
2026-05-08 00:55:59.783 INFO: Epoch 74: head: Default, loss=0.00683322, RMSE_E_per_atom=   57.52 meV, RMSE_F=   50.52 meV / A, RMSE_stress=None meV / A^3
2026-05-08 00:56:18.805 INFO: Epoch 75: head: Default, loss=0.00682144, RMSE_E_per_atom=   57.37 meV, RMSE_F=   50.80 meV / A, RMSE_stress=None meV / A^3
2026-05-08 00:56:37.225 INFO: Epoch 76: head: Default, loss=0.00679524, RMSE_E_per_atom=   57.31 meV, RMSE_F=   50.47 meV / A, RMSE_stress=None meV / A^3
2026-05-08 00:56:37.229 DEBUG: Deleting old checkpoint file: checkpoints/local_li_mace_v1/li_mace_v1_3060ti_run-20260427_epoch-71.pt
2026-05-08 00:56:37.235 DEBUG: Saving checkpoint: checkpoints/local_li_mace_v1/li_mace_v1_3060ti_run-20260427_epoch-76.pt
2026-05-08 00:56:55.818 INFO: Epoch 77: head: Default, loss=0.00680373, RMSE_E_per_atom=   57.34 meV, RMSE_F=   50.71 meV / A, RMSE_stress=None meV / A^3
2026-05-08 00:57:14.885 INFO: Epoch 78: head: Default, loss=0.00676979, RMSE_E_per_atom=   57.17 meV, RMSE_F=   50.22 meV / A, RMSE_stress=None meV / A^3
2026-05-08 00:57:14.888 DEBUG: Deleting old checkpoint file: checkpoints/local_li_mace_v1/li_mace_v1_3060ti_run-20260427_epoch-76.pt
2026-05-08 00:57:14.893 DEBUG: Saving checkpoint: checkpoints/local_li_mace_v1/li_mace_v1_3060ti_run-20260427_epoch-78.pt
2026-05-08 00:57:33.244 INFO: Epoch 79: head: Default, loss=0.00673255, RMSE_E_per_atom=   57.10 meV, RMSE_F=   50.05 meV / A, RMSE_stress=None meV / A^3
2026-05-08 00:57:33.247 DEBUG: Deleting old checkpoint file: checkpoints/local_li_mace_v1/li_mace_v1_3060ti_run-20260427_epoch-78.pt
2026-05-08 00:57:33.251 DEBUG: Saving checkpoint: checkpoints/local_li_mace_v1/li_mace_v1_3060ti_run-20260427_epoch-79.pt
2026-05-08 00:57:51.616 INFO: Epoch 80: head: Default, loss=0.00659556, RMSE_E_per_atom=   56.88 meV, RMSE_F=   48.91 meV / A, RMSE_stress=None meV / A^3
2026-05-08 00:57:51.619 DEBUG: Deleting old checkpoint file: checkpoints/local_li_mace_v1/li_mace_v1_3060ti_run-20260427_epoch-79.pt
2026-05-08 00:57:51.623 DEBUG: Saving checkpoint: checkpoints/local_li_mace_v1/li_mace_v1_3060ti_run-20260427_epoch-80.pt
2026-05-08 00:58:10.180 INFO: Epoch 81: head: Default, loss=0.00660003, RMSE_E_per_atom=   56.66 meV, RMSE_F=   48.96 meV / A, RMSE_stress=None meV / A^3
2026-05-08 00:58:28.468 INFO: Epoch 82: head: Default, loss=0.00658203, RMSE_E_per_atom=   56.61 meV, RMSE_F=   48.71 meV / A, RMSE_stress=None meV / A^3
2026-05-08 00:58:28.471 DEBUG: Deleting old checkpoint file: checkpoints/local_li_mace_v1/li_mace_v1_3060ti_run-20260427_epoch-80.pt
2026-05-08 00:58:28.475 DEBUG: Saving checkpoint: checkpoints/local_li_mace_v1/li_mace_v1_3060ti_run-20260427_epoch-82.pt
2026-05-08 00:58:47.128 INFO: Epoch 83: head: Default, loss=0.00656365, RMSE_E_per_atom=   56.57 meV, RMSE_F=   48.56 meV / A, RMSE_stress=None meV / A^3
2026-05-08 00:58:47.131 DEBUG: Deleting old checkpoint file: checkpoints/local_li_mace_v1/li_mace_v1_3060ti_run-20260427_epoch-82.pt
2026-05-08 00:58:47.136 DEBUG: Saving checkpoint: checkpoints/local_li_mace_v1/li_mace_v1_3060ti_run-20260427_epoch-83.pt
2026-05-08 00:59:06.208 INFO: Epoch 84: head: Default, loss=0.00652918, RMSE_E_per_atom=   56.39 meV, RMSE_F=   48.27 meV / A, RMSE_stress=None meV / A^3
2026-05-08 00:59:06.211 DEBUG: Deleting old checkpoint file: checkpoints/local_li_mace_v1/li_mace_v1_3060ti_run-20260427_epoch-83.pt
2026-05-08 00:59:06.216 DEBUG: Saving checkpoint: checkpoints/local_li_mace_v1/li_mace_v1_3060ti_run-20260427_epoch-84.pt
2026-05-08 00:59:25.399 INFO: Epoch 85: head: Default, loss=0.00654352, RMSE_E_per_atom=   56.37 meV, RMSE_F=   48.72 meV / A, RMSE_stress=None meV / A^3
2026-05-08 00:59:43.756 INFO: Epoch 86: head: Default, loss=0.00651822, RMSE_E_per_atom=   56.35 meV, RMSE_F=   48.77 meV / A, RMSE_stress=None meV / A^3
2026-05-08 00:59:43.759 DEBUG: Deleting old checkpoint file: checkpoints/local_li_mace_v1/li_mace_v1_3060ti_run-20260427_epoch-84.pt
2026-05-08 00:59:43.764 DEBUG: Saving checkpoint: checkpoints/local_li_mace_v1/li_mace_v1_3060ti_run-20260427_epoch-86.pt
2026-05-08 01:00:02.159 INFO: Epoch 87: head: Default, loss=0.00645247, RMSE_E_per_atom=   56.21 meV, RMSE_F=   47.83 meV / A, RMSE_stress=None meV / A^3
2026-05-08 01:00:02.163 DEBUG: Deleting old checkpoint file: checkpoints/local_li_mace_v1/li_mace_v1_3060ti_run-20260427_epoch-86.pt
2026-05-08 01:00:02.168 DEBUG: Saving checkpoint: checkpoints/local_li_mace_v1/li_mace_v1_3060ti_run-20260427_epoch-87.pt
2026-05-08 01:00:20.683 INFO: Epoch 88: head: Default, loss=0.00644697, RMSE_E_per_atom=   55.91 meV, RMSE_F=   47.90 meV / A, RMSE_stress=None meV / A^3
2026-05-08 01:00:20.686 DEBUG: Deleting old checkpoint file: checkpoints/local_li_mace_v1/li_mace_v1_3060ti_run-20260427_epoch-87.pt
2026-05-08 01:00:20.690 DEBUG: Saving checkpoint: checkpoints/local_li_mace_v1/li_mace_v1_3060ti_run-20260427_epoch-88.pt
2026-05-08 01:00:39.054 INFO: Epoch 89: head: Default, loss=0.00645909, RMSE_E_per_atom=   55.96 meV, RMSE_F=   48.47 meV / A, RMSE_stress=None meV / A^3
2026-05-08 01:00:57.935 INFO: Epoch 90: head: Default, loss=0.00640327, RMSE_E_per_atom=   55.69 meV, RMSE_F=   47.91 meV / A, RMSE_stress=None meV / A^3
2026-05-08 01:00:57.939 DEBUG: Deleting old checkpoint file: checkpoints/local_li_mace_v1/li_mace_v1_3060ti_run-20260427_epoch-88.pt
2026-05-08 01:00:57.944 DEBUG: Saving checkpoint: checkpoints/local_li_mace_v1/li_mace_v1_3060ti_run-20260427_epoch-90.pt
2026-05-08 01:01:16.945 INFO: Epoch 91: head: Default, loss=0.00636917, RMSE_E_per_atom=   55.56 meV, RMSE_F=   47.71 meV / A, RMSE_stress=None meV / A^3
2026-05-08 01:01:16.948 DEBUG: Deleting old checkpoint file: checkpoints/local_li_mace_v1/li_mace_v1_3060ti_run-20260427_epoch-90.pt
2026-05-08 01:01:16.954 DEBUG: Saving checkpoint: checkpoints/local_li_mace_v1/li_mace_v1_3060ti_run-20260427_epoch-91.pt
2026-05-08 01:01:35.625 INFO: Epoch 92: head: Default, loss=0.00634039, RMSE_E_per_atom=   55.72 meV, RMSE_F=   47.20 meV / A, RMSE_stress=None meV / A^3
2026-05-08 01:01:35.628 DEBUG: Deleting old checkpoint file: checkpoints/local_li_mace_v1/li_mace_v1_3060ti_run-20260427_epoch-91.pt
2026-05-08 01:01:35.633 DEBUG: Saving checkpoint: checkpoints/local_li_mace_v1/li_mace_v1_3060ti_run-20260427_epoch-92.pt
2026-05-08 01:01:53.994 INFO: Epoch 93: head: Default, loss=0.00629702, RMSE_E_per_atom=   55.59 meV, RMSE_F=   46.57 meV / A, RMSE_stress=None meV / A^3
2026-05-08 01:01:53.998 DEBUG: Deleting old checkpoint file: checkpoints/local_li_mace_v1/li_mace_v1_3060ti_run-20260427_epoch-92.pt
2026-05-08 01:01:54.001 DEBUG: Saving checkpoint: checkpoints/local_li_mace_v1/li_mace_v1_3060ti_run-20260427_epoch-93.pt
2026-05-08 01:02:12.579 INFO: Epoch 94: head: Default, loss=0.00628967, RMSE_E_per_atom=   55.40 meV, RMSE_F=   46.61 meV / A, RMSE_stress=None meV / A^3
2026-05-08 01:02:12.582 DEBUG: Deleting old checkpoint file: checkpoints/local_li_mace_v1/li_mace_v1_3060ti_run-20260427_epoch-93.pt
2026-05-08 01:02:12.586 DEBUG: Saving checkpoint: checkpoints/local_li_mace_v1/li_mace_v1_3060ti_run-20260427_epoch-94.pt
2026-05-08 01:02:31.057 INFO: Epoch 95: head: Default, loss=0.00627273, RMSE_E_per_atom=   55.25 meV, RMSE_F=   46.64 meV / A, RMSE_stress=None meV / A^3
2026-05-08 01:02:31.061 DEBUG: Deleting old checkpoint file: checkpoints/local_li_mace_v1/li_mace_v1_3060ti_run-20260427_epoch-94.pt
2026-05-08 01:02:31.066 DEBUG: Saving checkpoint: checkpoints/local_li_mace_v1/li_mace_v1_3060ti_run-20260427_epoch-95.pt
2026-05-08 01:02:49.881 INFO: Epoch 96: head: Default, loss=0.00620729, RMSE_E_per_atom=   55.17 meV, RMSE_F=   45.97 meV / A, RMSE_stress=None meV / A^3
2026-05-08 01:02:49.886 DEBUG: Deleting old checkpoint file: checkpoints/local_li_mace_v1/li_mace_v1_3060ti_run-20260427_epoch-95.pt
2026-05-08 01:02:49.891 DEBUG: Saving checkpoint: checkpoints/local_li_mace_v1/li_mace_v1_3060ti_run-20260427_epoch-96.pt
2026-05-08 01:03:08.878 INFO: Epoch 97: head: Default, loss=0.00626054, RMSE_E_per_atom=   54.96 meV, RMSE_F=   46.77 meV / A, RMSE_stress=None meV / A^3
2026-05-08 01:03:27.597 INFO: Epoch 98: head: Default, loss=0.00627141, RMSE_E_per_atom=   55.00 meV, RMSE_F=   47.03 meV / A, RMSE_stress=None meV / A^3
2026-05-08 01:03:45.747 INFO: Epoch 99: head: Default, loss=0.00624669, RMSE_E_per_atom=   54.80 meV, RMSE_F=   46.91 meV / A, RMSE_stress=None meV / A^3
2026-05-08 01:04:03.797 INFO: Epoch 100: head: Default, loss=0.00619776, RMSE_E_per_atom=   54.46 meV, RMSE_F=   46.32 meV / A, RMSE_stress=None meV / A^3
2026-05-08 01:04:03.800 DEBUG: Deleting old checkpoint file: checkpoints/local_li_mace_v1/li_mace_v1_3060ti_run-20260427_epoch-96.pt
2026-05-08 01:04:03.804 DEBUG: Saving checkpoint: checkpoints/local_li_mace_v1/li_mace_v1_3060ti_run-20260427_epoch-100.pt
2026-05-08 01:04:22.158 INFO: Epoch 101: head: Default, loss=0.00614267, RMSE_E_per_atom=   54.51 meV, RMSE_F=   45.97 meV / A, RMSE_stress=None meV / A^3
2026-05-08 01:04:22.160 DEBUG: Deleting old checkpoint file: checkpoints/local_li_mace_v1/li_mace_v1_3060ti_run-20260427_epoch-100.pt
2026-05-08 01:04:22.167 DEBUG: Saving checkpoint: checkpoints/local_li_mace_v1/li_mace_v1_3060ti_run-20260427_epoch-101.pt
2026-05-08 01:04:40.795 INFO: Epoch 102: head: Default, loss=0.00621483, RMSE_E_per_atom=   54.29 meV, RMSE_F=   46.86 meV / A, RMSE_stress=None meV / A^3
2026-05-08 01:04:59.417 INFO: Epoch 103: head: Default, loss=0.00624056, RMSE_E_per_atom=   54.43 meV, RMSE_F=   47.19 meV / A, RMSE_stress=None meV / A^3
2026-05-08 01:05:18.446 INFO: Epoch 104: head: Default, loss=0.00624618, RMSE_E_per_atom=   54.22 meV, RMSE_F=   47.58 meV / A, RMSE_stress=None meV / A^3
2026-05-08 01:05:36.628 INFO: Epoch 105: head: Default, loss=0.00615206, RMSE_E_per_atom=   54.11 meV, RMSE_F=   46.73 meV / A, RMSE_stress=None meV / A^3
2026-05-08 01:05:55.016 INFO: Epoch 106: head: Default, loss=0.00612512, RMSE_E_per_atom=   54.10 meV, RMSE_F=   46.26 meV / A, RMSE_stress=None meV / A^3
2026-05-08 01:05:55.019 DEBUG: Deleting old checkpoint file: checkpoints/local_li_mace_v1/li_mace_v1_3060ti_run-20260427_epoch-101.pt
2026-05-08 01:05:55.023 DEBUG: Saving checkpoint: checkpoints/local_li_mace_v1/li_mace_v1_3060ti_run-20260427_epoch-106.pt
2026-05-08 01:06:13.219 INFO: Epoch 107: head: Default, loss=0.00612474, RMSE_E_per_atom=   53.64 meV, RMSE_F=   46.44 meV / A, RMSE_stress=None meV / A^3
2026-05-08 01:06:13.222 DEBUG: Deleting old checkpoint file: checkpoints/local_li_mace_v1/li_mace_v1_3060ti_run-20260427_epoch-106.pt
2026-05-08 01:06:13.227 DEBUG: Saving checkpoint: checkpoints/local_li_mace_v1/li_mace_v1_3060ti_run-20260427_epoch-107.pt
2026-05-08 01:06:31.786 INFO: Epoch 108: head: Default, loss=0.00607766, RMSE_E_per_atom=   53.69 meV, RMSE_F=   46.21 meV / A, RMSE_stress=None meV / A^3
2026-05-08 01:06:31.790 DEBUG: Deleting old checkpoint file: checkpoints/local_li_mace_v1/li_mace_v1_3060ti_run-20260427_epoch-107.pt
2026-05-08 01:06:31.794 DEBUG: Saving checkpoint: checkpoints/local_li_mace_v1/li_mace_v1_3060ti_run-20260427_epoch-108.pt
2026-05-08 01:06:50.233 INFO: Epoch 109: head: Default, loss=0.00602732, RMSE_E_per_atom=   53.51 meV, RMSE_F=   45.55 meV / A, RMSE_stress=None meV / A^3
2026-05-08 01:06:50.235 DEBUG: Deleting old checkpoint file: checkpoints/local_li_mace_v1/li_mace_v1_3060ti_run-20260427_epoch-108.pt
2026-05-08 01:06:50.240 DEBUG: Saving checkpoint: checkpoints/local_li_mace_v1/li_mace_v1_3060ti_run-20260427_epoch-109.pt
2026-05-08 01:07:09.598 INFO: Epoch 110: head: Default, loss=0.00615067, RMSE_E_per_atom=   53.20 meV, RMSE_F=   46.72 meV / A, RMSE_stress=None meV / A^3
2026-05-08 01:07:28.074 INFO: Epoch 111: head: Default, loss=0.00612326, RMSE_E_per_atom=   53.19 meV, RMSE_F=   46.51 meV / A, RMSE_stress=None meV / A^3
2026-05-08 01:07:46.437 INFO: Epoch 112: head: Default, loss=0.00604495, RMSE_E_per_atom=   53.15 meV, RMSE_F=   45.63 meV / A, RMSE_stress=None meV / A^3
2026-05-08 01:08:04.781 INFO: Epoch 113: head: Default, loss=0.00595158, RMSE_E_per_atom=   52.97 meV, RMSE_F=   44.68 meV / A, RMSE_stress=None meV / A^3
2026-05-08 01:08:04.784 DEBUG: Deleting old checkpoint file: checkpoints/local_li_mace_v1/li_mace_v1_3060ti_run-20260427_epoch-109.pt
2026-05-08 01:08:04.789 DEBUG: Saving checkpoint: checkpoints/local_li_mace_v1/li_mace_v1_3060ti_run-20260427_epoch-113.pt
2026-05-08 01:08:23.112 INFO: Epoch 114: head: Default, loss=0.00594316, RMSE_E_per_atom=   52.82 meV, RMSE_F=   44.37 meV / A, RMSE_stress=None meV / A^3
2026-05-08 01:08:23.116 DEBUG: Deleting old checkpoint file: checkpoints/local_li_mace_v1/li_mace_v1_3060ti_run-20260427_epoch-113.pt
2026-05-08 01:08:23.120 DEBUG: Saving checkpoint: checkpoints/local_li_mace_v1/li_mace_v1_3060ti_run-20260427_epoch-114.pt
2026-05-08 01:08:41.882 INFO: Epoch 115: head: Default, loss=0.00597084, RMSE_E_per_atom=   52.76 meV, RMSE_F=   45.02 meV / A, RMSE_stress=None meV / A^3
2026-05-08 01:09:00.522 INFO: Epoch 116: head: Default, loss=0.00595104, RMSE_E_per_atom=   52.58 meV, RMSE_F=   44.75 meV / A, RMSE_stress=None meV / A^3
2026-05-08 01:09:19.560 INFO: Epoch 117: head: Default, loss=0.00593750, RMSE_E_per_atom=   52.51 meV, RMSE_F=   44.73 meV / A, RMSE_stress=None meV / A^3
2026-05-08 01:09:19.563 DEBUG: Deleting old checkpoint file: checkpoints/local_li_mace_v1/li_mace_v1_3060ti_run-20260427_epoch-114.pt
2026-05-08 01:09:19.568 DEBUG: Saving checkpoint: checkpoints/local_li_mace_v1/li_mace_v1_3060ti_run-20260427_epoch-117.pt
2026-05-08 01:09:37.869 INFO: Epoch 118: head: Default, loss=0.00593321, RMSE_E_per_atom=   52.35 meV, RMSE_F=   44.75 meV / A, RMSE_stress=None meV / A^3
2026-05-08 01:09:37.872 DEBUG: Deleting old checkpoint file: checkpoints/local_li_mace_v1/li_mace_v1_3060ti_run-20260427_epoch-117.pt
2026-05-08 01:09:37.878 DEBUG: Saving checkpoint: checkpoints/local_li_mace_v1/li_mace_v1_3060ti_run-20260427_epoch-118.pt
2026-05-08 01:09:56.528 INFO: Epoch 119: head: Default, loss=0.00590652, RMSE_E_per_atom=   52.25 meV, RMSE_F=   44.65 meV / A, RMSE_stress=None meV / A^3
2026-05-08 01:09:56.531 DEBUG: Deleting old checkpoint file: checkpoints/local_li_mace_v1/li_mace_v1_3060ti_run-20260427_epoch-118.pt
2026-05-08 01:09:56.536 DEBUG: Saving checkpoint: checkpoints/local_li_mace_v1/li_mace_v1_3060ti_run-20260427_epoch-119.pt
2026-05-08 01:10:14.968 INFO: Epoch 120: head: Default, loss=0.00585597, RMSE_E_per_atom=   51.84 meV, RMSE_F=   44.08 meV / A, RMSE_stress=None meV / A^3
2026-05-08 01:10:14.971 DEBUG: Deleting old checkpoint file: checkpoints/local_li_mace_v1/li_mace_v1_3060ti_run-20260427_epoch-119.pt
2026-05-08 01:10:14.975 DEBUG: Saving checkpoint: checkpoints/local_li_mace_v1/li_mace_v1_3060ti_run-20260427_epoch-120.pt
2026-05-08 01:10:33.612 INFO: Epoch 121: head: Default, loss=0.00585773, RMSE_E_per_atom=   51.78 meV, RMSE_F=   44.17 meV / A, RMSE_stress=None meV / A^3
2026-05-08 01:10:52.132 INFO: Epoch 122: head: Default, loss=0.00583773, RMSE_E_per_atom=   51.78 meV, RMSE_F=   44.19 meV / A, RMSE_stress=None meV / A^3
2026-05-08 01:10:52.137 DEBUG: Deleting old checkpoint file: checkpoints/local_li_mace_v1/li_mace_v1_3060ti_run-20260427_epoch-120.pt
2026-05-08 01:10:52.142 DEBUG: Saving checkpoint: checkpoints/local_li_mace_v1/li_mace_v1_3060ti_run-20260427_epoch-122.pt
2026-05-08 01:11:11.632 INFO: Epoch 123: head: Default, loss=0.00584901, RMSE_E_per_atom=   51.57 meV, RMSE_F=   44.37 meV / A, RMSE_stress=None meV / A^3
2026-05-08 01:11:30.017 INFO: Epoch 124: head: Default, loss=0.00583120, RMSE_E_per_atom=   51.43 meV, RMSE_F=   44.27 meV / A, RMSE_stress=None meV / A^3
2026-05-08 01:11:30.020 DEBUG: Deleting old checkpoint file: checkpoints/local_li_mace_v1/li_mace_v1_3060ti_run-20260427_epoch-122.pt
2026-05-08 01:11:30.025 DEBUG: Saving checkpoint: checkpoints/local_li_mace_v1/li_mace_v1_3060ti_run-20260427_epoch-124.pt
2026-05-08 01:11:48.656 INFO: Epoch 125: head: Default, loss=0.00579683, RMSE_E_per_atom=   51.35 meV, RMSE_F=   43.80 meV / A, RMSE_stress=None meV / A^3
2026-05-08 01:11:48.659 DEBUG: Deleting old checkpoint file: checkpoints/local_li_mace_v1/li_mace_v1_3060ti_run-20260427_epoch-124.pt
2026-05-08 01:11:48.665 DEBUG: Saving checkpoint: checkpoints/local_li_mace_v1/li_mace_v1_3060ti_run-20260427_epoch-125.pt
2026-05-08 01:12:07.121 INFO: Epoch 126: head: Default, loss=0.00580547, RMSE_E_per_atom=   50.95 meV, RMSE_F=   44.14 meV / A, RMSE_stress=None meV / A^3
2026-05-08 01:12:25.616 INFO: Epoch 127: head: Default, loss=0.00578901, RMSE_E_per_atom=   50.95 meV, RMSE_F=   43.92 meV / A, RMSE_stress=None meV / A^3
2026-05-08 01:12:25.619 DEBUG: Deleting old checkpoint file: checkpoints/local_li_mace_v1/li_mace_v1_3060ti_run-20260427_epoch-125.pt
2026-05-08 01:12:25.623 DEBUG: Saving checkpoint: checkpoints/local_li_mace_v1/li_mace_v1_3060ti_run-20260427_epoch-127.pt
2026-05-08 01:12:44.088 INFO: Epoch 128: head: Default, loss=0.00576709, RMSE_E_per_atom=   50.70 meV, RMSE_F=   43.81 meV / A, RMSE_stress=None meV / A^3
2026-05-08 01:12:44.091 DEBUG: Deleting old checkpoint file: checkpoints/local_li_mace_v1/li_mace_v1_3060ti_run-20260427_epoch-127.pt
2026-05-08 01:12:44.096 DEBUG: Saving checkpoint: checkpoints/local_li_mace_v1/li_mace_v1_3060ti_run-20260427_epoch-128.pt
2026-05-08 01:13:03.189 INFO: Epoch 129: head: Default, loss=0.00573215, RMSE_E_per_atom=   50.68 meV, RMSE_F=   43.67 meV / A, RMSE_stress=None meV / A^3
2026-05-08 01:13:03.192 DEBUG: Deleting old checkpoint file: checkpoints/local_li_mace_v1/li_mace_v1_3060ti_run-20260427_epoch-128.pt
2026-05-08 01:13:03.196 DEBUG: Saving checkpoint: checkpoints/local_li_mace_v1/li_mace_v1_3060ti_run-20260427_epoch-129.pt
2026-05-08 01:13:21.981 INFO: Epoch 130: head: Default, loss=0.00571918, RMSE_E_per_atom=   50.64 meV, RMSE_F=   43.23 meV / A, RMSE_stress=None meV / A^3
2026-05-08 01:13:21.985 DEBUG: Deleting old checkpoint file: checkpoints/local_li_mace_v1/li_mace_v1_3060ti_run-20260427_epoch-129.pt
2026-05-08 01:13:21.990 DEBUG: Saving checkpoint: checkpoints/local_li_mace_v1/li_mace_v1_3060ti_run-20260427_epoch-130.pt
2026-05-08 01:13:40.659 INFO: Epoch 131: head: Default, loss=0.00567880, RMSE_E_per_atom=   50.62 meV, RMSE_F=   42.95 meV / A, RMSE_stress=None meV / A^3
2026-05-08 01:13:40.664 DEBUG: Deleting old checkpoint file: checkpoints/local_li_mace_v1/li_mace_v1_3060ti_run-20260427_epoch-130.pt
2026-05-08 01:13:40.669 DEBUG: Saving checkpoint: checkpoints/local_li_mace_v1/li_mace_v1_3060ti_run-20260427_epoch-131.pt
2026-05-08 01:13:59.056 INFO: Epoch 132: head: Default, loss=0.00574152, RMSE_E_per_atom=   50.52 meV, RMSE_F=   44.00 meV / A, RMSE_stress=None meV / A^3
2026-05-08 01:14:17.285 INFO: Epoch 133: head: Default, loss=0.00569529, RMSE_E_per_atom=   50.40 meV, RMSE_F=   43.52 meV / A, RMSE_stress=None meV / A^3
2026-05-08 01:14:35.704 INFO: Epoch 134: head: Default, loss=0.00562907, RMSE_E_per_atom=   50.20 meV, RMSE_F=   42.62 meV / A, RMSE_stress=None meV / A^3
2026-05-08 01:14:35.708 DEBUG: Deleting old checkpoint file: checkpoints/local_li_mace_v1/li_mace_v1_3060ti_run-20260427_epoch-131.pt
2026-05-08 01:14:35.713 DEBUG: Saving checkpoint: checkpoints/local_li_mace_v1/li_mace_v1_3060ti_run-20260427_epoch-134.pt
2026-05-08 01:14:54.556 INFO: Epoch 135: head: Default, loss=0.00566770, RMSE_E_per_atom=   50.10 meV, RMSE_F=   43.10 meV / A, RMSE_stress=None meV / A^3
2026-05-08 01:15:13.667 INFO: Epoch 136: head: Default, loss=0.00564753, RMSE_E_per_atom=   49.79 meV, RMSE_F=   43.13 meV / A, RMSE_stress=None meV / A^3
2026-05-08 01:15:32.221 INFO: Epoch 137: head: Default, loss=0.00565884, RMSE_E_per_atom=   49.77 meV, RMSE_F=   43.37 meV / A, RMSE_stress=None meV / A^3
2026-05-08 01:15:50.440 INFO: Epoch 138: head: Default, loss=0.00565595, RMSE_E_per_atom=   49.73 meV, RMSE_F=   43.49 meV / A, RMSE_stress=None meV / A^3
2026-05-08 01:16:08.753 INFO: Epoch 139: head: Default, loss=0.00566307, RMSE_E_per_atom=   49.57 meV, RMSE_F=   43.64 meV / A, RMSE_stress=None meV / A^3
2026-05-08 01:16:27.288 INFO: Epoch 140: head: Default, loss=0.00565250, RMSE_E_per_atom=   49.55 meV, RMSE_F=   43.41 meV / A, RMSE_stress=None meV / A^3
2026-05-08 01:16:45.806 INFO: Epoch 141: head: Default, loss=0.00558884, RMSE_E_per_atom=   49.48 meV, RMSE_F=   42.80 meV / A, RMSE_stress=None meV / A^3
2026-05-08 01:16:45.810 DEBUG: Deleting old checkpoint file: checkpoints/local_li_mace_v1/li_mace_v1_3060ti_run-20260427_epoch-134.pt
2026-05-08 01:16:45.816 DEBUG: Saving checkpoint: checkpoints/local_li_mace_v1/li_mace_v1_3060ti_run-20260427_epoch-141.pt
2026-05-08 01:17:04.975 INFO: Epoch 142: head: Default, loss=0.00560516, RMSE_E_per_atom=   49.34 meV, RMSE_F=   43.05 meV / A, RMSE_stress=None meV / A^3
2026-05-08 01:17:23.691 INFO: Epoch 143: head: Default, loss=0.00560981, RMSE_E_per_atom=   49.10 meV, RMSE_F=   43.13 meV / A, RMSE_stress=None meV / A^3
2026-05-08 01:17:42.292 INFO: Epoch 144: head: Default, loss=0.00554790, RMSE_E_per_atom=   49.17 meV, RMSE_F=   42.41 meV / A, RMSE_stress=None meV / A^3
2026-05-08 01:17:42.295 DEBUG: Deleting old checkpoint file: checkpoints/local_li_mace_v1/li_mace_v1_3060ti_run-20260427_epoch-141.pt
2026-05-08 01:17:42.301 DEBUG: Saving checkpoint: checkpoints/local_li_mace_v1/li_mace_v1_3060ti_run-20260427_epoch-144.pt
2026-05-08 01:18:00.624 INFO: Epoch 145: head: Default, loss=0.00555583, RMSE_E_per_atom=   48.83 meV, RMSE_F=   42.62 meV / A, RMSE_stress=None meV / A^3
2026-05-08 01:18:19.138 INFO: Epoch 146: head: Default, loss=0.00556591, RMSE_E_per_atom=   48.86 meV, RMSE_F=   42.94 meV / A, RMSE_stress=None meV / A^3
2026-05-08 01:18:37.425 INFO: Epoch 147: head: Default, loss=0.00553380, RMSE_E_per_atom=   48.81 meV, RMSE_F=   42.52 meV / A, RMSE_stress=None meV / A^3
2026-05-08 01:18:37.428 DEBUG: Deleting old checkpoint file: checkpoints/local_li_mace_v1/li_mace_v1_3060ti_run-20260427_epoch-144.pt
2026-05-08 01:18:37.433 DEBUG: Saving checkpoint: checkpoints/local_li_mace_v1/li_mace_v1_3060ti_run-20260427_epoch-147.pt
2026-05-08 01:18:56.283 INFO: Epoch 148: head: Default, loss=0.00555639, RMSE_E_per_atom=   48.44 meV, RMSE_F=   42.76 meV / A, RMSE_stress=None meV / A^3
2026-05-08 01:19:15.492 INFO: Epoch 149: head: Default, loss=0.00552004, RMSE_E_per_atom=   48.28 meV, RMSE_F=   42.55 meV / A, RMSE_stress=None meV / A^3
2026-05-08 01:19:15.495 DEBUG: Deleting old checkpoint file: checkpoints/local_li_mace_v1/li_mace_v1_3060ti_run-20260427_epoch-147.pt
2026-05-08 01:19:15.500 DEBUG: Saving checkpoint: checkpoints/local_li_mace_v1/li_mace_v1_3060ti_run-20260427_epoch-149.pt
2026-05-08 01:19:33.975 INFO: Epoch 150: head: Default, loss=0.00552985, RMSE_E_per_atom=   48.12 meV, RMSE_F=   42.74 meV / A, RMSE_stress=None meV / A^3
2026-05-08 01:19:52.486 INFO: Epoch 151: head: Default, loss=0.00552383, RMSE_E_per_atom=   48.05 meV, RMSE_F=   42.64 meV / A, RMSE_stress=None meV / A^3
2026-05-08 01:20:10.672 INFO: Epoch 152: head: Default, loss=0.00549875, RMSE_E_per_atom=   47.93 meV, RMSE_F=   42.61 meV / A, RMSE_stress=None meV / A^3
2026-05-08 01:20:10.675 DEBUG: Deleting old checkpoint file: checkpoints/local_li_mace_v1/li_mace_v1_3060ti_run-20260427_epoch-149.pt
2026-05-08 01:20:10.681 DEBUG: Saving checkpoint: checkpoints/local_li_mace_v1/li_mace_v1_3060ti_run-20260427_epoch-152.pt
2026-05-08 01:20:29.072 INFO: Epoch 153: head: Default, loss=0.00547010, RMSE_E_per_atom=   47.97 meV, RMSE_F=   42.31 meV / A, RMSE_stress=None meV / A^3
2026-05-08 01:20:29.075 DEBUG: Deleting old checkpoint file: checkpoints/local_li_mace_v1/li_mace_v1_3060ti_run-20260427_epoch-152.pt
2026-05-08 01:20:29.080 DEBUG: Saving checkpoint: checkpoints/local_li_mace_v1/li_mace_v1_3060ti_run-20260427_epoch-153.pt
2026-05-08 01:20:47.652 INFO: Epoch 154: head: Default, loss=0.00545915, RMSE_E_per_atom=   47.76 meV, RMSE_F=   42.23 meV / A, RMSE_stress=None meV / A^3
2026-05-08 01:20:47.655 DEBUG: Deleting old checkpoint file: checkpoints/local_li_mace_v1/li_mace_v1_3060ti_run-20260427_epoch-153.pt
2026-05-08 01:20:47.659 DEBUG: Saving checkpoint: checkpoints/local_li_mace_v1/li_mace_v1_3060ti_run-20260427_epoch-154.pt
2026-05-08 01:21:06.831 INFO: Epoch 155: head: Default, loss=0.00546470, RMSE_E_per_atom=   47.71 meV, RMSE_F=   42.20 meV / A, RMSE_stress=None meV / A^3
2026-05-08 01:21:25.680 INFO: Epoch 156: head: Default, loss=0.00543207, RMSE_E_per_atom=   47.69 meV, RMSE_F=   41.86 meV / A, RMSE_stress=None meV / A^3
2026-05-08 01:21:25.685 DEBUG: Deleting old checkpoint file: checkpoints/local_li_mace_v1/li_mace_v1_3060ti_run-20260427_epoch-154.pt
2026-05-08 01:21:25.689 DEBUG: Saving checkpoint: checkpoints/local_li_mace_v1/li_mace_v1_3060ti_run-20260427_epoch-156.pt
2026-05-08 01:21:44.159 INFO: Epoch 157: head: Default, loss=0.00543599, RMSE_E_per_atom=   47.50 meV, RMSE_F=   41.85 meV / A, RMSE_stress=None meV / A^3
2026-05-08 01:22:02.851 INFO: Epoch 158: head: Default, loss=0.00546474, RMSE_E_per_atom=   47.32 meV, RMSE_F=   42.45 meV / A, RMSE_stress=None meV / A^3
2026-05-08 01:22:21.103 INFO: Epoch 159: head: Default, loss=0.00541357, RMSE_E_per_atom=   47.31 meV, RMSE_F=   41.89 meV / A, RMSE_stress=None meV / A^3
2026-05-08 01:22:21.107 DEBUG: Deleting old checkpoint file: checkpoints/local_li_mace_v1/li_mace_v1_3060ti_run-20260427_epoch-156.pt
2026-05-08 01:22:21.114 DEBUG: Saving checkpoint: checkpoints/local_li_mace_v1/li_mace_v1_3060ti_run-20260427_epoch-159.pt
2026-05-08 01:22:39.491 INFO: Epoch 160: head: Default, loss=0.00538448, RMSE_E_per_atom=   47.16 meV, RMSE_F=   41.72 meV / A, RMSE_stress=None meV / A^3
2026-05-08 01:22:39.493 DEBUG: Deleting old checkpoint file: checkpoints/local_li_mace_v1/li_mace_v1_3060ti_run-20260427_epoch-159.pt
2026-05-08 01:22:39.498 DEBUG: Saving checkpoint: checkpoints/local_li_mace_v1/li_mace_v1_3060ti_run-20260427_epoch-160.pt
2026-05-08 01:22:58.419 INFO: Epoch 161: head: Default, loss=0.00538841, RMSE_E_per_atom=   47.13 meV, RMSE_F=   41.73 meV / A, RMSE_stress=None meV / A^3
2026-05-08 01:23:17.271 INFO: Epoch 162: head: Default, loss=0.00538176, RMSE_E_per_atom=   46.92 meV, RMSE_F=   41.52 meV / A, RMSE_stress=None meV / A^3
2026-05-08 01:23:17.275 DEBUG: Deleting old checkpoint file: checkpoints/local_li_mace_v1/li_mace_v1_3060ti_run-20260427_epoch-160.pt
2026-05-08 01:23:17.281 DEBUG: Saving checkpoint: checkpoints/local_li_mace_v1/li_mace_v1_3060ti_run-20260427_epoch-162.pt
2026-05-08 01:23:35.631 INFO: Epoch 163: head: Default, loss=0.00533228, RMSE_E_per_atom=   46.73 meV, RMSE_F=   41.05 meV / A, RMSE_stress=None meV / A^3
2026-05-08 01:23:35.635 DEBUG: Deleting old checkpoint file: checkpoints/local_li_mace_v1/li_mace_v1_3060ti_run-20260427_epoch-162.pt
2026-05-08 01:23:35.640 DEBUG: Saving checkpoint: checkpoints/local_li_mace_v1/li_mace_v1_3060ti_run-20260427_epoch-163.pt
2026-05-08 01:23:54.370 INFO: Epoch 164: head: Default, loss=0.00533930, RMSE_E_per_atom=   46.61 meV, RMSE_F=   41.20 meV / A, RMSE_stress=None meV / A^3
2026-05-08 01:24:12.668 INFO: Epoch 165: head: Default, loss=0.00530762, RMSE_E_per_atom=   46.41 meV, RMSE_F=   40.84 meV / A, RMSE_stress=None meV / A^3
2026-05-08 01:24:12.671 DEBUG: Deleting old checkpoint file: checkpoints/local_li_mace_v1/li_mace_v1_3060ti_run-20260427_epoch-163.pt
2026-05-08 01:24:12.676 DEBUG: Saving checkpoint: checkpoints/local_li_mace_v1/li_mace_v1_3060ti_run-20260427_epoch-165.pt
2026-05-08 01:24:31.316 INFO: Epoch 166: head: Default, loss=0.00531213, RMSE_E_per_atom=   46.18 meV, RMSE_F=   41.05 meV / A, RMSE_stress=None meV / A^3
2026-05-08 01:24:49.844 INFO: Epoch 167: head: Default, loss=0.00531651, RMSE_E_per_atom=   45.96 meV, RMSE_F=   40.99 meV / A, RMSE_stress=None meV / A^3
2026-05-08 01:25:08.929 INFO: Epoch 168: head: Default, loss=0.00527527, RMSE_E_per_atom=   45.82 meV, RMSE_F=   40.48 meV / A, RMSE_stress=None meV / A^3
2026-05-08 01:25:08.932 DEBUG: Deleting old checkpoint file: checkpoints/local_li_mace_v1/li_mace_v1_3060ti_run-20260427_epoch-165.pt
2026-05-08 01:25:08.937 DEBUG: Saving checkpoint: checkpoints/local_li_mace_v1/li_mace_v1_3060ti_run-20260427_epoch-168.pt
2026-05-08 01:25:27.698 INFO: Epoch 169: head: Default, loss=0.00526443, RMSE_E_per_atom=   45.73 meV, RMSE_F=   40.15 meV / A, RMSE_stress=None meV / A^3
2026-05-08 01:25:27.701 DEBUG: Deleting old checkpoint file: checkpoints/local_li_mace_v1/li_mace_v1_3060ti_run-20260427_epoch-168.pt
2026-05-08 01:25:27.705 DEBUG: Saving checkpoint: checkpoints/local_li_mace_v1/li_mace_v1_3060ti_run-20260427_epoch-169.pt
2026-05-08 01:25:46.037 INFO: Epoch 170: head: Default, loss=0.00523854, RMSE_E_per_atom=   45.58 meV, RMSE_F=   39.97 meV / A, RMSE_stress=None meV / A^3
2026-05-08 01:25:46.041 DEBUG: Deleting old checkpoint file: checkpoints/local_li_mace_v1/li_mace_v1_3060ti_run-20260427_epoch-169.pt
2026-05-08 01:25:46.046 DEBUG: Saving checkpoint: checkpoints/local_li_mace_v1/li_mace_v1_3060ti_run-20260427_epoch-170.pt
2026-05-08 01:26:04.398 INFO: Epoch 171: head: Default, loss=0.00524288, RMSE_E_per_atom=   45.45 meV, RMSE_F=   40.19 meV / A, RMSE_stress=None meV / A^3
2026-05-08 01:26:22.521 INFO: Epoch 172: head: Default, loss=0.00531618, RMSE_E_per_atom=   45.30 meV, RMSE_F=   41.44 meV / A, RMSE_stress=None meV / A^3
2026-05-08 01:26:40.854 INFO: Epoch 173: head: Default, loss=0.00528608, RMSE_E_per_atom=   45.35 meV, RMSE_F=   40.91 meV / A, RMSE_stress=None meV / A^3
2026-05-08 01:26:59.350 INFO: Epoch 174: head: Default, loss=0.00525048, RMSE_E_per_atom=   44.98 meV, RMSE_F=   40.60 meV / A, RMSE_stress=None meV / A^3
2026-05-08 01:27:18.300 INFO: Epoch 175: head: Default, loss=0.00525214, RMSE_E_per_atom=   45.04 meV, RMSE_F=   40.77 meV / A, RMSE_stress=None meV / A^3
2026-05-08 01:27:36.474 INFO: Epoch 176: head: Default, loss=0.00525830, RMSE_E_per_atom=   44.80 meV, RMSE_F=   40.80 meV / A, RMSE_stress=None meV / A^3
2026-05-08 01:27:54.708 INFO: Epoch 177: head: Default, loss=0.00527185, RMSE_E_per_atom=   44.52 meV, RMSE_F=   41.17 meV / A, RMSE_stress=None meV / A^3
2026-05-08 01:28:12.896 INFO: Epoch 178: head: Default, loss=0.00525068, RMSE_E_per_atom=   44.46 meV, RMSE_F=   40.92 meV / A, RMSE_stress=None meV / A^3
2026-05-08 01:28:31.041 INFO: Epoch 179: head: Default, loss=0.00529528, RMSE_E_per_atom=   44.47 meV, RMSE_F=   41.33 meV / A, RMSE_stress=None meV / A^3
2026-05-08 01:28:49.537 INFO: Epoch 180: head: Default, loss=0.00524704, RMSE_E_per_atom=   44.28 meV, RMSE_F=   41.14 meV / A, RMSE_stress=None meV / A^3
2026-05-08 01:29:08.359 INFO: Epoch 181: head: Default, loss=0.00519780, RMSE_E_per_atom=   44.34 meV, RMSE_F=   40.44 meV / A, RMSE_stress=None meV / A^3
2026-05-08 01:29:08.362 DEBUG: Deleting old checkpoint file: checkpoints/local_li_mace_v1/li_mace_v1_3060ti_run-20260427_epoch-170.pt
2026-05-08 01:29:08.365 DEBUG: Saving checkpoint: checkpoints/local_li_mace_v1/li_mace_v1_3060ti_run-20260427_epoch-181.pt
2026-05-08 01:29:26.969 INFO: Epoch 182: head: Default, loss=0.00516682, RMSE_E_per_atom=   44.21 meV, RMSE_F=   39.99 meV / A, RMSE_stress=None meV / A^3
2026-05-08 01:29:26.972 DEBUG: Deleting old checkpoint file: checkpoints/local_li_mace_v1/li_mace_v1_3060ti_run-20260427_epoch-181.pt
2026-05-08 01:29:26.977 DEBUG: Saving checkpoint: checkpoints/local_li_mace_v1/li_mace_v1_3060ti_run-20260427_epoch-182.pt
2026-05-08 01:29:45.275 INFO: Epoch 183: head: Default, loss=0.00514611, RMSE_E_per_atom=   44.20 meV, RMSE_F=   39.66 meV / A, RMSE_stress=None meV / A^3
2026-05-08 01:29:45.279 DEBUG: Deleting old checkpoint file: checkpoints/local_li_mace_v1/li_mace_v1_3060ti_run-20260427_epoch-182.pt
2026-05-08 01:29:45.284 DEBUG: Saving checkpoint: checkpoints/local_li_mace_v1/li_mace_v1_3060ti_run-20260427_epoch-183.pt
2026-05-08 01:30:03.681 INFO: Epoch 184: head: Default, loss=0.00516764, RMSE_E_per_atom=   43.86 meV, RMSE_F=   39.78 meV / A, RMSE_stress=None meV / A^3
2026-05-08 01:30:21.835 INFO: Epoch 185: head: Default, loss=0.00516478, RMSE_E_per_atom=   43.75 meV, RMSE_F=   40.27 meV / A, RMSE_stress=None meV / A^3
2026-05-08 01:30:40.011 INFO: Epoch 186: head: Default, loss=0.00517638, RMSE_E_per_atom=   43.61 meV, RMSE_F=   40.46 meV / A, RMSE_stress=None meV / A^3
2026-05-08 01:30:58.590 INFO: Epoch 187: head: Default, loss=0.00514844, RMSE_E_per_atom=   43.50 meV, RMSE_F=   40.30 meV / A, RMSE_stress=None meV / A^3
2026-05-08 01:31:17.359 INFO: Epoch 188: head: Default, loss=0.00513441, RMSE_E_per_atom=   43.26 meV, RMSE_F=   40.12 meV / A, RMSE_stress=None meV / A^3
2026-05-08 01:31:17.364 DEBUG: Deleting old checkpoint file: checkpoints/local_li_mace_v1/li_mace_v1_3060ti_run-20260427_epoch-183.pt
2026-05-08 01:31:17.367 DEBUG: Saving checkpoint: checkpoints/local_li_mace_v1/li_mace_v1_3060ti_run-20260427_epoch-188.pt
2026-05-08 01:31:35.699 INFO: Epoch 189: head: Default, loss=0.00513179, RMSE_E_per_atom=   43.15 meV, RMSE_F=   40.03 meV / A, RMSE_stress=None meV / A^3
2026-05-08 01:31:35.703 DEBUG: Deleting old checkpoint file: checkpoints/local_li_mace_v1/li_mace_v1_3060ti_run-20260427_epoch-188.pt
2026-05-08 01:31:35.707 DEBUG: Saving checkpoint: checkpoints/local_li_mace_v1/li_mace_v1_3060ti_run-20260427_epoch-189.pt
2026-05-08 01:31:53.908 INFO: Epoch 190: head: Default, loss=0.00508082, RMSE_E_per_atom=   43.08 meV, RMSE_F=   39.38 meV / A, RMSE_stress=None meV / A^3
2026-05-08 01:31:53.913 DEBUG: Deleting old checkpoint file: checkpoints/local_li_mace_v1/li_mace_v1_3060ti_run-20260427_epoch-189.pt
2026-05-08 01:31:53.919 DEBUG: Saving checkpoint: checkpoints/local_li_mace_v1/li_mace_v1_3060ti_run-20260427_epoch-190.pt
2026-05-08 01:32:12.247 INFO: Epoch 191: head: Default, loss=0.00508149, RMSE_E_per_atom=   42.96 meV, RMSE_F=   39.40 meV / A, RMSE_stress=None meV / A^3
2026-05-08 01:32:30.500 INFO: Epoch 192: head: Default, loss=0.00507784, RMSE_E_per_atom=   42.80 meV, RMSE_F=   39.39 meV / A, RMSE_stress=None meV / A^3
2026-05-08 01:32:30.503 DEBUG: Deleting old checkpoint file: checkpoints/local_li_mace_v1/li_mace_v1_3060ti_run-20260427_epoch-190.pt
2026-05-08 01:32:30.508 DEBUG: Saving checkpoint: checkpoints/local_li_mace_v1/li_mace_v1_3060ti_run-20260427_epoch-192.pt
2026-05-08 01:32:48.974 INFO: Epoch 193: head: Default, loss=0.00509461, RMSE_E_per_atom=   42.60 meV, RMSE_F=   39.71 meV / A, RMSE_stress=None meV / A^3
2026-05-08 01:33:07.784 INFO: Epoch 194: head: Default, loss=0.00510279, RMSE_E_per_atom=   42.59 meV, RMSE_F=   39.67 meV / A, RMSE_stress=None meV / A^3
2026-05-08 01:33:26.326 INFO: Epoch 195: head: Default, loss=0.00512686, RMSE_E_per_atom=   42.27 meV, RMSE_F=   39.93 meV / A, RMSE_stress=None meV / A^3
2026-05-08 01:33:44.513 INFO: Epoch 196: head: Default, loss=0.00504349, RMSE_E_per_atom=   42.30 meV, RMSE_F=   39.18 meV / A, RMSE_stress=None meV / A^3
2026-05-08 01:33:44.516 DEBUG: Deleting old checkpoint file: checkpoints/local_li_mace_v1/li_mace_v1_3060ti_run-20260427_epoch-192.pt
2026-05-08 01:33:44.520 DEBUG: Saving checkpoint: checkpoints/local_li_mace_v1/li_mace_v1_3060ti_run-20260427_epoch-196.pt
2026-05-08 01:34:02.753 INFO: Epoch 197: head: Default, loss=0.00508198, RMSE_E_per_atom=   42.25 meV, RMSE_F=   39.80 meV / A, RMSE_stress=None meV / A^3
2026-05-08 01:34:21.041 INFO: Epoch 198: head: Default, loss=0.00508164, RMSE_E_per_atom=   42.17 meV, RMSE_F=   39.65 meV / A, RMSE_stress=None meV / A^3
2026-05-08 01:34:39.215 INFO: Epoch 199: head: Default, loss=0.00505396, RMSE_E_per_atom=   42.03 meV, RMSE_F=   39.52 meV / A, RMSE_stress=None meV / A^3
2026-05-08 01:34:57.807 INFO: Epoch 200: head: Default, loss=0.00509336, RMSE_E_per_atom=   41.87 meV, RMSE_F=   39.62 meV / A, RMSE_stress=None meV / A^3
2026-05-08 01:35:16.711 INFO: Epoch 201: head: Default, loss=0.00502342, RMSE_E_per_atom=   42.02 meV, RMSE_F=   39.12 meV / A, RMSE_stress=None meV / A^3
2026-05-08 01:35:16.714 DEBUG: Deleting old checkpoint file: checkpoints/local_li_mace_v1/li_mace_v1_3060ti_run-20260427_epoch-196.pt
2026-05-08 01:35:16.718 DEBUG: Saving checkpoint: checkpoints/local_li_mace_v1/li_mace_v1_3060ti_run-20260427_epoch-201.pt
2026-05-08 01:35:35.106 INFO: Epoch 202: head: Default, loss=0.00500783, RMSE_E_per_atom=   42.01 meV, RMSE_F=   39.09 meV / A, RMSE_stress=None meV / A^3
2026-05-08 01:35:35.109 DEBUG: Deleting old checkpoint file: checkpoints/local_li_mace_v1/li_mace_v1_3060ti_run-20260427_epoch-201.pt
2026-05-08 01:35:35.115 DEBUG: Saving checkpoint: checkpoints/local_li_mace_v1/li_mace_v1_3060ti_run-20260427_epoch-202.pt
2026-05-08 01:35:53.558 INFO: Epoch 203: head: Default, loss=0.00503041, RMSE_E_per_atom=   41.75 meV, RMSE_F=   39.15 meV / A, RMSE_stress=None meV / A^3
2026-05-08 01:36:11.827 INFO: Epoch 204: head: Default, loss=0.00502188, RMSE_E_per_atom=   41.71 meV, RMSE_F=   39.17 meV / A, RMSE_stress=None meV / A^3
2026-05-08 01:36:30.300 INFO: Epoch 205: head: Default, loss=0.00499108, RMSE_E_per_atom=   41.59 meV, RMSE_F=   38.67 meV / A, RMSE_stress=None meV / A^3
2026-05-08 01:36:30.303 DEBUG: Deleting old checkpoint file: checkpoints/local_li_mace_v1/li_mace_v1_3060ti_run-20260427_epoch-202.pt
2026-05-08 01:36:30.309 DEBUG: Saving checkpoint: checkpoints/local_li_mace_v1/li_mace_v1_3060ti_run-20260427_epoch-205.pt
2026-05-08 01:36:48.902 INFO: Epoch 206: head: Default, loss=0.00498041, RMSE_E_per_atom=   41.65 meV, RMSE_F=   38.69 meV / A, RMSE_stress=None meV / A^3
2026-05-08 01:36:48.905 DEBUG: Deleting old checkpoint file: checkpoints/local_li_mace_v1/li_mace_v1_3060ti_run-20260427_epoch-205.pt
2026-05-08 01:36:48.910 DEBUG: Saving checkpoint: checkpoints/local_li_mace_v1/li_mace_v1_3060ti_run-20260427_epoch-206.pt
2026-05-08 01:37:08.093 INFO: Epoch 207: head: Default, loss=0.00500502, RMSE_E_per_atom=   41.44 meV, RMSE_F=   39.09 meV / A, RMSE_stress=None meV / A^3
2026-05-08 01:37:26.636 INFO: Epoch 208: head: Default, loss=0.00499055, RMSE_E_per_atom=   41.31 meV, RMSE_F=   38.82 meV / A, RMSE_stress=None meV / A^3
2026-05-08 01:37:45.187 INFO: Epoch 209: head: Default, loss=0.00498238, RMSE_E_per_atom=   41.12 meV, RMSE_F=   38.91 meV / A, RMSE_stress=None meV / A^3
2026-05-08 01:38:03.401 INFO: Epoch 210: head: Default, loss=0.00495344, RMSE_E_per_atom=   41.03 meV, RMSE_F=   38.53 meV / A, RMSE_stress=None meV / A^3
2026-05-08 01:38:03.405 DEBUG: Deleting old checkpoint file: checkpoints/local_li_mace_v1/li_mace_v1_3060ti_run-20260427_epoch-206.pt
2026-05-08 01:38:03.409 DEBUG: Saving checkpoint: checkpoints/local_li_mace_v1/li_mace_v1_3060ti_run-20260427_epoch-210.pt
2026-05-08 01:38:21.729 INFO: Epoch 211: head: Default, loss=0.00495436, RMSE_E_per_atom=   40.82 meV, RMSE_F=   38.67 meV / A, RMSE_stress=None meV / A^3
2026-05-08 01:38:40.244 INFO: Epoch 212: head: Default, loss=0.00493307, RMSE_E_per_atom=   40.73 meV, RMSE_F=   38.29 meV / A, RMSE_stress=None meV / A^3
2026-05-08 01:38:40.249 DEBUG: Deleting old checkpoint file: checkpoints/local_li_mace_v1/li_mace_v1_3060ti_run-20260427_epoch-210.pt
2026-05-08 01:38:40.254 DEBUG: Saving checkpoint: checkpoints/local_li_mace_v1/li_mace_v1_3060ti_run-20260427_epoch-212.pt
2026-05-08 01:38:59.134 INFO: Epoch 213: head: Default, loss=0.00496865, RMSE_E_per_atom=   40.46 meV, RMSE_F=   38.81 meV / A, RMSE_stress=None meV / A^3
2026-05-08 01:39:18.322 INFO: Epoch 214: head: Default, loss=0.00493240, RMSE_E_per_atom=   40.14 meV, RMSE_F=   38.51 meV / A, RMSE_stress=None meV / A^3
2026-05-08 01:39:18.327 DEBUG: Deleting old checkpoint file: checkpoints/local_li_mace_v1/li_mace_v1_3060ti_run-20260427_epoch-212.pt
2026-05-08 01:39:18.331 DEBUG: Saving checkpoint: checkpoints/local_li_mace_v1/li_mace_v1_3060ti_run-20260427_epoch-214.pt
2026-05-08 01:39:36.651 INFO: Epoch 215: head: Default, loss=0.00493358, RMSE_E_per_atom=   40.08 meV, RMSE_F=   38.42 meV / A, RMSE_stress=None meV / A^3
2026-05-08 01:39:55.099 INFO: Epoch 216: head: Default, loss=0.00494263, RMSE_E_per_atom=   40.16 meV, RMSE_F=   38.84 meV / A, RMSE_stress=None meV / A^3
2026-05-08 01:40:13.579 INFO: Epoch 217: head: Default, loss=0.00495058, RMSE_E_per_atom=   40.12 meV, RMSE_F=   39.01 meV / A, RMSE_stress=None meV / A^3
2026-05-08 01:40:31.889 INFO: Epoch 218: head: Default, loss=0.00491339, RMSE_E_per_atom=   39.91 meV, RMSE_F=   38.54 meV / A, RMSE_stress=None meV / A^3
2026-05-08 01:40:31.892 DEBUG: Deleting old checkpoint file: checkpoints/local_li_mace_v1/li_mace_v1_3060ti_run-20260427_epoch-214.pt
2026-05-08 01:40:31.898 DEBUG: Saving checkpoint: checkpoints/local_li_mace_v1/li_mace_v1_3060ti_run-20260427_epoch-218.pt
2026-05-08 01:40:50.464 INFO: Epoch 219: head: Default, loss=0.00492136, RMSE_E_per_atom=   39.74 meV, RMSE_F=   38.40 meV / A, RMSE_stress=None meV / A^3
2026-05-08 01:41:09.793 INFO: Epoch 220: head: Default, loss=0.00492922, RMSE_E_per_atom=   39.78 meV, RMSE_F=   38.55 meV / A, RMSE_stress=None meV / A^3
2026-05-08 01:41:28.362 INFO: Epoch 221: head: Default, loss=0.00492302, RMSE_E_per_atom=   39.61 meV, RMSE_F=   38.69 meV / A, RMSE_stress=None meV / A^3
2026-05-08 01:41:46.686 INFO: Epoch 222: head: Default, loss=0.00491934, RMSE_E_per_atom=   39.41 meV, RMSE_F=   38.79 meV / A, RMSE_stress=None meV / A^3
2026-05-08 01:42:04.855 INFO: Epoch 223: head: Default, loss=0.00490366, RMSE_E_per_atom=   39.32 meV, RMSE_F=   38.65 meV / A, RMSE_stress=None meV / A^3
2026-05-08 01:42:04.858 DEBUG: Deleting old checkpoint file: checkpoints/local_li_mace_v1/li_mace_v1_3060ti_run-20260427_epoch-218.pt
2026-05-08 01:42:04.864 DEBUG: Saving checkpoint: checkpoints/local_li_mace_v1/li_mace_v1_3060ti_run-20260427_epoch-223.pt
2026-05-08 01:42:23.234 INFO: Epoch 224: head: Default, loss=0.00488811, RMSE_E_per_atom=   39.23 meV, RMSE_F=   38.42 meV / A, RMSE_stress=None meV / A^3
2026-05-08 01:42:23.237 DEBUG: Deleting old checkpoint file: checkpoints/local_li_mace_v1/li_mace_v1_3060ti_run-20260427_epoch-223.pt
2026-05-08 01:42:23.243 DEBUG: Saving checkpoint: checkpoints/local_li_mace_v1/li_mace_v1_3060ti_run-20260427_epoch-224.pt
2026-05-08 01:42:23.365 INFO: Changing loss based on Stage Two Weights
2026-05-08 01:42:41.937 INFO: Epoch 225: head: Default, loss=1.53483438, RMSE_E_per_atom=  296.37 meV, RMSE_F=  200.44 meV / A, RMSE_stress=None meV / A^3
2026-05-08 01:42:41.940 DEBUG: Saving checkpoint: checkpoints/local_li_mace_v1/li_mace_v1_3060ti_run-20260427_epoch-225_swa.pt
2026-05-08 01:43:00.834 INFO: Epoch 226: head: Default, loss=0.64059973, RMSE_E_per_atom=  125.15 meV, RMSE_F=  250.19 meV / A, RMSE_stress=None meV / A^3
2026-05-08 01:43:00.838 DEBUG: Deleting old checkpoint file: checkpoints/local_li_mace_v1/li_mace_v1_3060ti_run-20260427_epoch-225_swa.pt
2026-05-08 01:43:00.842 DEBUG: Saving checkpoint: checkpoints/local_li_mace_v1/li_mace_v1_3060ti_run-20260427_epoch-226_swa.pt
2026-05-08 01:43:20.154 INFO: Epoch 227: head: Default, loss=0.26257056, RMSE_E_per_atom=   53.17 meV, RMSE_F=  264.75 meV / A, RMSE_stress=None meV / A^3
2026-05-08 01:43:20.157 DEBUG: Deleting old checkpoint file: checkpoints/local_li_mace_v1/li_mace_v1_3060ti_run-20260427_epoch-226_swa.pt
2026-05-08 01:43:20.161 DEBUG: Saving checkpoint: checkpoints/local_li_mace_v1/li_mace_v1_3060ti_run-20260427_epoch-227_swa.pt
2026-05-08 01:43:38.437 INFO: Epoch 228: head: Default, loss=0.13695283, RMSE_E_per_atom=   28.23 meV, RMSE_F=  272.84 meV / A, RMSE_stress=None meV / A^3
2026-05-08 01:43:38.442 DEBUG: Deleting old checkpoint file: checkpoints/local_li_mace_v1/li_mace_v1_3060ti_run-20260427_epoch-227_swa.pt
2026-05-08 01:43:38.447 DEBUG: Saving checkpoint: checkpoints/local_li_mace_v1/li_mace_v1_3060ti_run-20260427_epoch-228_swa.pt
2026-05-08 01:43:56.972 INFO: Epoch 229: head: Default, loss=0.09986134, RMSE_E_per_atom=   19.56 meV, RMSE_F=  279.65 meV / A, RMSE_stress=None meV / A^3
2026-05-08 01:43:56.975 DEBUG: Deleting old checkpoint file: checkpoints/local_li_mace_v1/li_mace_v1_3060ti_run-20260427_epoch-228_swa.pt
2026-05-08 01:43:56.979 DEBUG: Saving checkpoint: checkpoints/local_li_mace_v1/li_mace_v1_3060ti_run-20260427_epoch-229_swa.pt
2026-05-08 01:44:15.224 INFO: Epoch 230: head: Default, loss=0.09841483, RMSE_E_per_atom=   18.71 meV, RMSE_F=  275.89 meV / A, RMSE_stress=None meV / A^3
2026-05-08 01:44:15.227 DEBUG: Deleting old checkpoint file: checkpoints/local_li_mace_v1/li_mace_v1_3060ti_run-20260427_epoch-229_swa.pt
2026-05-08 01:44:15.232 DEBUG: Saving checkpoint: checkpoints/local_li_mace_v1/li_mace_v1_3060ti_run-20260427_epoch-230_swa.pt
2026-05-08 01:44:33.585 INFO: Epoch 231: head: Default, loss=0.07679705, RMSE_E_per_atom=   13.86 meV, RMSE_F=  281.77 meV / A, RMSE_stress=None meV / A^3
2026-05-08 01:44:33.588 DEBUG: Deleting old checkpoint file: checkpoints/local_li_mace_v1/li_mace_v1_3060ti_run-20260427_epoch-230_swa.pt
2026-05-08 01:44:33.592 DEBUG: Saving checkpoint: checkpoints/local_li_mace_v1/li_mace_v1_3060ti_run-20260427_epoch-231_swa.pt
2026-05-08 01:44:52.309 INFO: Epoch 232: head: Default, loss=0.06384666, RMSE_E_per_atom=   10.69 meV, RMSE_F=  285.85 meV / A, RMSE_stress=None meV / A^3
2026-05-08 01:44:52.312 DEBUG: Deleting old checkpoint file: checkpoints/local_li_mace_v1/li_mace_v1_3060ti_run-20260427_epoch-231_swa.pt
2026-05-08 01:44:52.317 DEBUG: Saving checkpoint: checkpoints/local_li_mace_v1/li_mace_v1_3060ti_run-20260427_epoch-232_swa.pt
2026-05-08 01:45:11.334 INFO: Epoch 233: head: Default, loss=0.06368727, RMSE_E_per_atom=   11.12 meV, RMSE_F=  281.50 meV / A, RMSE_stress=None meV / A^3
2026-05-08 01:45:11.337 DEBUG: Deleting old checkpoint file: checkpoints/local_li_mace_v1/li_mace_v1_3060ti_run-20260427_epoch-232_swa.pt
2026-05-08 01:45:11.341 DEBUG: Saving checkpoint: checkpoints/local_li_mace_v1/li_mace_v1_3060ti_run-20260427_epoch-233_swa.pt
2026-05-08 01:45:30.258 INFO: Epoch 234: head: Default, loss=0.06050535, RMSE_E_per_atom=   10.42 meV, RMSE_F=  279.38 meV / A, RMSE_stress=None meV / A^3
2026-05-08 01:45:30.260 DEBUG: Deleting old checkpoint file: checkpoints/local_li_mace_v1/li_mace_v1_3060ti_run-20260427_epoch-233_swa.pt
2026-05-08 01:45:30.265 DEBUG: Saving checkpoint: checkpoints/local_li_mace_v1/li_mace_v1_3060ti_run-20260427_epoch-234_swa.pt
2026-05-08 01:45:48.661 INFO: Epoch 235: head: Default, loss=0.05505963, RMSE_E_per_atom=    8.76 meV, RMSE_F=  276.99 meV / A, RMSE_stress=None meV / A^3
2026-05-08 01:45:48.664 DEBUG: Deleting old checkpoint file: checkpoints/local_li_mace_v1/li_mace_v1_3060ti_run-20260427_epoch-234_swa.pt
2026-05-08 01:45:48.669 DEBUG: Saving checkpoint: checkpoints/local_li_mace_v1/li_mace_v1_3060ti_run-20260427_epoch-235_swa.pt
2026-05-08 01:46:07.245 INFO: Epoch 236: head: Default, loss=0.05336942, RMSE_E_per_atom=    8.39 meV, RMSE_F=  270.80 meV / A, RMSE_stress=None meV / A^3
2026-05-08 01:46:07.248 DEBUG: Deleting old checkpoint file: checkpoints/local_li_mace_v1/li_mace_v1_3060ti_run-20260427_epoch-235_swa.pt
2026-05-08 01:46:07.253 DEBUG: Saving checkpoint: checkpoints/local_li_mace_v1/li_mace_v1_3060ti_run-20260427_epoch-236_swa.pt
2026-05-08 01:46:25.644 INFO: Epoch 237: head: Default, loss=0.05375285, RMSE_E_per_atom=    8.66 meV, RMSE_F=  264.35 meV / A, RMSE_stress=None meV / A^3
2026-05-08 01:46:44.271 INFO: Epoch 238: head: Default, loss=0.04792102, RMSE_E_per_atom=    7.13 meV, RMSE_F=  259.77 meV / A, RMSE_stress=None meV / A^3
2026-05-08 01:46:44.274 DEBUG: Deleting old checkpoint file: checkpoints/local_li_mace_v1/li_mace_v1_3060ti_run-20260427_epoch-236_swa.pt
2026-05-08 01:46:44.280 DEBUG: Saving checkpoint: checkpoints/local_li_mace_v1/li_mace_v1_3060ti_run-20260427_epoch-238_swa.pt
2026-05-08 01:47:03.198 INFO: Epoch 239: head: Default, loss=0.04444021, RMSE_E_per_atom=    6.38 meV, RMSE_F=  254.03 meV / A, RMSE_stress=None meV / A^3
2026-05-08 01:47:03.201 DEBUG: Deleting old checkpoint file: checkpoints/local_li_mace_v1/li_mace_v1_3060ti_run-20260427_epoch-238_swa.pt
2026-05-08 01:47:03.206 DEBUG: Saving checkpoint: checkpoints/local_li_mace_v1/li_mace_v1_3060ti_run-20260427_epoch-239_swa.pt
2026-05-08 01:47:22.250 INFO: Epoch 240: head: Default, loss=0.04244469, RMSE_E_per_atom=    6.25 meV, RMSE_F=  244.88 meV / A, RMSE_stress=None meV / A^3
2026-05-08 01:47:22.255 DEBUG: Deleting old checkpoint file: checkpoints/local_li_mace_v1/li_mace_v1_3060ti_run-20260427_epoch-239_swa.pt
2026-05-08 01:47:22.259 DEBUG: Saving checkpoint: checkpoints/local_li_mace_v1/li_mace_v1_3060ti_run-20260427_epoch-240_swa.pt
2026-05-08 01:47:40.563 INFO: Epoch 241: head: Default, loss=0.03880941, RMSE_E_per_atom=    5.54 meV, RMSE_F=  234.04 meV / A, RMSE_stress=None meV / A^3
2026-05-08 01:47:40.567 DEBUG: Deleting old checkpoint file: checkpoints/local_li_mace_v1/li_mace_v1_3060ti_run-20260427_epoch-240_swa.pt
2026-05-08 01:47:40.570 DEBUG: Saving checkpoint: checkpoints/local_li_mace_v1/li_mace_v1_3060ti_run-20260427_epoch-241_swa.pt
2026-05-08 01:47:59.031 INFO: Epoch 242: head: Default, loss=0.03582437, RMSE_E_per_atom=    5.13 meV, RMSE_F=  222.68 meV / A, RMSE_stress=None meV / A^3
2026-05-08 01:47:59.034 DEBUG: Deleting old checkpoint file: checkpoints/local_li_mace_v1/li_mace_v1_3060ti_run-20260427_epoch-241_swa.pt
2026-05-08 01:47:59.038 DEBUG: Saving checkpoint: checkpoints/local_li_mace_v1/li_mace_v1_3060ti_run-20260427_epoch-242_swa.pt
2026-05-08 01:48:17.466 INFO: Epoch 243: head: Default, loss=0.03437348, RMSE_E_per_atom=    5.07 meV, RMSE_F=  213.07 meV / A, RMSE_stress=None meV / A^3
2026-05-08 01:48:17.469 DEBUG: Deleting old checkpoint file: checkpoints/local_li_mace_v1/li_mace_v1_3060ti_run-20260427_epoch-242_swa.pt
2026-05-08 01:48:17.473 DEBUG: Saving checkpoint: checkpoints/local_li_mace_v1/li_mace_v1_3060ti_run-20260427_epoch-243_swa.pt
2026-05-08 01:48:36.034 INFO: Epoch 244: head: Default, loss=0.03232000, RMSE_E_per_atom=    4.80 meV, RMSE_F=  204.47 meV / A, RMSE_stress=None meV / A^3
2026-05-08 01:48:36.038 DEBUG: Deleting old checkpoint file: checkpoints/local_li_mace_v1/li_mace_v1_3060ti_run-20260427_epoch-243_swa.pt
2026-05-08 01:48:36.043 DEBUG: Saving checkpoint: checkpoints/local_li_mace_v1/li_mace_v1_3060ti_run-20260427_epoch-244_swa.pt
2026-05-08 01:48:54.756 INFO: Epoch 245: head: Default, loss=0.03038175, RMSE_E_per_atom=    4.59 meV, RMSE_F=  195.32 meV / A, RMSE_stress=None meV / A^3
2026-05-08 01:48:54.759 DEBUG: Deleting old checkpoint file: checkpoints/local_li_mace_v1/li_mace_v1_3060ti_run-20260427_epoch-244_swa.pt
2026-05-08 01:48:54.764 DEBUG: Saving checkpoint: checkpoints/local_li_mace_v1/li_mace_v1_3060ti_run-20260427_epoch-245_swa.pt
2026-05-08 01:49:14.123 INFO: Epoch 246: head: Default, loss=0.02846165, RMSE_E_per_atom=    4.17 meV, RMSE_F=  185.11 meV / A, RMSE_stress=None meV / A^3
2026-05-08 01:49:14.126 DEBUG: Deleting old checkpoint file: checkpoints/local_li_mace_v1/li_mace_v1_3060ti_run-20260427_epoch-245_swa.pt
2026-05-08 01:49:14.132 DEBUG: Saving checkpoint: checkpoints/local_li_mace_v1/li_mace_v1_3060ti_run-20260427_epoch-246_swa.pt
2026-05-08 01:49:32.854 INFO: Epoch 247: head: Default, loss=0.02725897, RMSE_E_per_atom=    4.12 meV, RMSE_F=  175.87 meV / A, RMSE_stress=None meV / A^3
2026-05-08 01:49:32.858 DEBUG: Deleting old checkpoint file: checkpoints/local_li_mace_v1/li_mace_v1_3060ti_run-20260427_epoch-246_swa.pt
2026-05-08 01:49:32.862 DEBUG: Saving checkpoint: checkpoints/local_li_mace_v1/li_mace_v1_3060ti_run-20260427_epoch-247_swa.pt
2026-05-08 01:49:51.512 INFO: Epoch 248: head: Default, loss=0.02530586, RMSE_E_per_atom=    3.75 meV, RMSE_F=  165.39 meV / A, RMSE_stress=None meV / A^3
2026-05-08 01:49:51.516 DEBUG: Deleting old checkpoint file: checkpoints/local_li_mace_v1/li_mace_v1_3060ti_run-20260427_epoch-247_swa.pt
2026-05-08 01:49:51.521 DEBUG: Saving checkpoint: checkpoints/local_li_mace_v1/li_mace_v1_3060ti_run-20260427_epoch-248_swa.pt
2026-05-08 01:50:10.049 INFO: Epoch 249: head: Default, loss=0.02359437, RMSE_E_per_atom=    3.35 meV, RMSE_F=  155.33 meV / A, RMSE_stress=None meV / A^3
2026-05-08 01:50:10.052 DEBUG: Deleting old checkpoint file: checkpoints/local_li_mace_v1/li_mace_v1_3060ti_run-20260427_epoch-248_swa.pt
2026-05-08 01:50:10.057 DEBUG: Saving checkpoint: checkpoints/local_li_mace_v1/li_mace_v1_3060ti_run-20260427_epoch-249_swa.pt
2026-05-08 01:50:28.523 INFO: Epoch 250: head: Default, loss=0.02192929, RMSE_E_per_atom=    2.95 meV, RMSE_F=  145.02 meV / A, RMSE_stress=None meV / A^3
2026-05-08 01:50:28.527 DEBUG: Deleting old checkpoint file: checkpoints/local_li_mace_v1/li_mace_v1_3060ti_run-20260427_epoch-249_swa.pt
2026-05-08 01:50:28.533 DEBUG: Saving checkpoint: checkpoints/local_li_mace_v1/li_mace_v1_3060ti_run-20260427_epoch-250_swa.pt
2026-05-08 01:50:46.965 INFO: Epoch 251: head: Default, loss=0.02135603, RMSE_E_per_atom=    3.02 meV, RMSE_F=  138.15 meV / A, RMSE_stress=None meV / A^3
2026-05-08 01:50:46.967 DEBUG: Deleting old checkpoint file: checkpoints/local_li_mace_v1/li_mace_v1_3060ti_run-20260427_epoch-250_swa.pt
2026-05-08 01:50:46.971 DEBUG: Saving checkpoint: checkpoints/local_li_mace_v1/li_mace_v1_3060ti_run-20260427_epoch-251_swa.pt
2026-05-08 01:51:06.189 INFO: Epoch 252: head: Default, loss=0.02020084, RMSE_E_per_atom=    2.82 meV, RMSE_F=  130.11 meV / A, RMSE_stress=None meV / A^3
2026-05-08 01:51:06.192 DEBUG: Deleting old checkpoint file: checkpoints/local_li_mace_v1/li_mace_v1_3060ti_run-20260427_epoch-251_swa.pt
2026-05-08 01:51:06.196 DEBUG: Saving checkpoint: checkpoints/local_li_mace_v1/li_mace_v1_3060ti_run-20260427_epoch-252_swa.pt
2026-05-08 01:51:25.167 INFO: Epoch 253: head: Default, loss=0.01910525, RMSE_E_per_atom=    2.67 meV, RMSE_F=  121.29 meV / A, RMSE_stress=None meV / A^3
2026-05-08 01:51:25.170 DEBUG: Deleting old checkpoint file: checkpoints/local_li_mace_v1/li_mace_v1_3060ti_run-20260427_epoch-252_swa.pt
2026-05-08 01:51:25.176 DEBUG: Saving checkpoint: checkpoints/local_li_mace_v1/li_mace_v1_3060ti_run-20260427_epoch-253_swa.pt
2026-05-08 01:51:43.823 INFO: Epoch 254: head: Default, loss=0.01838158, RMSE_E_per_atom=    2.43 meV, RMSE_F=  117.18 meV / A, RMSE_stress=None meV / A^3
2026-05-08 01:51:43.826 DEBUG: Deleting old checkpoint file: checkpoints/local_li_mace_v1/li_mace_v1_3060ti_run-20260427_epoch-253_swa.pt
2026-05-08 01:51:43.831 DEBUG: Saving checkpoint: checkpoints/local_li_mace_v1/li_mace_v1_3060ti_run-20260427_epoch-254_swa.pt
2026-05-08 01:52:02.148 INFO: Epoch 255: head: Default, loss=0.01812455, RMSE_E_per_atom=    2.48 meV, RMSE_F=  115.94 meV / A, RMSE_stress=None meV / A^3
2026-05-08 01:52:02.152 DEBUG: Deleting old checkpoint file: checkpoints/local_li_mace_v1/li_mace_v1_3060ti_run-20260427_epoch-254_swa.pt
2026-05-08 01:52:02.157 DEBUG: Saving checkpoint: checkpoints/local_li_mace_v1/li_mace_v1_3060ti_run-20260427_epoch-255_swa.pt
2026-05-08 01:52:20.929 INFO: Epoch 256: head: Default, loss=0.01706675, RMSE_E_per_atom=    2.29 meV, RMSE_F=  108.35 meV / A, RMSE_stress=None meV / A^3
2026-05-08 01:52:20.932 DEBUG: Deleting old checkpoint file: checkpoints/local_li_mace_v1/li_mace_v1_3060ti_run-20260427_epoch-255_swa.pt
2026-05-08 01:52:20.937 DEBUG: Saving checkpoint: checkpoints/local_li_mace_v1/li_mace_v1_3060ti_run-20260427_epoch-256_swa.pt
2026-05-08 01:52:39.348 INFO: Epoch 257: head: Default, loss=0.01602687, RMSE_E_per_atom=    2.07 meV, RMSE_F=  100.38 meV / A, RMSE_stress=None meV / A^3
2026-05-08 01:52:39.351 DEBUG: Deleting old checkpoint file: checkpoints/local_li_mace_v1/li_mace_v1_3060ti_run-20260427_epoch-256_swa.pt
2026-05-08 01:52:39.356 DEBUG: Saving checkpoint: checkpoints/local_li_mace_v1/li_mace_v1_3060ti_run-20260427_epoch-257_swa.pt
2026-05-08 01:52:58.436 INFO: Epoch 258: head: Default, loss=0.01544852, RMSE_E_per_atom=    2.10 meV, RMSE_F=   95.44 meV / A, RMSE_stress=None meV / A^3
2026-05-08 01:52:58.439 DEBUG: Deleting old checkpoint file: checkpoints/local_li_mace_v1/li_mace_v1_3060ti_run-20260427_epoch-257_swa.pt
2026-05-08 01:52:58.445 DEBUG: Saving checkpoint: checkpoints/local_li_mace_v1/li_mace_v1_3060ti_run-20260427_epoch-258_swa.pt
2026-05-08 01:53:17.507 INFO: Epoch 259: head: Default, loss=0.01460254, RMSE_E_per_atom=    1.93 meV, RMSE_F=   89.08 meV / A, RMSE_stress=None meV / A^3
2026-05-08 01:53:17.510 DEBUG: Deleting old checkpoint file: checkpoints/local_li_mace_v1/li_mace_v1_3060ti_run-20260427_epoch-258_swa.pt
2026-05-08 01:53:17.514 DEBUG: Saving checkpoint: checkpoints/local_li_mace_v1/li_mace_v1_3060ti_run-20260427_epoch-259_swa.pt
2026-05-08 01:53:36.164 INFO: Epoch 260: head: Default, loss=0.01402071, RMSE_E_per_atom=    1.85 meV, RMSE_F=   85.11 meV / A, RMSE_stress=None meV / A^3
2026-05-08 01:53:36.167 DEBUG: Deleting old checkpoint file: checkpoints/local_li_mace_v1/li_mace_v1_3060ti_run-20260427_epoch-259_swa.pt
2026-05-08 01:53:36.171 DEBUG: Saving checkpoint: checkpoints/local_li_mace_v1/li_mace_v1_3060ti_run-20260427_epoch-260_swa.pt
2026-05-08 01:53:54.614 INFO: Epoch 261: head: Default, loss=0.01410019, RMSE_E_per_atom=    2.02 meV, RMSE_F=   83.81 meV / A, RMSE_stress=None meV / A^3
2026-05-08 01:54:12.960 INFO: Epoch 262: head: Default, loss=0.01362329, RMSE_E_per_atom=    1.94 meV, RMSE_F=   80.94 meV / A, RMSE_stress=None meV / A^3
2026-05-08 01:54:12.963 DEBUG: Deleting old checkpoint file: checkpoints/local_li_mace_v1/li_mace_v1_3060ti_run-20260427_epoch-260_swa.pt
2026-05-08 01:54:12.968 DEBUG: Saving checkpoint: checkpoints/local_li_mace_v1/li_mace_v1_3060ti_run-20260427_epoch-262_swa.pt
2026-05-08 01:54:31.363 INFO: Epoch 263: head: Default, loss=0.01371843, RMSE_E_per_atom=    2.15 meV, RMSE_F=   80.79 meV / A, RMSE_stress=None meV / A^3
2026-05-08 01:54:49.930 INFO: Epoch 264: head: Default, loss=0.01399713, RMSE_E_per_atom=    2.18 meV, RMSE_F=   81.46 meV / A, RMSE_stress=None meV / A^3
2026-05-08 01:55:08.922 INFO: Epoch 265: head: Default, loss=0.01326591, RMSE_E_per_atom=    2.05 meV, RMSE_F=   76.85 meV / A, RMSE_stress=None meV / A^3
2026-05-08 01:55:08.927 DEBUG: Deleting old checkpoint file: checkpoints/local_li_mace_v1/li_mace_v1_3060ti_run-20260427_epoch-262_swa.pt
2026-05-08 01:55:08.933 DEBUG: Saving checkpoint: checkpoints/local_li_mace_v1/li_mace_v1_3060ti_run-20260427_epoch-265_swa.pt
2026-05-08 01:55:27.646 INFO: Epoch 266: head: Default, loss=0.01258389, RMSE_E_per_atom=    1.85 meV, RMSE_F=   72.75 meV / A, RMSE_stress=None meV / A^3
2026-05-08 01:55:27.649 DEBUG: Deleting old checkpoint file: checkpoints/local_li_mace_v1/li_mace_v1_3060ti_run-20260427_epoch-265_swa.pt
2026-05-08 01:55:27.653 DEBUG: Saving checkpoint: checkpoints/local_li_mace_v1/li_mace_v1_3060ti_run-20260427_epoch-266_swa.pt
2026-05-08 01:55:46.224 INFO: Epoch 267: head: Default, loss=0.01177692, RMSE_E_per_atom=    1.54 meV, RMSE_F=   68.32 meV / A, RMSE_stress=None meV / A^3
2026-05-08 01:55:46.227 DEBUG: Deleting old checkpoint file: checkpoints/local_li_mace_v1/li_mace_v1_3060ti_run-20260427_epoch-266_swa.pt
2026-05-08 01:55:46.233 DEBUG: Saving checkpoint: checkpoints/local_li_mace_v1/li_mace_v1_3060ti_run-20260427_epoch-267_swa.pt
2026-05-08 01:56:04.742 INFO: Epoch 268: head: Default, loss=0.01121468, RMSE_E_per_atom=    1.43 meV, RMSE_F=   64.18 meV / A, RMSE_stress=None meV / A^3
2026-05-08 01:56:04.746 DEBUG: Deleting old checkpoint file: checkpoints/local_li_mace_v1/li_mace_v1_3060ti_run-20260427_epoch-267_swa.pt
2026-05-08 01:56:04.750 DEBUG: Saving checkpoint: checkpoints/local_li_mace_v1/li_mace_v1_3060ti_run-20260427_epoch-268_swa.pt
2026-05-08 01:56:23.367 INFO: Epoch 269: head: Default, loss=0.01094393, RMSE_E_per_atom=    1.42 meV, RMSE_F=   62.68 meV / A, RMSE_stress=None meV / A^3
2026-05-08 01:56:23.370 DEBUG: Deleting old checkpoint file: checkpoints/local_li_mace_v1/li_mace_v1_3060ti_run-20260427_epoch-268_swa.pt
2026-05-08 01:56:23.375 DEBUG: Saving checkpoint: checkpoints/local_li_mace_v1/li_mace_v1_3060ti_run-20260427_epoch-269_swa.pt
2026-05-08 01:56:41.961 INFO: Epoch 270: head: Default, loss=0.01055525, RMSE_E_per_atom=    1.40 meV, RMSE_F=   60.50 meV / A, RMSE_stress=None meV / A^3
2026-05-08 01:56:41.965 DEBUG: Deleting old checkpoint file: checkpoints/local_li_mace_v1/li_mace_v1_3060ti_run-20260427_epoch-269_swa.pt
2026-05-08 01:56:41.970 DEBUG: Saving checkpoint: checkpoints/local_li_mace_v1/li_mace_v1_3060ti_run-20260427_epoch-270_swa.pt
2026-05-08 01:57:01.120 INFO: Epoch 271: head: Default, loss=0.01082306, RMSE_E_per_atom=    1.47 meV, RMSE_F=   63.91 meV / A, RMSE_stress=None meV / A^3
2026-05-08 01:57:19.956 INFO: Epoch 272: head: Default, loss=0.01054767, RMSE_E_per_atom=    1.32 meV, RMSE_F=   63.01 meV / A, RMSE_stress=None meV / A^3
2026-05-08 01:57:19.961 DEBUG: Deleting old checkpoint file: checkpoints/local_li_mace_v1/li_mace_v1_3060ti_run-20260427_epoch-270_swa.pt
2026-05-08 01:57:19.967 DEBUG: Saving checkpoint: checkpoints/local_li_mace_v1/li_mace_v1_3060ti_run-20260427_epoch-272_swa.pt
2026-05-08 01:57:38.466 INFO: Epoch 273: head: Default, loss=0.01039654, RMSE_E_per_atom=    1.45 meV, RMSE_F=   61.06 meV / A, RMSE_stress=None meV / A^3
2026-05-08 01:57:38.471 DEBUG: Deleting old checkpoint file: checkpoints/local_li_mace_v1/li_mace_v1_3060ti_run-20260427_epoch-272_swa.pt
2026-05-08 01:57:38.476 DEBUG: Saving checkpoint: checkpoints/local_li_mace_v1/li_mace_v1_3060ti_run-20260427_epoch-273_swa.pt
2026-05-08 01:57:56.861 INFO: Epoch 274: head: Default, loss=0.01002379, RMSE_E_per_atom=    1.35 meV, RMSE_F=   59.44 meV / A, RMSE_stress=None meV / A^3
2026-05-08 01:57:56.864 DEBUG: Deleting old checkpoint file: checkpoints/local_li_mace_v1/li_mace_v1_3060ti_run-20260427_epoch-273_swa.pt
2026-05-08 01:57:56.869 DEBUG: Saving checkpoint: checkpoints/local_li_mace_v1/li_mace_v1_3060ti_run-20260427_epoch-274_swa.pt
2026-05-08 01:58:15.412 INFO: Epoch 275: head: Default, loss=0.00976873, RMSE_E_per_atom=    1.27 meV, RMSE_F=   58.38 meV / A, RMSE_stress=None meV / A^3
2026-05-08 01:58:15.416 DEBUG: Deleting old checkpoint file: checkpoints/local_li_mace_v1/li_mace_v1_3060ti_run-20260427_epoch-274_swa.pt
2026-05-08 01:58:15.420 DEBUG: Saving checkpoint: checkpoints/local_li_mace_v1/li_mace_v1_3060ti_run-20260427_epoch-275_swa.pt
2026-05-08 01:58:33.736 INFO: Epoch 276: head: Default, loss=0.00961500, RMSE_E_per_atom=    1.27 meV, RMSE_F=   57.37 meV / A, RMSE_stress=None meV / A^3
2026-05-08 01:58:33.740 DEBUG: Deleting old checkpoint file: checkpoints/local_li_mace_v1/li_mace_v1_3060ti_run-20260427_epoch-275_swa.pt
2026-05-08 01:58:33.745 DEBUG: Saving checkpoint: checkpoints/local_li_mace_v1/li_mace_v1_3060ti_run-20260427_epoch-276_swa.pt
2026-05-08 01:58:52.650 INFO: Epoch 277: head: Default, loss=0.00945365, RMSE_E_per_atom=    1.24 meV, RMSE_F=   56.58 meV / A, RMSE_stress=None meV / A^3
2026-05-08 01:58:52.653 DEBUG: Deleting old checkpoint file: checkpoints/local_li_mace_v1/li_mace_v1_3060ti_run-20260427_epoch-276_swa.pt
2026-05-08 01:58:52.658 DEBUG: Saving checkpoint: checkpoints/local_li_mace_v1/li_mace_v1_3060ti_run-20260427_epoch-277_swa.pt
2026-05-08 01:59:11.720 INFO: Epoch 278: head: Default, loss=0.00924769, RMSE_E_per_atom=    1.22 meV, RMSE_F=   55.33 meV / A, RMSE_stress=None meV / A^3
2026-05-08 01:59:11.723 DEBUG: Deleting old checkpoint file: checkpoints/local_li_mace_v1/li_mace_v1_3060ti_run-20260427_epoch-277_swa.pt
2026-05-08 01:59:11.729 DEBUG: Saving checkpoint: checkpoints/local_li_mace_v1/li_mace_v1_3060ti_run-20260427_epoch-278_swa.pt
2026-05-08 01:59:30.525 INFO: Epoch 279: head: Default, loss=0.00905810, RMSE_E_per_atom=    1.19 meV, RMSE_F=   54.40 meV / A, RMSE_stress=None meV / A^3
2026-05-08 01:59:30.528 DEBUG: Deleting old checkpoint file: checkpoints/local_li_mace_v1/li_mace_v1_3060ti_run-20260427_epoch-278_swa.pt
2026-05-08 01:59:30.535 DEBUG: Saving checkpoint: checkpoints/local_li_mace_v1/li_mace_v1_3060ti_run-20260427_epoch-279_swa.pt
2026-05-08 01:59:48.794 INFO: Epoch 280: head: Default, loss=0.00882262, RMSE_E_per_atom=    1.18 meV, RMSE_F=   52.85 meV / A, RMSE_stress=None meV / A^3
2026-05-08 01:59:48.798 DEBUG: Deleting old checkpoint file: checkpoints/local_li_mace_v1/li_mace_v1_3060ti_run-20260427_epoch-279_swa.pt
2026-05-08 01:59:48.802 DEBUG: Saving checkpoint: checkpoints/local_li_mace_v1/li_mace_v1_3060ti_run-20260427_epoch-280_swa.pt
2026-05-08 02:00:07.385 INFO: Epoch 281: head: Default, loss=0.00865748, RMSE_E_per_atom=    1.13 meV, RMSE_F=   52.08 meV / A, RMSE_stress=None meV / A^3
2026-05-08 02:00:07.391 DEBUG: Deleting old checkpoint file: checkpoints/local_li_mace_v1/li_mace_v1_3060ti_run-20260427_epoch-280_swa.pt
2026-05-08 02:00:07.397 DEBUG: Saving checkpoint: checkpoints/local_li_mace_v1/li_mace_v1_3060ti_run-20260427_epoch-281_swa.pt
2026-05-08 02:00:25.610 INFO: Epoch 282: head: Default, loss=0.00849802, RMSE_E_per_atom=    1.09 meV, RMSE_F=   50.96 meV / A, RMSE_stress=None meV / A^3
2026-05-08 02:00:25.614 DEBUG: Deleting old checkpoint file: checkpoints/local_li_mace_v1/li_mace_v1_3060ti_run-20260427_epoch-281_swa.pt
2026-05-08 02:00:25.619 DEBUG: Saving checkpoint: checkpoints/local_li_mace_v1/li_mace_v1_3060ti_run-20260427_epoch-282_swa.pt
2026-05-08 02:00:44.168 INFO: Epoch 283: head: Default, loss=0.00841616, RMSE_E_per_atom=    1.05 meV, RMSE_F=   50.97 meV / A, RMSE_stress=None meV / A^3
2026-05-08 02:00:44.173 DEBUG: Deleting old checkpoint file: checkpoints/local_li_mace_v1/li_mace_v1_3060ti_run-20260427_epoch-282_swa.pt
2026-05-08 02:00:44.177 DEBUG: Saving checkpoint: checkpoints/local_li_mace_v1/li_mace_v1_3060ti_run-20260427_epoch-283_swa.pt
2026-05-08 02:01:03.060 INFO: Epoch 284: head: Default, loss=0.00847329, RMSE_E_per_atom=    1.14 meV, RMSE_F=   51.72 meV / A, RMSE_stress=None meV / A^3
2026-05-08 02:01:21.826 INFO: Epoch 285: head: Default, loss=0.00835229, RMSE_E_per_atom=    1.02 meV, RMSE_F=   51.50 meV / A, RMSE_stress=None meV / A^3
2026-05-08 02:01:21.832 DEBUG: Deleting old checkpoint file: checkpoints/local_li_mace_v1/li_mace_v1_3060ti_run-20260427_epoch-283_swa.pt
2026-05-08 02:01:21.837 DEBUG: Saving checkpoint: checkpoints/local_li_mace_v1/li_mace_v1_3060ti_run-20260427_epoch-285_swa.pt
2026-05-08 02:01:40.220 INFO: Epoch 286: head: Default, loss=0.00822627, RMSE_E_per_atom=    1.02 meV, RMSE_F=   50.85 meV / A, RMSE_stress=None meV / A^3
2026-05-08 02:01:40.223 DEBUG: Deleting old checkpoint file: checkpoints/local_li_mace_v1/li_mace_v1_3060ti_run-20260427_epoch-285_swa.pt
2026-05-08 02:01:40.227 DEBUG: Saving checkpoint: checkpoints/local_li_mace_v1/li_mace_v1_3060ti_run-20260427_epoch-286_swa.pt
2026-05-08 02:01:58.673 INFO: Epoch 287: head: Default, loss=0.00808139, RMSE_E_per_atom=    1.03 meV, RMSE_F=   49.87 meV / A, RMSE_stress=None meV / A^3
2026-05-08 02:01:58.676 DEBUG: Deleting old checkpoint file: checkpoints/local_li_mace_v1/li_mace_v1_3060ti_run-20260427_epoch-286_swa.pt
2026-05-08 02:01:58.681 DEBUG: Saving checkpoint: checkpoints/local_li_mace_v1/li_mace_v1_3060ti_run-20260427_epoch-287_swa.pt
2026-05-08 02:02:17.031 INFO: Epoch 288: head: Default, loss=0.00799117, RMSE_E_per_atom=    0.94 meV, RMSE_F=   49.57 meV / A, RMSE_stress=None meV / A^3
2026-05-08 02:02:17.034 DEBUG: Deleting old checkpoint file: checkpoints/local_li_mace_v1/li_mace_v1_3060ti_run-20260427_epoch-287_swa.pt
2026-05-08 02:02:17.040 DEBUG: Saving checkpoint: checkpoints/local_li_mace_v1/li_mace_v1_3060ti_run-20260427_epoch-288_swa.pt
2026-05-08 02:02:35.454 INFO: Epoch 289: head: Default, loss=0.00801487, RMSE_E_per_atom=    0.92 meV, RMSE_F=   50.05 meV / A, RMSE_stress=None meV / A^3
2026-05-08 02:02:53.994 INFO: Epoch 290: head: Default, loss=0.00797591, RMSE_E_per_atom=    1.00 meV, RMSE_F=   50.10 meV / A, RMSE_stress=None meV / A^3
2026-05-08 02:02:53.997 DEBUG: Deleting old checkpoint file: checkpoints/local_li_mace_v1/li_mace_v1_3060ti_run-20260427_epoch-288_swa.pt
2026-05-08 02:02:54.003 DEBUG: Saving checkpoint: checkpoints/local_li_mace_v1/li_mace_v1_3060ti_run-20260427_epoch-290_swa.pt
2026-05-08 02:03:13.411 INFO: Epoch 291: head: Default, loss=0.00783304, RMSE_E_per_atom=    0.93 meV, RMSE_F=   49.22 meV / A, RMSE_stress=None meV / A^3
2026-05-08 02:03:13.416 DEBUG: Deleting old checkpoint file: checkpoints/local_li_mace_v1/li_mace_v1_3060ti_run-20260427_epoch-290_swa.pt
2026-05-08 02:03:13.422 DEBUG: Saving checkpoint: checkpoints/local_li_mace_v1/li_mace_v1_3060ti_run-20260427_epoch-291_swa.pt
2026-05-08 02:03:31.830 INFO: Epoch 292: head: Default, loss=0.00778732, RMSE_E_per_atom=    1.02 meV, RMSE_F=   49.19 meV / A, RMSE_stress=None meV / A^3
2026-05-08 02:03:31.833 DEBUG: Deleting old checkpoint file: checkpoints/local_li_mace_v1/li_mace_v1_3060ti_run-20260427_epoch-291_swa.pt
2026-05-08 02:03:31.837 DEBUG: Saving checkpoint: checkpoints/local_li_mace_v1/li_mace_v1_3060ti_run-20260427_epoch-292_swa.pt
2026-05-08 02:03:50.329 INFO: Epoch 293: head: Default, loss=0.00768355, RMSE_E_per_atom=    0.94 meV, RMSE_F=   48.52 meV / A, RMSE_stress=None meV / A^3
2026-05-08 02:03:50.333 DEBUG: Deleting old checkpoint file: checkpoints/local_li_mace_v1/li_mace_v1_3060ti_run-20260427_epoch-292_swa.pt
2026-05-08 02:03:50.337 DEBUG: Saving checkpoint: checkpoints/local_li_mace_v1/li_mace_v1_3060ti_run-20260427_epoch-293_swa.pt
2026-05-08 02:04:08.816 INFO: Epoch 294: head: Default, loss=0.00775157, RMSE_E_per_atom=    1.02 meV, RMSE_F=   49.37 meV / A, RMSE_stress=None meV / A^3
2026-05-08 02:04:27.337 INFO: Epoch 295: head: Default, loss=0.00771551, RMSE_E_per_atom=    1.00 meV, RMSE_F=   49.57 meV / A, RMSE_stress=None meV / A^3
2026-05-08 02:04:45.542 INFO: Epoch 296: head: Default, loss=0.00782497, RMSE_E_per_atom=    1.12 meV, RMSE_F=   50.64 meV / A, RMSE_stress=None meV / A^3
2026-05-08 02:05:04.344 INFO: Epoch 297: head: Default, loss=0.00834963, RMSE_E_per_atom=    1.56 meV, RMSE_F=   51.29 meV / A, RMSE_stress=None meV / A^3
2026-05-08 02:05:23.065 INFO: Epoch 298: head: Default, loss=0.00827994, RMSE_E_per_atom=    1.30 meV, RMSE_F=   52.52 meV / A, RMSE_stress=None meV / A^3
2026-05-08 02:05:41.507 INFO: Epoch 299: head: Default, loss=0.00787598, RMSE_E_per_atom=    1.10 meV, RMSE_F=   50.58 meV / A, RMSE_stress=None meV / A^3
2026-05-08 02:05:41.509 INFO: Training complete
2026-05-08 02:05:41.509 INFO: 
2026-05-08 02:05:41.510 INFO: ===========RESULTS===========
2026-05-08 02:05:41.548 INFO: Loading checkpoint: checkpoints/local_li_mace_v1/li_mace_v1_3060ti_run-20260427_epoch-224.pt
2026-05-08 02:05:41.695 INFO: Loaded Stage one model from epoch 224 for evaluation
2026-05-08 02:05:41.696 INFO: Saving model to checkpoints/local_li_mace_v1/li_mace_v1_3060ti_run-20260427.model
2026-05-08 02:05:41.917 INFO: Compiling model, saving metadata to models/local_finetuned_li_mace_v1/li_mace_v1_3060ti_compiled.model
2026-05-08 02:05:42.582 INFO: Computing metrics for training, validation, and test sets
2026-05-08 02:05:42.583 INFO: Skipping evaluation for heads: ['pt_head']
2026-05-08 02:05:42.584 INFO: Evaluating train_Default ...
2026-05-08 02:05:49.836 INFO: Evaluating valid_Default ...
2026-05-08 02:05:50.841 INFO: Error-table on TRAIN and VALID:
+---------------+---------------------+------------------+-------------------+---------------------------------------+
|  config_type  | RMSE E / meV / atom | RMSE F / meV / A | relative F RMSE % | RMSE Stress (Virials) / meV / A (A^3) |
+---------------+---------------------+------------------+-------------------+---------------------------------------+
| train_Default |           41.3      |         10.2     |          7.11     |                  None                 |
| valid_Default |           39.2      |         38.4     |         12.43     |                  None                 |
+---------------+---------------------+------------------+-------------------+---------------------------------------+
2026-05-08 02:05:50.842 INFO: Evaluating A_Perfect_Default ...
2026-05-08 02:05:51.045 INFO: Evaluating B1_Monovacancy_Default ...
2026-05-08 02:05:51.100 INFO: Evaluating B2_Divacancy_Default ...
2026-05-08 02:05:51.356 INFO: Evaluating C_StoneWales_Default ...
2026-05-08 02:05:51.554 INFO: Evaluating D_SiGraphene_Default ...
2026-05-08 02:05:51.636 INFO: Evaluating SP_A_Perfect_cell_center_Default ...
2026-05-08 02:05:51.692 INFO: Evaluating SP_A_Perfect_path02_top_central_C_to_top_offset_C_img04_Default ...
2026-05-08 02:05:51.749 INFO: Evaluating SP_B1_Monovacancy_bridge_C_C_Default ...
2026-05-08 02:05:51.805 INFO: Evaluating SP_B1_Monovacancy_path02_top_central_C_to_top_offset_C_img04_Default ...
2026-05-08 02:05:51.861 INFO: Evaluating SP_B2_Divacancy_bridge_C_C_Default ...
2026-05-08 02:05:51.920 INFO: Evaluating SP_B2_Divacancy_path02_top_central_C_to_hollow_C3_img03_Default ...
2026-05-08 02:05:51.975 INFO: Evaluating SP_C_StoneWales_cell_center_Default ...
2026-05-08 02:05:52.032 INFO: Evaluating SP_C_StoneWales_path02_top_central_C_to_top_offset_C_img04_Default ...
2026-05-08 02:05:52.090 INFO: Evaluating SP_D_SiGraphene_bridge_C_C_Default ...
2026-05-08 02:05:52.149 INFO: Evaluating SP_D_SiGraphene_path02_top_central_C_to_hollow_C3_img03_Default ...
2026-05-08 02:05:52.211 INFO: Error-table on TEST:
+----------------------------------------------------------------------+---------------------+------------------+-------------------+---------------------------------------+
|                             config_type                              | RMSE E / meV / atom | RMSE F / meV / A | relative F RMSE % | RMSE Stress (Virials) / meV / A (A^3) |
+----------------------------------------------------------------------+---------------------+------------------+-------------------+---------------------------------------+
|                          A_Perfect_Default                           |            5.4      |          9.3     |          6.56     |                  None                 |
|                        B1_Monovacancy_Default                        |            4.9      |          6.5     |         84.66     |                  None                 |
|                         B2_Divacancy_Default                         |            2.7      |         32.0     |         14.83     |                  None                 |
|                         C_StoneWales_Default                         |            3.2      |          5.7     |          8.48     |                  None                 |
|                         D_SiGraphene_Default                         |          108.2      |          3.7     |         35.07     |                  None                 |
|                   SP_A_Perfect_cell_center_Default                   |            5.3      |         23.7     |         10.87     |                  None                 |
|   SP_A_Perfect_path02_top_central_C_to_top_offset_C_img04_Default    |            5.3      |         14.7     |          8.16     |                  None                 |
|                 SP_B1_Monovacancy_bridge_C_C_Default                 |            5.0      |         13.7     |         11.30     |                  None                 |
| SP_B1_Monovacancy_path02_top_central_C_to_top_offset_C_img04_Default |            5.7      |         23.7     |          8.45     |                  None                 |
|                  SP_B2_Divacancy_bridge_C_C_Default                  |            3.1      |         17.2     |          9.04     |                  None                 |
|   SP_B2_Divacancy_path02_top_central_C_to_hollow_C3_img03_Default    |            2.9      |         15.6     |          7.04     |                  None                 |
|                 SP_C_StoneWales_cell_center_Default                  |            4.3      |         45.9     |         28.22     |                  None                 |
|  SP_C_StoneWales_path02_top_central_C_to_top_offset_C_img04_Default  |            4.2      |         18.0     |         15.66     |                  None                 |
|                  SP_D_SiGraphene_bridge_C_C_Default                  |          108.4      |         11.3     |          4.05     |                  None                 |
|   SP_D_SiGraphene_path02_top_central_C_to_hollow_C3_img03_Default    |          108.5      |          5.2     |          1.47     |                  None                 |
+----------------------------------------------------------------------+---------------------+------------------+-------------------+---------------------------------------+
2026-05-08 02:05:52.212 DEBUG: Running inference on train_Default dataset
2026-05-08 02:05:59.771 DEBUG: Running inference on valid_Default dataset
2026-05-08 02:06:00.783 DEBUG: Running inference on A_Perfect_Default dataset
2026-05-08 02:06:00.982 DEBUG: Running inference on B1_Monovacancy_Default dataset
2026-05-08 02:06:01.035 DEBUG: Running inference on B2_Divacancy_Default dataset
2026-05-08 02:06:01.262 DEBUG: Running inference on C_StoneWales_Default dataset
2026-05-08 02:06:01.442 DEBUG: Running inference on D_SiGraphene_Default dataset
2026-05-08 02:06:01.513 DEBUG: Running inference on SP_A_Perfect_cell_center_Default dataset
2026-05-08 02:06:01.566 DEBUG: Running inference on SP_A_Perfect_path02_top_central_C_to_top_offset_C_img04_Default dataset
2026-05-08 02:06:01.620 DEBUG: Running inference on SP_B1_Monovacancy_bridge_C_C_Default dataset
2026-05-08 02:06:01.667 DEBUG: Running inference on SP_B1_Monovacancy_path02_top_central_C_to_top_offset_C_img04_Default dataset
2026-05-08 02:06:01.716 DEBUG: Running inference on SP_B2_Divacancy_bridge_C_C_Default dataset
2026-05-08 02:06:01.767 DEBUG: Running inference on SP_B2_Divacancy_path02_top_central_C_to_hollow_C3_img03_Default dataset
2026-05-08 02:06:01.816 DEBUG: Running inference on SP_C_StoneWales_cell_center_Default dataset
2026-05-08 02:06:01.865 DEBUG: Running inference on SP_C_StoneWales_path02_top_central_C_to_top_offset_C_img04_Default dataset
2026-05-08 02:06:01.914 DEBUG: Running inference on SP_D_SiGraphene_bridge_C_C_Default dataset
2026-05-08 02:06:01.965 DEBUG: Running inference on SP_D_SiGraphene_path02_top_central_C_to_hollow_C3_img03_Default dataset
2026-05-08 02:06:02.225 DEBUG: STREAM b'IHDR' 16 13
2026-05-08 02:06:02.225 DEBUG: STREAM b'sBIT' 41 4
2026-05-08 02:06:02.225 DEBUG: b'sBIT' 41 4 (unknown)
2026-05-08 02:06:02.226 DEBUG: STREAM b'pHYs' 57 9
2026-05-08 02:06:02.226 DEBUG: STREAM b'IDAT' 78 1189
2026-05-08 02:06:02.227 DEBUG: STREAM b'IHDR' 16 13
2026-05-08 02:06:02.227 DEBUG: STREAM b'sBIT' 41 4
2026-05-08 02:06:02.227 DEBUG: b'sBIT' 41 4 (unknown)
2026-05-08 02:06:02.227 DEBUG: STREAM b'pHYs' 57 9
2026-05-08 02:06:02.227 DEBUG: STREAM b'IDAT' 78 2994
2026-05-08 02:06:02.242 DEBUG: STREAM b'IHDR' 16 13
2026-05-08 02:06:02.242 DEBUG: STREAM b'sBIT' 41 4
2026-05-08 02:06:02.242 DEBUG: b'sBIT' 41 4 (unknown)
2026-05-08 02:06:02.242 DEBUG: STREAM b'pHYs' 57 9
2026-05-08 02:06:02.243 DEBUG: STREAM b'IDAT' 78 374
2026-05-08 02:06:02.243 DEBUG: STREAM b'IHDR' 16 13
2026-05-08 02:06:02.244 DEBUG: STREAM b'sBIT' 41 4
2026-05-08 02:06:02.244 DEBUG: b'sBIT' 41 4 (unknown)
2026-05-08 02:06:02.244 DEBUG: STREAM b'pHYs' 57 9
2026-05-08 02:06:02.244 DEBUG: STREAM b'IDAT' 78 286
2026-05-08 02:06:02.245 DEBUG: STREAM b'IHDR' 16 13
2026-05-08 02:06:02.245 DEBUG: STREAM b'sBIT' 41 4
2026-05-08 02:06:02.245 DEBUG: b'sBIT' 41 4 (unknown)
2026-05-08 02:06:02.245 DEBUG: STREAM b'pHYs' 57 9
2026-05-08 02:06:02.245 DEBUG: STREAM b'IDAT' 78 263
2026-05-08 02:06:02.246 DEBUG: STREAM b'IHDR' 16 13
2026-05-08 02:06:02.247 DEBUG: STREAM b'sBIT' 41 4
2026-05-08 02:06:02.247 DEBUG: b'sBIT' 41 4 (unknown)
2026-05-08 02:06:02.247 DEBUG: STREAM b'pHYs' 57 9
2026-05-08 02:06:02.247 DEBUG: STREAM b'IDAT' 78 387
2026-05-08 02:06:02.248 DEBUG: STREAM b'IHDR' 16 13
2026-05-08 02:06:02.248 DEBUG: STREAM b'sBIT' 41 4
2026-05-08 02:06:02.248 DEBUG: b'sBIT' 41 4 (unknown)
2026-05-08 02:06:02.248 DEBUG: STREAM b'pHYs' 57 9
2026-05-08 02:06:02.248 DEBUG: STREAM b'IDAT' 78 436
2026-05-08 02:06:02.249 DEBUG: STREAM b'IHDR' 16 13
2026-05-08 02:06:02.249 DEBUG: STREAM b'sBIT' 41 4
2026-05-08 02:06:02.249 DEBUG: b'sBIT' 41 4 (unknown)
2026-05-08 02:06:02.249 DEBUG: STREAM b'pHYs' 57 9
2026-05-08 02:06:02.250 DEBUG: STREAM b'IDAT' 78 351
2026-05-08 02:06:02.250 DEBUG: STREAM b'IHDR' 16 13
2026-05-08 02:06:02.251 DEBUG: STREAM b'sBIT' 41 4
2026-05-08 02:06:02.251 DEBUG: b'sBIT' 41 4 (unknown)
2026-05-08 02:06:02.251 DEBUG: STREAM b'pHYs' 57 9
2026-05-08 02:06:02.251 DEBUG: STREAM b'IDAT' 78 364
2026-05-08 02:06:02.317 DEBUG: Plotting failed: 'rmse_stress'
2026-05-08 02:06:02.326 INFO: Loading checkpoint: checkpoints/local_li_mace_v1/li_mace_v1_3060ti_run-20260427_epoch-293_swa.pt
2026-05-08 02:06:02.450 INFO: Loaded Stage two model from epoch 293 for evaluation
2026-05-08 02:06:02.451 INFO: Saving model to checkpoints/local_li_mace_v1/li_mace_v1_3060ti_run-20260427_stagetwo.model
2026-05-08 02:06:02.773 INFO: Compiling model, saving metadata models/local_finetuned_li_mace_v1/li_mace_v1_3060ti_stagetwo_compiled.model
2026-05-08 02:06:03.350 INFO: Computing metrics for training, validation, and test sets
2026-05-08 02:06:03.351 INFO: Skipping evaluation for heads: ['pt_head']
2026-05-08 02:06:03.352 INFO: Evaluating train_Default ...
2026-05-08 02:06:10.508 INFO: Evaluating valid_Default ...
2026-05-08 02:06:11.556 INFO: Error-table on TRAIN and VALID:
+---------------+---------------------+------------------+-------------------+---------------------------------------+
|  config_type  | RMSE E / meV / atom | RMSE F / meV / A | relative F RMSE % | RMSE Stress (Virials) / meV / A (A^3) |
+---------------+---------------------+------------------+-------------------+---------------------------------------+
| train_Default |            0.3      |         18.0     |         12.50     |                  None                 |
| valid_Default |            0.9      |         48.5     |         15.70     |                  None                 |
+---------------+---------------------+------------------+-------------------+---------------------------------------+
2026-05-08 02:06:11.557 INFO: Evaluating A_Perfect_Default ...
2026-05-08 02:06:11.772 INFO: Evaluating B1_Monovacancy_Default ...
2026-05-08 02:06:11.836 INFO: Evaluating B2_Divacancy_Default ...
2026-05-08 02:06:12.091 INFO: Evaluating C_StoneWales_Default ...
2026-05-08 02:06:12.278 INFO: Evaluating D_SiGraphene_Default ...
2026-05-08 02:06:12.358 INFO: Evaluating SP_A_Perfect_cell_center_Default ...
2026-05-08 02:06:12.417 INFO: Evaluating SP_A_Perfect_path02_top_central_C_to_top_offset_C_img04_Default ...
2026-05-08 02:06:12.480 INFO: Evaluating SP_B1_Monovacancy_bridge_C_C_Default ...
2026-05-08 02:06:12.538 INFO: Evaluating SP_B1_Monovacancy_path02_top_central_C_to_top_offset_C_img04_Default ...
2026-05-08 02:06:12.598 INFO: Evaluating SP_B2_Divacancy_bridge_C_C_Default ...
2026-05-08 02:06:12.656 INFO: Evaluating SP_B2_Divacancy_path02_top_central_C_to_hollow_C3_img03_Default ...
2026-05-08 02:06:12.716 INFO: Evaluating SP_C_StoneWales_cell_center_Default ...
2026-05-08 02:06:12.774 INFO: Evaluating SP_C_StoneWales_path02_top_central_C_to_top_offset_C_img04_Default ...
2026-05-08 02:06:12.830 INFO: Evaluating SP_D_SiGraphene_bridge_C_C_Default ...
2026-05-08 02:06:12.888 INFO: Evaluating SP_D_SiGraphene_path02_top_central_C_to_hollow_C3_img03_Default ...
2026-05-08 02:06:12.947 INFO: Error-table on TEST:
+----------------------------------------------------------------------+---------------------+------------------+-------------------+---------------------------------------+
|                             config_type                              | RMSE E / meV / atom | RMSE F / meV / A | relative F RMSE % | RMSE Stress (Virials) / meV / A (A^3) |
+----------------------------------------------------------------------+---------------------+------------------+-------------------+---------------------------------------+
|                          A_Perfect_Default                           |            0.1      |         12.8     |          9.01     |                  None                 |
|                        B1_Monovacancy_Default                        |            0.0      |         13.2     |        173.27     |                  None                 |
|                         B2_Divacancy_Default                         |            0.5      |         42.5     |         19.71     |                  None                 |
|                         C_StoneWales_Default                         |            0.2      |         17.8     |         26.41     |                  None                 |
|                         D_SiGraphene_Default                         |            0.1      |          5.0     |         47.81     |                  None                 |
|                   SP_A_Perfect_cell_center_Default                   |            0.0      |         31.5     |         14.47     |                  None                 |
|   SP_A_Perfect_path02_top_central_C_to_top_offset_C_img04_Default    |            0.0      |         20.1     |         11.18     |                  None                 |
|                 SP_B1_Monovacancy_bridge_C_C_Default                 |            0.1      |         18.1     |         14.98     |                  None                 |
| SP_B1_Monovacancy_path02_top_central_C_to_top_offset_C_img04_Default |            0.4      |         36.6     |         13.03     |                  None                 |
|                  SP_B2_Divacancy_bridge_C_C_Default                  |            0.2      |         23.4     |         12.30     |                  None                 |
|   SP_B2_Divacancy_path02_top_central_C_to_hollow_C3_img03_Default    |            0.4      |         19.1     |          8.58     |                  None                 |
|                 SP_C_StoneWales_cell_center_Default                  |            6.8      |         82.0     |         50.40     |                  None                 |
|  SP_C_StoneWales_path02_top_central_C_to_top_offset_C_img04_Default  |            0.9      |         30.5     |         26.46     |                  None                 |
|                  SP_D_SiGraphene_bridge_C_C_Default                  |            0.1      |         17.2     |          6.13     |                  None                 |
|   SP_D_SiGraphene_path02_top_central_C_to_hollow_C3_img03_Default    |            0.0      |          9.3     |          2.60     |                  None                 |
+----------------------------------------------------------------------+---------------------+------------------+-------------------+---------------------------------------+
2026-05-08 02:06:12.948 DEBUG: Running inference on train_Default dataset
2026-05-08 02:06:20.457 DEBUG: Running inference on valid_Default dataset
2026-05-08 02:06:21.463 DEBUG: Running inference on A_Perfect_Default dataset
2026-05-08 02:06:21.649 DEBUG: Running inference on B1_Monovacancy_Default dataset
2026-05-08 02:06:21.697 DEBUG: Running inference on B2_Divacancy_Default dataset
2026-05-08 02:06:21.953 DEBUG: Running inference on C_StoneWales_Default dataset
2026-05-08 02:06:22.136 DEBUG: Running inference on D_SiGraphene_Default dataset
2026-05-08 02:06:22.208 DEBUG: Running inference on SP_A_Perfect_cell_center_Default dataset
2026-05-08 02:06:22.258 DEBUG: Running inference on SP_A_Perfect_path02_top_central_C_to_top_offset_C_img04_Default dataset
2026-05-08 02:06:22.314 DEBUG: Running inference on SP_B1_Monovacancy_bridge_C_C_Default dataset
2026-05-08 02:06:22.366 DEBUG: Running inference on SP_B1_Monovacancy_path02_top_central_C_to_top_offset_C_img04_Default dataset
2026-05-08 02:06:22.412 DEBUG: Running inference on SP_B2_Divacancy_bridge_C_C_Default dataset
2026-05-08 02:06:22.462 DEBUG: Running inference on SP_B2_Divacancy_path02_top_central_C_to_hollow_C3_img03_Default dataset
2026-05-08 02:06:22.513 DEBUG: Running inference on SP_C_StoneWales_cell_center_Default dataset
2026-05-08 02:06:22.562 DEBUG: Running inference on SP_C_StoneWales_path02_top_central_C_to_top_offset_C_img04_Default dataset
2026-05-08 02:06:22.613 DEBUG: Running inference on SP_D_SiGraphene_bridge_C_C_Default dataset
2026-05-08 02:06:22.662 DEBUG: Running inference on SP_D_SiGraphene_path02_top_central_C_to_hollow_C3_img03_Default dataset
2026-05-08 02:06:22.856 DEBUG: STREAM b'IHDR' 16 13
2026-05-08 02:06:22.856 DEBUG: STREAM b'sBIT' 41 4
2026-05-08 02:06:22.856 DEBUG: b'sBIT' 41 4 (unknown)
2026-05-08 02:06:22.856 DEBUG: STREAM b'pHYs' 57 9
2026-05-08 02:06:22.857 DEBUG: STREAM b'IDAT' 78 1189
2026-05-08 02:06:22.857 DEBUG: STREAM b'IHDR' 16 13
2026-05-08 02:06:22.857 DEBUG: STREAM b'sBIT' 41 4
2026-05-08 02:06:22.857 DEBUG: b'sBIT' 41 4 (unknown)
2026-05-08 02:06:22.857 DEBUG: STREAM b'pHYs' 57 9
2026-05-08 02:06:22.858 DEBUG: STREAM b'IDAT' 78 2994
2026-05-08 02:06:22.861 DEBUG: STREAM b'IHDR' 16 13
2026-05-08 02:06:22.861 DEBUG: STREAM b'sBIT' 41 4
2026-05-08 02:06:22.861 DEBUG: b'sBIT' 41 4 (unknown)
2026-05-08 02:06:22.861 DEBUG: STREAM b'pHYs' 57 9
2026-05-08 02:06:22.861 DEBUG: STREAM b'IDAT' 78 374
2026-05-08 02:06:22.862 DEBUG: STREAM b'IHDR' 16 13
2026-05-08 02:06:22.862 DEBUG: STREAM b'sBIT' 41 4
2026-05-08 02:06:22.862 DEBUG: b'sBIT' 41 4 (unknown)
2026-05-08 02:06:22.863 DEBUG: STREAM b'pHYs' 57 9
2026-05-08 02:06:22.863 DEBUG: STREAM b'IDAT' 78 286
2026-05-08 02:06:22.863 DEBUG: STREAM b'IHDR' 16 13
2026-05-08 02:06:22.864 DEBUG: STREAM b'sBIT' 41 4
2026-05-08 02:06:22.864 DEBUG: b'sBIT' 41 4 (unknown)
2026-05-08 02:06:22.864 DEBUG: STREAM b'pHYs' 57 9
2026-05-08 02:06:22.864 DEBUG: STREAM b'IDAT' 78 263
2026-05-08 02:06:22.865 DEBUG: STREAM b'IHDR' 16 13
2026-05-08 02:06:22.865 DEBUG: STREAM b'sBIT' 41 4
2026-05-08 02:06:22.865 DEBUG: b'sBIT' 41 4 (unknown)
2026-05-08 02:06:22.865 DEBUG: STREAM b'pHYs' 57 9
2026-05-08 02:06:22.865 DEBUG: STREAM b'IDAT' 78 387
2026-05-08 02:06:22.866 DEBUG: STREAM b'IHDR' 16 13
2026-05-08 02:06:22.866 DEBUG: STREAM b'sBIT' 41 4
2026-05-08 02:06:22.866 DEBUG: b'sBIT' 41 4 (unknown)
2026-05-08 02:06:22.866 DEBUG: STREAM b'pHYs' 57 9
2026-05-08 02:06:22.867 DEBUG: STREAM b'IDAT' 78 436
2026-05-08 02:06:22.867 DEBUG: STREAM b'IHDR' 16 13
2026-05-08 02:06:22.867 DEBUG: STREAM b'sBIT' 41 4
2026-05-08 02:06:22.867 DEBUG: b'sBIT' 41 4 (unknown)
2026-05-08 02:06:22.868 DEBUG: STREAM b'pHYs' 57 9
2026-05-08 02:06:22.868 DEBUG: STREAM b'IDAT' 78 351
2026-05-08 02:06:22.868 DEBUG: STREAM b'IHDR' 16 13
2026-05-08 02:06:22.869 DEBUG: STREAM b'sBIT' 41 4
2026-05-08 02:06:22.869 DEBUG: b'sBIT' 41 4 (unknown)
2026-05-08 02:06:22.869 DEBUG: STREAM b'pHYs' 57 9
2026-05-08 02:06:22.869 DEBUG: STREAM b'IDAT' 78 364
2026-05-08 02:06:22.939 DEBUG: Plotting failed: 'rmse_stress'
2026-05-08 02:06:22.942 INFO: Done
